title,year,rating,description,genres
Awkward Gawker,2025,10.0,"After accidentally going viral, our apologetic hero encounters unhinged adversaries and unhelpful childhood heroes on her quest to keep her job.",
Lost The Plot,2025,10.0,"Yung T, an aspiring actor decides to star in an advert to get some attention, only to discover he hasn't made a single dime of it but is noticed by one producer, this all leads him to go down the path of the criminal underworld.",
IShowSpeed: Early Stream! (My mom's kinda homeless),2021,10.0,"Famous Streamer IShowSpeed has an unexpectedly significant live stream where he mainly plays Fortnite. In a wild Fortnite stream, IShowSpeed cracks up over a kid's plea: ""My mom is kinda homeless"". This stream is often hailed as one of Speed's most influential early works. Runtime: 4 hours 23 minutes Viewer verdict: A 10/10 cult classic for the ages.",
H4pPy 6iR7hd4y D3n M4rK,2025,10.0,Ang munting short film.,
Real Criminals,2022,10.0,"A struggling scam artist plans the robbery of a local bake shop. So with the help of his friends, a robbery is planned and (sort of) executed. Life will never be the same for this group of misfits just trying to make their dreams come true.",
THE SUPER GUIDE DEFINITELY EPIC FRAGRANT AND BIUTIFUL OF RPG,2025,10.0,"In this work from IES 025, a group of RPG players from a mystical and distant land, as usual, schedule another regular game. However... everything changes when they receive a visit from a new (and very well-known) player...",
Yesno,2009,10.0,,
Dead Race,2025,10.0,"Famous un-dead monsters face off, in a race to the death, against the Grim Reaper!",
The Debate,2024,10.0,"Rising tensions in America. Nick Casal and Kevin Alcazar are set to face off in their first debate of the 2024 election, moderated by Eric Shun. Both candidates will address the issues in the country such as the ongoing wars, inflation, and more.",
Caméra Spectrale,2025,10.0,,
Alfa & Bravo,2025,10.0,,
The Dented Zone,2025,10.0,"A parody short film that explores the delusional world of an internet streamer who believes he’s more important than he really is. Blending surreal visuals and exaggerated dialogue, the film satirizes online fame, gamer culture, and the isolation that comes with living life entirely on the internet. Inspired by real-life streamer DarkSydePhil, it offers a darkly comedic look at ego, denial, and digital downfall.",
The Royal Reveal,,10.0,Rose interrogates strangers about their inner princess...,
Inner Reckoning,2024,10.0,A highschooler has to fight off his inner demons while attempting to finish a short film for an application.,
El día que murió la música,2025,10.0,,
Poemes Visuals,1990,10.0,The recorded set of acts performed by Jordi Bertran,
Cheap Thrill,2020,10.0,"Upon making a thrifty purchase online, our frugal shopper is in for more than he bargained for.",
Amor,2025,10.0,"A methodical man, devoted to his career as a computer engineer and to an apparently perfect marriage with Patrícia. But on his wedding anniversary, the unexpected discovery of a stranger in his home triggers a chain of revelations that call into question everything he believes in. In a game of manipulation and hidden motives, love proves to be far more complex and destructive than he was ever taught to believe.",
The Fruitless Endeavour,2025,10.0,"Two fruit bandits run a scam: one steals fruit from backyards, the other sells it back to the owners. However the morality of their actions catches up with them.",
Succession,,10.0,"The Roy family is known for controlling the biggest media and entertainment company in the world. However, their world changes when their father steps down from the company.",
Habis Gelap Terbitlah Terang,,10.0,,
Nicky Nicky Nine-Door,2007,10.0,Deleted scene from Nirvanna the Band the Show. Nicky Nicky Nine Doors up and down the Scarborough Bluffs.,
(HEAD!) Over Heels,2025,10.0,"A witch is late for the date she is hosting at her messy, magic-filled apartment. To make matters worse, her ""normal"" date arrives in the middle of her cleaning. The witch must quell the growing magical chaos in her kitchen while also maintaining her magical secrecy from her date!",
The Shoe,,10.0,"After a walk in the woods, Ralph returns home to find his shoe is possessed, and ready to kill him.",
LUCKYBOY,2021,10.0,A sock puppet tries to find his moment in the limelight as a musician in Boston.,
The Veiled,2025,10.0,War. Bloodshed. Betrayal. The Father's territory will be claimed at any cost.,
"""The Bit""",2025,10.0,"Entertainment mogul Hugh Lou joins a high-stakes meeting with President Brown and Tax Audit, where buried secrets and hidden agendas come to light. As tensions rise, they navigate a web of power, deception, and unexpected revelations, all while trying to stay one step ahead of an unseen force that threatens to upend everything.",
You Gotta Have Faith,2025,10.0,"Faith, love, and irony collide when a priest's sacred duty is to marry the only woman he ever loved - to someone else.",
A True Act of Comedy,2024,10.0,"In a society desensitized to extreme horror and violence, a young aspiring writer, Robin, grapples with the changing times and his mentally unstable best friend, Reggie, who will do whatever it takes to reach the top.",
The Will,2025,10.0,"Testament is a humorous and emotional story set in a Bosnian village and the industrial city of Zenica in the early 1990s. It portrays, in a uniquely local way, the importance of a will and the consequences of its absence within Bosnian culture. Through the lives of ordinary people, the film weaves together a series of small conflicts and misunderstandings over inheritance, tradition, and human relationships, where old customs collide with a reality full of human flaws: gambling, gossip, love, and petty theft.  The main character, Asad, after losing his father’s inheritance, must navigate the world of industrial Zenica, local taverns, and everyday rural troubles, aided by his best friend Dževad, a charming man constantly facing his own challenges while seeking shortcuts to every solution.",
Kundi,2025,10.0,Jakob was a pundi and had a kundi.,
Erntezone - Harvesting Zone,2025,10.0,"The harvesting zone has been flooded. This shouldn't be a problem, if it wasn't up to young trainee Tiran to check the zone. Sadly he overslept again and his time is running up before the delivery spaceship appears.",
Nicolaj Lange - Halvvejs,2025,10.0,,
Batman and the Oscar Night Interrogation,2025,10.0,"In this Batman movie, shot only within 3 hours, without a script and edited in only a week....  Batman and his (so called) pal, Commissioner James Gordan, interrogate the Joker for his craziest crime yet... peeing on a bus. But what starts as an absurd accusation soon escalates into a conspiracy more twisted than they could have ever predicted.",
Sore,2025,10.0,A disgruntled opera performer wakes up to a sore throat. He must do everything he can to get rid of this sore throat before his performance that evening. Will the night end in disaster? Or will our performer give the performance of a lifetime?  The first film school student short film by Peter Challis.,
Vampire Elvis,2025,10.0,"Las Vegas, 1972. In a decade drenched in blood, confusion, and paranoia, a new serial killer lurks beneath the neon shadows, ripping bodies apart. And what was once America’s glittering playground has now become a neon-lit graveyard, paralyzed with horror. But this isn’t your average homicidal psychopath. This one walks, talks, and sings like an angel... but behind his mask lies an unholy hunger that is nowhere near being fulfilled.  VAMPIRE ELVIS is a vile, carnal, grim, and seductive grindhouse relic, coming from the darkest corner of hypnagogic nightmares. A bizarre love letter to cult cinema, where rock 'n' roll rots, icons collapse, and desire outweighs reason.  You’ve never seen a vampire film like this. And you sure as hell ain’t seen HIM like this.  So turn the lights low. Lock the door. And whatever you do... don’t let HIM in!",
Catstody,2025,10.0,"Two roommates, Kitty and Cat, are moving out of their apartment and need to decide who gets custody of their beloved cat, Robert.",
Cendres,2025,10.0,,
"The Good, the Bad, and the Bloodthirsty",2023,10.0,An old-fashioned western town is thrown for a loop when a mysterious bounty hunter comes to town right as the townsfolk suspect a vampire is in their midst...,
Título Provisório,,10.0,,
How I Met Your Masi,2025,10.0,"The epic tale of an extraordinary South Asian sisterhood. This sort of two-person, sort of auto-biographical show loosely parodies its namesake sitcom, as Arasha & Lily journey through a series of flashbacks to reveal the unexpected story of how their friendship turned from icy to spicy.",
Sombréro,1986,10.0,"Sombrero is a 1986 crime comedy by Algerian director Rabah Bouberras, produced by ENTV. A gang smuggles precious diamonds hidden in a Mexican sombrero through customs, but the hat is stolen and passed from head to head, from one person to another, throughout the Algerian capital. Everyone sets out to find it...",
Türk İşi Korku Filmi,2015,10.0,,
Can't Kill A Cowboy,2025,10.0,"Can’t Kill A Cowboy documents the story of Billy the Kid, an American outlaw and gunfighter who was killed by Sheriff Pat Garrett in 1881. Having been reincarnated in present-day Ohio, Billy must navigate a modern world where he feels he does not belong. With his skeptical best friend Brandon by his side, he sets out to forge a new legacy by bringing his Wild West antics to his sleepy Midwest town.",
Le Temps d'une Tartine,2025,10.0,,
Bachelors Handbag,2025,10.0,"During a laid-back Aussie barbecue, Damien returns to find the roast chicken missing. As suspicion spreads among his mates, accusations fly and chaos erupts in this comedic suburban whodunit.",
The Shape,2025,10.0,A short horror comedy thriller about a mysterious shape terrorizing two college roommates.,
Date a Woman,2025,10.0,"Date A Woman is the ONLY SHOW where one lucky man gets to, welp, date a woman. If only it were that simple.  In the latest episode, eligible bachelorette Brooke is forced to choose between three extremely normal and polite bachelors. Will she choose Jonathan the entrepreneur, Jackson the podcaster, or Jason the fitness influencer?",
Brains,2025,10.0,"As far as substitute teachers go, Norman Elle is a first. Being a zombie has its share of obstacles, and between managing classroom experiments and hiding his secret, surviving a regular school day proves to be much more difficult than he expected.",
El Show de Cejas Pobladas,2017,10.0,,
"Almost Funny, Season 2",2025,10.0,"A variety show created entirely within VRChat, but made for everyone, even your aunt. With Season 2, Gab Jankums, the co-host, now heads the show up? With the main host missing, anything could happen! Experience an anthology of comedy that will go places you'd never expect!",
Connection At The End Of The World,2025,10.0,"Jay and Sam are a perfect match. They meet for some food and drinks at the local bar when news breaks of a possible apocalyptic-level event. Nuclear annihilation is nigh, but this wouldn't be the first time the world was coaxed into panic by false pretenses. Jay and Sam wonder whether it is another false alarm or approaching oblivion.",
WORMS,2025,10.0,"A directionless young man enrols in an alpha-male bootcamp, where raw meat, brutal workouts and injectable supplements promise to forge warriors – but as his mind and body begin to rapidly deteriorate, he soon finds himself locked into mortal combat with the worm ravaging his brain.",
Noches de Terror con Muerte al Buen Cine vol.1,2023,10.0,"This story begins a rainy night in the city Nezahualcóyotl, as good horror stories start, with thunder, an authoritarian state, the horoscope and other things, but this particular story starts with a vampire...",
Clover,2025,10.0,,
Déjà Vu: The Conundrum of Cassie,2025,10.0,Cassie Cole's life is a dark comedy on steroids. Her parrot is kidnapped by the Russian Mob. Her wheelchair stalker has turned serial killer. She discovers her dead singing teacher's mysterious clicking box and sleeps in bed with it. This Dolly Parton wannabe is surrounded by unsolved murders. Detective O'Shea doesn't believe a word Cassie says and her shrink is dumbfounded. Cassie must resolve her conundrum or become the next victim.,
Karakondzula 2,2020,10.0,"He is back, but this time he is making no mistakes.",
PEDDLERS,2025,10.0,Two small-time dealers are hunted after they begin selling a product that belongs to a rival gang.,
Além das Aparências,2025,10.0,"Muniz falls in love with Felipe, whose love is reciprocated, but Muniz doesn’t have the courage to leave his wife and prefers to keep up appearances. It remains to be seen how long this charade will last.",
Cool Cat vs Dirty Dog 'The Virus Wars',2023,10.0,"Cool Cat loves to protect kids, but Dirty Dog hates children. Mad because Coronavirus is fading away, Dirty Dog makes his own virus to infect the kids – the Dirty Dog Virus! But the virus becomes a national threat, and Cool Cat must stop it to save the kids! Can Cool Cat stop Dirty Dog and save your life?",
La Nuggets De Trop,2025,10.0,,
The King of Forks,2025,10.0,"A humanitarian is tasked with transporting a box of unknown contents. When his vehicle becomes immobilized in the heart of a relentless desert, he continues on foot, accompanied by a mysterious companion he meets along the way.",
Les patates sont cuites !,2025,10.0,,
Between Us,2025,10.0,"A couple, after ending their relationship on rocky terms, come to realize neither of them have anywhere to go and must continue to live together in a cramped apartment while trying to move on.",
B:ARE!,2024,10.0,"Melek (12) is a 5th grade elementary school student who was the subject of a joke from his teacher, Mr. Koqhar (40). This made her feel ostracized in front of the class. Therefore, she sought out the answer and revealed the secret of her name to her father at home. But when she brought the answer back to class, Melek realized that it wasn't the answer that mattered, but the courage to speak up in front of her",
Diary of a Wimpy Kid: Freshman Year,2022,10.0,"When Jeff Kinney, author of Diary of a Wimpy Kid, gets fed up with writing the same book over and over again for 20 years, he finally decides to stop holding back and give Greg the craziest adventure of his life.",
VI UNOS MARCIANOS COMIENDO EN MI COCINA,2025,10.0,,
Bananacide,2025,10.0,A PSA on why bananas are a danger to our society,
Meet The Metahumans,2025,10.0,"Two ego-driven artificial intelligence maniacs Cosmo and Max, who are driven and designed to take over humanity, battle it out in a 1980’s Cyberpunk retro-video game world called ‘Game Over’, where the locations resembles a very real world. Can our Heroes, two Human game characters who are controlled by Cosmo and Max, escape this meta-reality and the clutches of the Metahumans ?  A short film about Grief. The loss of family and friends during the Pandemic.",
#SGSG - Srinivasa Govindha Sri Venkatesha Govindha,2025,10.0,"A boy who ate chicken briyani which was considered as non vegetarian after he ate tirupathi laadu, which was known as devotional food, he ate that after eating non vegetarian, that causes some problems in his life, what he faced if he comes out from the problem or not.",
CreatorCraft,2025,10.0,the legendary live action movie where people cry and dragons die....,
Bank or Death: On the Edge of Rivalry,2025,10.0,"Santiago and Diego plan a heist against the Zimmerman Bank, but legendary mobster Alfredo Margharette and renowned drug dealer Franz Shitzenfartz are ready to put an end to the duo's plans.",
Mexican Standoff (ft. Key & Peele),2013,10.0,Two agents track down their target and get caught in an ever-escalating standoff in which allegiances are tested and true motivations are revealed.,
Esta no la puede oír mi jefita,2022,10.0,,
Tarea de Filosofía Sin Título,2022,10.0,,
Tetanus,2025,10.0,"A man is infected with tetanus, but refuses to accept the truth.",
The Philosophers' Football Match,,10.0,,
Spot #637,2025,10.0,,
THIS IS JUNKIEMONKIE,2025,10.0,A bad director and his cameraman stumble through a failing film project.,
Tom and Jerry: Chaos Chronicles,2025,10.0,"Jerry breaks glass of milk and he runs away with Tom to outside; Jerry throws dynamite to Tom then explodes, Tom goes to sleep he dreams about food such pizza cheeseburger chicken drumstick until about Spike bulldog and Spike beats Tom in Tom's dream, Tom wakes up to mocking Spike bulldog, Spike comes to Tom and he's angry then Spike beats Tom, Tom wants beat Meccano with punching and kicking but Meccano beats Tom, Jerry kills Meccano with dynamite, At the end Spike bulldog Chases Tom then Tom Chases Jerry",
Loki IRL,2025,10.0,"After numerous losses, aspiring artist Bianca and her living cartoon demon, Loki, are called out online. To prove they're not idiots they had to beat up an influencer.",
Welcome to Eltingville,2002,10.0,"The misadventures of four boys who are big fans of comic books, toys, trading cards, and science fiction.",
Mystery Inc.,2025,10.0,"When a string of murders begin to take place around the quaint town of Coolsville, four teenagers must come together and stop this sinister force, before it is too late.",
Watermelon of Death,2025,10.0,"Three friends sit down to enjoy a watermelon, but its taste is unlike anything they expected—strange, unsettling, almost wrong. Two of them stop, but one refuses to give up and keeps eating. His stubbornness leads to one devastating event, a single moment so terrible it changes everything. A chilling horror where one bite is enough to seal your fate.",
Archive of My Own,2025,10.0,"Missed it the first time? This is your encore.  Join us for the exclusive premiere screening of the recorded performance of Archive of My Own — the critically acclaimed comedy play by Annabel McConnachie, originally performed at the Hudson Guild Theater on July 24th, 26th, and 27th as part of the New York Theater Festival.  On August 5th, Archive of My Own proudly took home Best Production and Best Director (Zoé Zifer) at the NY Theater Festival Awards. Now, for the first time, experience the magic of this award-winning play on screen.  ABOUT THE SHOW: A coming-of-age story for the fanfic generation.‘Archive of My Own’ explores a young woman’s struggle to reconcile the steamy, highly choreographed love scenes from her fanfiction past with the jarringly messy and unpredictable world of real-life intimacy – through a series of her own authentic, verbatim Glee fanfiction excerpts.",
Soy de pueblo,,10.0,,
Town Owls,2025,10.0,Sam and Callum get lost on their way to film a wedding and end up having an existential crisis as they try and get back on track. Will they make it to the wedding in time?,
Delusion (Short Film),2020,10.0,"Delusion (Short Film)  In the bustling environment of a fine arts college, an introverted student tries to remain invisible, absorbed in his sketches. But when an arrogant classmate begins to intrude on his fragile space, irritation festers into an unexpected storm. Blurring the line between inner turmoil and outward reality, Delusion is a tense exploration of ego, silence, and the battles we fight within.",
Cain's Tears,1980,10.0,"The satirical short movie about traitors of Soviet Ukraine who mask their betray for ""wishing for Ukraine's independence"" through the history since 1918 up to modern times. Was considered lost, but was found in Latvian film fund in the year 2025.",
Everybody Hates Communication,2025,10.0,"Chris and his friends live ordinary days inside the Federal University of Paraná's Department of Social Communication — Professor Toni's class, lunch at the University Restaurant, photography practice in the studio... Until a terrifying discovery threatens Chris's permanency at the university. A reimagining of the classic ""Everybody Hates Chris,"" and filled with references from ""The Fresh Prince of Bel-Air"" to ""Mean Girls,"" this short film reflects on the experiences of black people within the university in a sharp and comical way.",
Street Man,2025,10.0,"Having been fired from the police force, Street Man and his buddy, Private Richard Rash, fight crime as vigilantes. Together they must defeat the crafty thief Robbin Walitz while also narrowly escaping the clutches of the hardened police chief Jack Mehoff.",
El mejor burdel de Teruel,2025,10.0,,
Le jour le plus chaud,2025,10.0,,
Sleep,2023,10.0,A short film made by three students who are trying to escape the reality.,
Evil Bookstore,2025,10.0,"When an innocent bookstore awakens a century-old evil, a world of terror rises. Dare you face the dead?",
Echec emouvant,2025,10.0,,
Vlog de l'année 2024-2025,2025,10.0,,
Lizzie,2020,10.0,An evil little girl's parents decide to take drastic measures into their own hands by hiring a local nanny to reform their daughter.,
"OH, DEER",2025,10.0,"When a couple's explosive argument is interrupted by a tragic accident, the night takes a turn they never saw coming.",
Ti Amo Quando Menti,2025,10.0,,
L'OUBLI : COURT MÉTRAGE EN 18 PLANS,2025,10.0,,
L'utile et l'agréable,,10.0,,
Sacred Bathing Stories,2023,10.0,"""Welcome to another ""Relatos da Vida do Nosso País"". Today, we have with us Mr. João Ezequiel, who will tell us about some events in his life.""",
Suicide Helpline,2023,10.0,"This short sketch shows us what a day in the life of Teotónio, a suicide hotline operator, is like.",
Me At The Beach: The Documentary,2022,10.0,"""Me At The Beach: The Documentary"" is a documentary, but I think everyone had already gotten to this point. However, it's not just a documentary, but the documentary that will definitively close this ""Silly Season 2022."" Here, we'll present the various beach phenomena that have been studied over the past month, and I won't say more to avoid spoilers!",
The Space Adventures: And the Search for Adventure,2025,10.0,"The year is 2020. The evil aliens, led by The Evil Lord Leader, his son Avengerson, and his right hand man The Blakester, have taken over the galaxy silently and discreetly. They have infiltrated all aspects of the government and police. A human resistance lead by Noah McKoolaid is the galaxy's only hope. Expert Human Resistance Soldiers and brothers, Landon and Evan Rhodus, are sent on an adventure to defeat the aliens once and for all. Teaming up with brothers Joey and Huck Wegierski, brothers Kyle and Mason Barnes, Noah's brother Eli McKoolaid, and Timothy Goebel, Landon and Evan battle their way through space, traverse the seas on a pirate ship, nearly escape capture in Las Vegas, and even TIME TRAVEL to defeat the evil aliens! Landon, Evan, and the rest of their rebel friends are the final hope the galaxy has at freedom!",
Gnome Hunting Found Footage,2025,10.0,"A trio of amateur documentarians venture into the mysterious Gnome Forest- a vast woodland clouded in myths and urban legends- and record their findings, vowing to show the world that Gnomes really do exist. The following is the bone chilling unedited footage of their documentary.  Will the three succeed in proving Gnomes’ existence or will they suffer a grizzly fate at the hand of the very creature they are trying to hunt…",
Les Cinéastes,2024,10.0,,
Hello?,2025,10.0,"He tries to live, to connect, to be part of the world, but every door he finds is always closed. No one sees him, no one listens to him. One day, he discovers the reason for his loneliness.",
Cold Hard Cash,2025,10.0,"Two incompetent robbers, two even less competent police officers. See how fate treats these criminal innovators in Cold Hard Cash.",
Slap Jack,2025,10.0,"In this thrilling short film ""Slap Jack,"" three boys embark on a perilous journey to save their friend from a fateful decision. Drew (Griffin Edge), Miles (Malachi Mack), and Neal (Cade McGuffee) discover that their friend Julian (Gavin McCullock) has run away with the intention of killing the drunk driver who caused his mother’s death years ago. Determined to prevent Julian from making an irreversible mistake, the trio sets off on a multiple-day trek to Carson Valley. Along the way, they uncover Julian’s meticulous plans and face numerous obstacles, testing their friendship and resolve. The climax of their journey leads to a dramatic confrontation that will change their lives forever.",
TOP-10 USERS OF SHIKIMORI (IRON!),2025,10.0,"A short experimental existential film dedicated to the study of the best users of the Shikimori-forum united by love for the anime ""Monster"" and ""Myshonok Pik"". Inspired by the works of Andrei Tarkovsky and filmed in the best traditions of flickers.",
Ufff Yeh Siyapaa,2025,10.0,"Kesari Lal Singh’s wife leaves him, believing he was flirting with the neighbor—he wasn’t. To make matters worse, a drug parcel is mistakenly delivered to his home, leading to chaos when a dead body turns up. As he tries to dispose of it, another body arrives, plunging him deeper into mayhem.",
Peace & Quiet,2025,10.0,"Bailey and Julian are a pair of ordinary twenty-something housemates: they’re sleep-deprived, stressed, and have a major ghost problem. While Julian attempts to deal with their unwelcome house-guest, Bailey finds that ignoring it entirely is the best coping mechanism. This inevitably crumbles when she comes face to face with her reality.",
Merry Christmas Doctor Who,1978,10.0,"The Doctor, Romana and K9 drink in the TARDIS in celebration of Christmas.",
Karakondzula,2018,10.0,"Two popular youtubers receive fanmail,but very soon they realize that this is not normal fanmail,it was sent by a psychopath.",
The Cotton Candiholic,2025,10.0,"This is a tale of a young former employee of the month, suffering with his cotton candiholism after his last shift at his job, to which he gave his all. Which begs the question, what happens now?",
Crystal Tears,,10.0,"In this mockumentary, we follow amateur documentary filmmaker and poodle aficionado Flávia on a journey in search of Cristal, a flamboyant poodle and former showbiz star who is trying to adjust to a new stage in her life.  Amid fond conversations about a glamorous past and simple strolls by the sea, Flávia captures with a keen eye the difficulties, anxieties, and small joys of a former star.",
Nothing we can do,2025,10.0,"When Meena, Dew, and Jane are abducted by a mysterious woman called Pin, who offers an opportunity to see a future, they have to find a way to escape by using the most human method of all: guessing",
No Money Down,2025,10.0,Chuck is down on his luck but hopes to make one last sale to save his skin. He just happens to knock on Everett's door at the worst possible time.,
The School of Rock: Who Am I,2025,10.0,"A spirited high school girl goes through a self-discovery journey, while writing an admission letter.  This short film won the 2025 TIFF Next Wave 48-Hour Film Challenge.",
Sasha Dolgopolov: Pressure Makes Diamonds,2025,10.0,"Sasha Dolgopolov's second stand-up special in English, filmed in Berlin",
Forbidden Fruit,2023,10.0,"After a failed heist, thieves Van Buren and Roosevelt journey through a rustbelt town's criminal underbelly in an attempt to save their lives and their relationship.",
Backstabbed,2025,10.0,Three musicians are hired to produce the soundtrack for a famous director's next film.,
Attempted Murder,2025,10.0,"When a socially awkward teen, Daniel, discovers the identity of the infamous “Jack-O’-Lantern Killer,” he sees a dark path to fulfilling his deepest desires. Mentored by the killer himself, Daniel aims to carry on the gruesome legacy, but his own ineptitude threatens to derail all of his hopes and dreams.",
Ross Ryler,2025,10.0,"Ross Ryler is a few weeks away from becoming a deputy under the honorable sheriff Liam Colson, but when his predecessor is viciously killed and left in the woods, all eyes turn to Ross. Fleeing town to avoid wrongful arrest, Ross must figure out how to survive and clear his name.",
Hold On,,10.0,,
I'm Staying Alive,2024,10.0,"A short film that covers one episode of “Zoranova pošta”podcast. When Zoran, the host, welcomes a new guest, the conversation takes an unexpected turn.",
Heds 2,2011,10.0,Red and Ted find discover the beauty and danger of cloud thoughts.,
Defectives,2025,10.0,"After being discarded by their owner, two AI robots embark on a journey to reunite with them. However, as they begin to experience their newfound freedom, they start to question the true purpose of their digital lives.",
Innermost Heart,2024,10.0,"What happens when two eccentric individuals—a grandfather and his grandson—are forced to spend an entire weekend together? Based on stories and screenplay written by Olivér Gömbös, a young creator on the autism spectrum. For many years, Olivér has been expressing himself and his view of the world through unique film narratives. With a talented creative team and outstanding actors, director Tamás Németh Pákolicz has helped bring Olivér’s greatest cinematic dream to life.",
Sticky,,10.0,"Set against the backdrop of the relentless pursuit of stardom in Tinseltown, ‘Sticky’ delves deep into the lives of three intertwined souls, each grappling with their own demons amidst the whirlwind of love, manipulation, and the chilling realization that in Hollywood, the line between obsession and rejection is dangerously thin.",
Slow Ass Night,2025,10.0,"When a bored worker looks for something to do on his fruitless shift, he finds something that adds a kick to the SLOW ASS NIGHT.",
The Ballad of Cory Ligouri,2025,10.0,"Cory Liguori (a money obsessed young man) has luck with Jimmy Blackbeards pirate coin and suddenly becomes extremely wealthy. In the process of gaining all this wealth, Cory ignores and thus enraging Ian (Cory's best friend) pushing him to his breaking point...",
NOSFREAKATU,2025,10.0,,
Paper Airplane,2025,10.0,Two high schoolers scared of their future create a magical paper airplane.,
Die Die Again,2025,10.0,"After a man dies in an incredibly stupid way, he refuses to enter heaven until he can go back and die in a cooler way.",
Открытие,2025,10.0,"Five aspiring directors, five short stories about the discovery of cinema. Each short story is an independent story exploring how cinema begins, how it influences us and where the line between the screen and reality lies. The film almanac has the widest range of genres, themes, geography of authors, time of action and even frame format. It can be a short sketch from the set, where the lighting technician suddenly changes places and importance with the most influential auteur director; preparation for the first film screening in Rus'; a conversation between friends immediately after the film; a story of a difficult choice between creative freedom and a career; and finally, a free interpretation of the 1986 film about the life of a simple fisherman from Kaliningrad.",
The Condom Fairy,2025,10.0,"An overworked Condom Fairy makes sure college hookups are keeping it wrapped up, all the while his love life is unraveling.",
【3D DEBUT】GIIII~MURIN! × 3D Gigi Murin desu #GIGI3D,2025,10.0,"The debut 3D stream from Hololive English talent Gigi Murin, featuring comedy, music, and plenty more! Originally streamed on Youtube on August 2nd, 2025",
Buddies,2020,10.0,A story of a cube that meets another cube.,
ILLVILLE,2024,10.0,"While law enforcement works overtime to cure Illville’s drug problem, Officer Jimmy Lynch kills a teenage boy. Unbeknownst to Jimmy, the boy is the nephew of the notorious drug lord, Slim.",
GOUNOD,2025,10.0,"A misfit high school girl Iona gets invited to slumber party. Only when she arrives, something isn't right. An unexpected night unfolds all under the gaze of Gounod.",
Another Fine Myth (Fan Film),,10.0,"A solo-created fan film adaptation of Robert Asprin’s Another Fine Myth, bringing the beloved fantasy-comedy novel to life with original visuals, voice-over, and music. Inspired by the iconic cover art by Fangorn, this non-commercial project captures the spirit, humor, and magic of the source material through a personal, independent lens.  Currently releasing in storyboard-based chapters, approximately 15 minutes each",
Clausible Deniability,2024,10.0,"Santa Claus has been murdered. It is up to the crack-team of detectives Sylvester Slydewisel and Eliza Eggnog to solve the case that leads them to mysterious suspects, late-stage capitalism, and their own inner demons.",
The Subtleties of Desire,2025,10.0,"A young man, down on his luck, finds a mysterious bottle. The contents of which can grant him anything he desires.",
Bloody Sundae,2009,10.0,"A vampire fan-girl, lost in the woods and searching for a Dairy Queen, stumbles across a cannibal whom she excitedly mistakes for a vampire. Flabbergasted, the cannibal decides to play along with the fan-girl's delusions by claiming he is a vampire and inviting her to his cabin, where he plans on killing and eating her. The fan-girl, none the wiser, excitedly accepts.",
ED & LUCY,2025,10.0,A porcelain doll and an egg with legs host a program in which they talk about aliens.,
The Raisin Chronicles: Part 2,2025,10.0,Samuel wants his raisins. He'll do anything to get them back.,
A Flash in The Pan,2025,10.0,"Curt Connerstone recreates his favorite movie scenes with his friends for fun. After posting them online, he very quickly blasts to superstardom. Now, the world is begging him to make an original film.",
Slouching Towards Branson,2025,10.0,"The film version of the theatrical performance ""Slouching Towards Branson,"" shot at concerts during the 2024 ""Slouching Towards Bethlehem Tour."" Written and performed by Will Wood, shot & edited by Jake Feldman.",
35 страница,2025,10.0,"34-year-old Moscow writer Igor Angelevskiy for the third time failed to win Russia's main literary prize. After the award ceremony, the hero's wallet is stolen, which contains the only memory of his mother. Hearing the news about the theft, 20-year-old pickpocket Aldar decides to read Angelevskiy's books and is so fascinated by them that he becomes Igor's student. The writer sees in the young man a brilliant storyteller with rich life experience. After a while, Angelevskiy and Aldar become friends.",
Welcome to Class 6,2019,10.0,,
The Dead Dog,2025,10.0,"With the help of their best friend, a pair of siblings hold a memorial service for their dog who just died.",
Anniversary,2022,10.0,A middle-aged woman and her best friend rush to make her over for the anniversary dinner she’s sure her husband is surprising her with.,
A fully furnished house is always easier to deal with... right?,2025,10.0,An accountant buys a house and becomes obsessed with purchasing the perfect boat.,
Madre Draco,2018,10.0,"Markarth is shaken awake by a strange sight: a colossal dragon calmly seated in the middle of the town square. Initially assumed to be a threat, the townsfolk panic and report it to King Erik. In response, he dispatches the kingdom’s finest — Dragon Slayer Xander — to eliminate the creature.  But things aren’t as simple as they seem. As Xander prepares to strike, the mother dragon’s children emerge from hiding, revealing that this wasn’t an invasion — it was a family seeking refuge. Before anyone can act further, the town is suddenly stormed by aliens, throwing the entire narrative off course.",
Howler,2017,10.0,"In the foggy town of Hemlock Springs, a string of animalistic killings has left the townspeople terrified. Caroline (Alvin Soprano), a sarcastic high school senior with a love for B-movies, starts to suspect something supernatural when her classmate Donnie (Victorius Kingston) begins acting extra weird… even for a teenage boy.",
L'important c'est d'y croire,2025,10.0,,
再见，坏蛋,2025,10.0,,
The Redeemables Part 2,2025,10.0,A true events squatter comedy that focuses on New York City's landlord tenant laws. When his love interest invites suspicious people to move into his house a young man seeks out ways to evict them which includes hiring want-to-be mobsters,
Victoria Beckham: Coming to America,2007,10.0,An insider's look at the life of former Spice Girl Victoria Beckham and her world famous footballer husband David Beckham as they move their family from England to Southern California.,
Boxxy,2024,10.0,"Boxxy is a cardboard box left by the roadside, full of dreams, watching the world in motion. One day, an unexpected push sets off a wild ride through obstacles and emotions — and from that moment, nothing will ever be the same.",
Stomachache,2025,10.0,"A woman over works herself to the point that she begins overeating, but, after eating uncooked food, she becomes grotesquely ill and unable to work properly",
The Men From Down Under,2025,10.0,Two Australian gangsters attempt to have a peaceful picnic but they soon become suspicious of each others actions and the would be peaceful getaway plunges into total madness.,
The Curse of the Al Simhara Mummy,2011,10.0,"An eccentric archaeologist named Simdiana Phones travels to the scorching sands of Al Simhara, Egypt, in search of a legendary sarcophagus said to belong to the world’s oldest cursed soul. Upon unsealing the tomb, Simdiana unwittingly unleashes a powerful mummy — setting off a frantic chase through ancient traps, catacombs, and inexplicably disco-lit corridors.",
Goblins: Are They Real?,2025,10.0,The following video shows the tragic tale of obsession gone too far. In the summer of 2023 three teens led by the Eclectic Eoin Reitman went on a daring expedition to prove his brothers death was at the hands of Goblins!,
America's Next Top Daddy Dom,2025,10.0,"Three daddy doms, found on craigslist, are looking for ""little girls"" (adults roleplaying as little girls). The three little girls ask their potential daddies questions to determine whether they can be their next daddy dom.",
On Palatine Hill,2025,10.0,"On Palatine Hill follows three brothers, Thomas, Caleb, and Adam, reuniting in their childhood home after the death of their father. Their father leaves behind the task of trekking into the woods and finding his hidden will, forcing the boys to reconcile with their past relationships with one another and what the future looks like for them, all while being haunted by their past relationships with their father.",
Howard,2025,10.0,"When two old college acquaintances meet up after years apart, it becomes clear that one of them has a beastly secret.",
What’s Yours Is Mine,2025,10.0,,
Off-Script,2025,10.0,"A couple are watching a horror film, however the main character in the film notices the camera. She gets out.",
De Leerkrachten,2025,10.0,,
Brian Piton : Joe Spectacle,,10.0,,
Mascamierdas,,10.0,"After 30 years without any progress from the authorities, a detective agency sets out to unravel the Mascamierdas case: a twisted serial killer who inexplicably ends entire families every December 13th.",
Clash For Cash,2023,10.0,"After the price of their streaming service increases, an eccentric group of thieves take it upon themselves to rob one of the least secure banks in the city.",
He Was Eighteen,2025,10.0,A boy sets out to have his first kiss.,
Hikes Of Darkness,2025,10.0,Documentary filmmaker Rupert Tothington chronicles the troubled production of famed director Maximillian Silverstein's latest feature film.,
Bacon Sandwiche(s),2025,10.0,"7 Insane, 1 Normal, all with multiple ideas. All have a project due to make a short film. Which idea gets picked? How crazy do they get? All we can tell you is that viewer discretion... is Heavily Advised.",
"The David Robert Pollock Show: Fear God, Die And Be Forgotten",2025,10.0,"David Robert Pollock is missing, loved ones have disappeared, and out of desperation the crew of The David Robert Pollock Show turn to the dark arts. As they say, the show must go on!",
Lazybones,2025,10.0,"After a devastating breakup, Moss Henry searches for a sense of purpose by volunteering as a dummy for a women's self-defense class.",
Camp Hardwood,,10.0,A group of horny dudes deal with their wood and a not so horny dude with an axe.,
A Latte To Change,2025,10.0,"A college outcast wakes up in an alternate reality where the campus crush is the outcast and he's the one who's popular, he must navigate twisted power dynamics and blurred truths to find his way back—only to discover that love, no matter how complicated, might be the key to it all.",
Divine Intervention,2025,10.0,"Late one night, a man and a woman are each sitting alone at a bar. Evelyn notices Joe and gives off signs of interest. Joe is mutually interested but chickens out from taking any action and Evelyn leaves. There’s nothing new about this scene. It has happened thousands of times and will happen thousands more.  But what if we could see the potential opportunities we cut off from ourselves when we chicken out of taking action? What if there was the possibility of a do-over? On this night, for Joe Montgomery, there is. An angel visits Joe and informs him how Evelyn would be a great match for him. Evelyn returns; and with an angel that only he can see as his wingman, Joe gets a second chance at a beautiful opportunity.",
THE STOP,2025,10.0,"A seemingly calm young man waits at a bus stop, listening to music. However, his peace is disrupted by oblivious passersby. Soon, they will realize that sometimes, it's important to pay attention to what's happening around them.",
Cody Hales - GLOBETOPIA (A Short Film),,10.0,"Hugh Jass has become Mayor of the glowing city of Globetopia, giving him the chance to bring his evil plans to life. Follow Cody as he attempts to stop Hugh Jass and save Globetopia from impending doom.",
Lamb To The Slaughter,2025,10.0,Based on a Roald Dahl Short Story.,
Tur De Zur,2025,10.0,Three best friends learn life-changing lessons at an awful house party.,
Rad Dude’s Guide to Love and Manhood,,10.0,"At a Valentine's Day party, Mikey Maverick has only one goal: To get as much attention as possible, no matter the cost. But when he begins to make the party hell on Earth for all involved, Mikey is forced to finally face his emotions head on.",
The Man with Glasses,2025,10.0,A new action-comedy by karim amini,
"Matilda, la Tremenda",2020,10.0,,
Rubbish Bouquet,2025,10.0,"When a college student leaves his rubbish behind, his whole day takes a strange turn.",
Une Histoire De Clope,2025,10.0,,
La Mafia,2025,10.0,"Straight out of Esnaola Music School, “El Fondo” brings a chaotic, low-budget take on the classic card game “Mafia.” It's thrilling, it's inventive... it's cinema.",
Mentiras: El Musical - 10 Años,2021,10.0,"Celebration of the tenth anniversary of the play Mentiras: El Musical premiered in streaming format.  The musical takes place during the eighties, where 4 women meet to discover something they have in common: they love the same man! The story unravels in the company of the greatest hits that marked several generations of Mexican music, television and cinema.",
Muppet*Vision 3D,1991,10.0,"The Muppets present a brand-new display of 3D film technology, bringing along their usual shenanigans and chaos.",
Annoying Roommates kept on taking advantage of Her but then She ... !!,2021,10.0,"Catherine, a small town girl moved into the city, while working at a 5-star hotel. Things go really bad for her when she finds out who her roommates truly are...",
V,2013,10.0,Lee Junghyun's 2013 music video directed by park chan-wook,
I Think My Dad's a Cyborg and I Think He Killed My Mum,,10.0,"A lonely year after his mother’s death, awkward hermit Peter is still no closer to his father, and he thinks he knows the reason why; a reason which he must confront at the family gathering before the secret spirals out of control...his dad MUST be a murderous cyborg.",
The Egg Bandit,2025,10.0,"A vicious bandit steals an absurd amount of eggs from the local grocery shops in Massachusetts. Once the police captures him, they discover there might be more to the story.. or are they just wasting their time by playing the bandits game?",
Uncle Floyd's New Jersey,2018,10.0,"A live-streamed documentary of Hackensack, New Jersey, involving the anecdotal encounters of comedy legend Floyd Vivino, better known as Uncle Floyd.",
Open Mic,,10.0,"At an open-mic party, Abigail strives to break her  boundaries with a new found connection she has made with a daring woman.",
popstar,2021,10.0,"A young singer dreaming of viral stardom finds herself torn between her pre and post-fame identities, leading herself down a path of certain destruction.",
The Head Returns,2020,10.0,"No one knows what is true. The last known surviving witness recalled a murderous dummy head commanded by a mysterious man in a dark trench coat. The original incident was initially considered to be the result of vivid hallucinations and mass insanity. But over the past 20 years, the doctor's research has led him to be a believer.",
Ordinary Success,2024,10.0,"Armed with a crappy cell phone and some unruly microphones, Iker and Andreu document the ordinary beauty of Valencia. However, they discover that ordinary can be anything except ordinary.",
Lone Stars,2023,10.0,"""Lone Stars"" is a heartwarming mockumentary that follows the misadventures of Jo Ellen and Dan Burnevik, a lovable music duo known by all in the vibrant Georgetown, Texas. Their claim to fame is their catchy song ""Lonestar,"" and want nothing more than a sponsorship with the iconic Lone Star Beer. Desperate for marketing material, Jo Ellen and Dan hire two out-of-work filmmakers to shoot content. But after the filmmakers initial attempt at shooting high quality video fails, Jo Ellen and Dan consider hiring a replacement. In an attempt to win them back, the two filmmakers convince one of their friends to act as a Lone Star Beer Executive and convince Jo Ellen and Dan to stick around.",
63 Minutes of Great Comedy - A Stand Up Comedy Special,2025,10.0,"Geoffrey Asmus' completely unedited 65 minute set from the Sacramento Punchline on March 30, 2025.",
Everything but the Truth...,2025,10.0,"When a pompous legal consultant is found dead during a blackout at a secluded holiday home, two detectives must untangle a web of conflicting accounts from five eccentric suspects. As strange flashbacks and buried grudges emerge, nothing is quite what it seems.",
Alegria,2024,10.0,,
Saving Shuli-San,2025,10.0,"After the Israeli box office success of the first film, Avihu, Betzalel, and Natty return to theaters - this time, to save Shuli from the Japanese mafia, the Yakuza. The trio embarks on a wild adventure across Japan, along with Bat Sheva, Shuli's boss at his Tokyo restaurant job, and Roboko - a female android. Along the way, they'll have to face ninjas, the Yakuza, the crazy Japanese culture - and complete their biggest challenge: Saving Shuli. Again.",
Noin,2003,10.0,,
FORA DA CASCA,2024,10.0,,
LOTUSLAND,2025,10.0,A girl thinks she can get a glimpse of the afterlife and ropes her friend into it.,
Feral Female,2025,10.0,"An exotic animal hunter is brought in to capture a dangerous, undomesticated girl, as she terrorizes hikers near L.A.",
Pray Not to Die,2025,10.0,,
LONGPIG,2019,10.0,"Briana goes to her neighbor Susan's barbecue cookout. Although feeling as if something is off, she attempts to enjoy the party. After some strange discoveries, Briana suspects Susan may be serving her husband to the neighborhood.",
What the Heck Is Going On.,2025,10.0,Three people struggle to comprehend a rapidly evolving reality.,
Knucklebones,2025,10.0,A compulsive person has to have all his decisions made by the roll of a die.,
Chet Bueller: Attorney at Law,,10.0,A lawyer enlists the help of his former client to get his dog back from the clutches of his ex-wife.,
"Pluma, in quarantine",2020,10.0,"A gentle animated short about Pluma, a little pig adapting to life in quarantine during the COVID-19 pandemic.",
In Terms of Tomorrow,2025,10.0,"Preparing for their debut performance in the Big Apple, Chase & Lucas discover that their old muse, Serena, is in town.",
Meus Sentimentos,2025,10.0,"During a man’s funeral, his mother, his wife, and his daughter gather to pay tribute to his memory. When they realize that none of them actually wrote the speech, a discussion arises, marked by old tensions and words that say more than they intend.",
He thinks He Owns Her and She doesn't know He is a Psycho !!,2021,10.0,"He is always angry and everyone at work was scared of him, but then after he met her, he changed for the better. But little does she know about his psychotic past. WATCH NOW: https://www.youtube.com/watch?v=giURsfOtGNo",
He was a Ladies' Man but They wanted Him to take Her life !!,2021,10.0,"Dan owed money to the Chinese mafia; however, he was given the choice to get scot-free - by taking the life of a rich man's daughter. Except that every time he attempted to take her life, it only got worse for him. WATCH NOW: https://www.youtube.com/watch?v=e4UpjS9j5oE",
Flawless New Amazon Alexa,2023,10.0,A boy fights against an oppressive AI that controls his whole life.,
"Honey, I'm Home!",2025,10.0,"Step back in time to the golden age of television with Honey, I’m Home!, a brand-new 1950s-style sitcom short film that’s all smiles, charm, and just a dash of chaos!  In this delightful episode, our picture-perfect couple sets out for a quiet dinner together, but their plans are served well-done when a relentlessly chatty waiter keeps popping up like a bad jingle! Can they enjoy their meal in peace, or will their night out become a comedy of interruptions?",
Entitled Karen Insulted Her and got her Fired from her Job !!,2025,10.0,"An entitled karen enters a small seaside cafe, only to make a fuss about nothing. In the end, she complained to the manager to get the barista fired. Having no where to go, Joana with her only daughter, was forced to do the unthinkable. WATCH NOW: https://www.youtube.com/watch?v=C5kflWRCrvI",
This Is Not A Drill,2025,10.0,"The 174 Workshop's newest recruit is ready to get on the tools, but first he'll need to survive corporate's mandatory Work Health and Safety Training.",
In and Out,2025,10.0,Hipis’ gang gives Oskar one last chance to stay alive. He has to pull off a big deal to buy his way out of their hands. It was supposed to be a quick job — but it turns out his partner is a complete lunatic.,
Jerry's Big Secret,2025,10.0,"A ""tragic"" look into the life of a young man named Jerry, struggling to open up to his girlfriend about his deepest, darkest secret.",
An Arm and a Leg,2025,10.0,"After getting into her dream college, Jenna quickly realizes that the price of tuition is far more expensive than she can afford. In a desperate attempt to earn some extra cash, she starts working some side hustles that she believes are sure to make her some dough. However, as the odd jobs keep getting odder, Jenna will come to realize that the cost of attending college is more than just money.",
The Movie That Was Never Made,2025,10.0,"A film with no beginning, no end, no cast, no crew just the haunting idea of a movie that was never made and can never be remembered.",
The End,2020,10.0,"Set during the eve of doomsday. We focus on the emotional turmoil that Ian finds himself in when he has to make a decision regarding whom to spend his last evening with: his wife, Sharon, or his lover, Amy.",
One Way To Go,2013,10.0,"This black comedy takes place in the span of a morning and afternoon where we enter the lives of two awkward young English adults who have been forced into living with their authoritarian Italian grandmother who resides in Malta. Together they like skinning animals for fun and, after skinning their first cat, things get out of hand.",
A Terrible Plan,2025,10.0,An aspiring thief tries his hand at cat burglary…with mixed results.,
Chlorine,2025,10.0,© familyvideostore 2025,
Sleight of Hand,,10.0,A purse snatcher has an unpredictable trick up her sleeve to confuddle an unlucky passerby. Antics follow.,
A Different World,1987,10.0,"A Different World is an American sitcom television series and a spin-off of The Cosby Show. It aired for six seasons on NBC from September 24, 1987, to July 9, 1993.The series originally centered on Denise Huxtable (Lisa Bonet) and the life of students at Hillman College, a fictional historically black college in Virginia. It was inspired by student life at historically black colleges and universities",
KUROZOKU,2025,10.0,,
I Hate Tears of the Kingdom,,10.0,A feature length review and critique of Tears of the Kingdom. It's both comic and tragic; you'll laugh and you'll cry.,
In Trousers,1979,10.0,"The one-act musical centers on Marvin, who has a wife and children. He recalls the past relationships he shared with, among others, his high school sweetheart and Miss Goldberg, his English teacher who let him play Christopher Columbus in the school play, and then reveals he prefers to be with men. Torn between his natural inclination and his desire not to upset his family life as he knows it, Marvin ultimately makes the decision he feels is best for him.",
Straw Man,2025,10.0,"After a night of tickle fights and pickle fights, Max wakes up on the floor to find his best friends have no idea who he is.",
Television,2025,10.0,A gorilla must fend off a horde of people who want to take his prized possession: a television.,
Why Am I Here?,2025,10.0,"A young woman wakes up in her bathtub with no memory of how she got there, triggering a chain of events that unravels her reality.",
You Don't Understand,2025,10.0,"A man is convinced that if he stops moving, he’ll explode- much like the bus in Speed (1994).",
Fingerbib,2025,10.0,"Tim Schwochow abandons his finger puppet web series, disheartened by the fact that no one is watching.",
Rain Check,2025,10.0,"Go behind the scenes of the short film Rain Check, a genre-bending, cerebral drama that was plagued by on-set tension and runaway egos.",
"KUROZOKU, la bataille pour CROWS",2025,10.0,,
Curta O Falso Prodígio,2024,10.0,,
Santa Inocencia,,10.0,,
Margarita,2025,10.0,,
I Beat Plants Vs Zombies 2 With ONLY BEANS,2024,10.0,Whoie attempts to beat all of Plants vs. Zombies 2 using only the beans that can be used in that game.,
This Is Not,2025,10.0,"When Ty attends his friend group's annual costume party, he becomes the target of mind games and humiliation from Trey, a charismatic newcomer with an underlying darkness.",
Vignettes,2024,10.0,Alex bleeds out at a get-together. Thom searches for a vanished shoe. Jimmy seeks revenge through mind control.,
The Doctor Who Escape Room: Team Third Doctor,2025,10.0,"The cast and crew of Doctor Who take part in an escape room challenge were they must solve puzzles and escape in under 70 minutes. In this addition Team Third Doctor (Katy Manning, Sadie Miller & Daisy Ashford) attempt to escape the room of doom! Featured as an extra on The Collection Season 7 BluRay boxset.",
The Websim Movie,2025,10.0,"In a world where the internet bends to imagination, Websim.ai becomes the gateway to an ever-evolving realm of virtual exploration. From nostalgic recreations of lost websites to surreal digital playgrounds, this experimental documentary dives deep into the minds of indie creators and digital artists reshaping the way we experience the web. Blending tech history, retro aesthetics, and interactive storytelling, Websim movie is both a love letter to the early internet and a bold look at the future of simulated webspace.",
Un Viaje Completo,2025,10.0,"Pollo lives in the living room of Pelao, unemployed and lost. One morning, he wakes up and unknowingly eats some 'special' brownies that will introduce him to a very peculiar character—an  insufferable Completo",
P.A. (Pirates Anonymous),2025,10.0,A group of retired pirates meet to discuss their good old days.,
What the Pintman Covets,2025,10.0,"Three old friends, visiting their old watering hole in the city for the first time in years, are faced with the reality of a changing world when the recent past comes back to haunt them.",
The Moldy Peaches Documentary,2009,10.0,Follow Adam Green and Kimya Dawson on their silly adventure as they create their first album.,
Ferozza,2024,10.0,"When Sigismund Von Beckmann, the head of the Kraken, is overthrown within his criminal organization by the cruel Ferozza, he must join forces with his worst enemy: Philippe Lascaze. Lascaze, aka Cerberus, is a former French agent who has given up his life as a spy to become a star of the silver screen. The two of them will do everything in their power to thwart the plans of the cruel Ferozza and her deadly virus.  Ferozza is an ode to the spy craze of the 1960s - a tribute directly inspired by the words of French dialog legend Michel Audiard and the animal presence of James Bond. Enjoy this sun-drenched spy comedy, where the supporting cast are stars in their own right.",
Plumpin,2025,10.0,Meet Plumpin!  A character from the minds of Ivan Dixon and the team at Studio Showoff.  This animated short film premiered at Pictoplasma 2025 and went on to screen at multiple festivals worldwide. It won Best Australian Animation at MIAF. It was scored by ‪Felix Colgrave‬ and animated by ‪Studio Showoff‬,
Les Semelles du quartier,,10.0,"In an inner courtyard of a working-class neighborhood, in the heart of the 1950s, Charlotte discovers a barefoot, inconsolable child. She sets out to retrieve his pair of shoes, hanging from an electrical wire above their heads. Soon, neighbors of all kinds join the effort. But the task proves much more difficult than it first appears.",
ORIGAMI,2025,10.0,,
Livet er en Lek,1996,10.0,,
My Dead Dad's Funeral,2025,10.0,"Riley needs to spread her estranged father’s ashes at his childhood home, but her dark day takes a bizarre turn.",
Midnight Snack,2025,10.0,"Cassy is awoken by her sleep paralysis demon. She doesn't scream. Instead, she invites him over for the sleepover of a lifetime.",
Alerte à Saint-Malo,2024,10.0,,
O Grande Encontro de Ana Maria Pasca e Gregor Mendel (póstumo),,10.0,,
L'empreinte du Coeur,2025,10.0,,
Million Dollar Extreme Presents: Extreme Peace,2025,10.0,"After 10 years, Sam Hyde, Nick Rochefort, Charls Carroll, and Erick Hayden ARE BACK! The most controversial sketch comedy show of the decade returns with 6 brand new 30-minute episodes!",
BØDE,2023,10.0,,
The Moving Pyramid,2001,10.0,"A charming animated short that tells the story of corruption, power and revolution. This short combines traditional, papercut and computer animation and was completed in two years using Softimage software.",
Making Taro Talk: A Documentary,2025,10.0,"A group of undergraduate students at UC San Diego learn the difficulties of creating an audio animatronic. Faced with budget and time constraints, these students embark on a journey filled with comedic moments, setbacks, and betrayal to get their animatronic named “Taro” to talk.",
SpaceShip,2025,10.0,Four spacemen aboard the Star of Rumbek starship get into some trouble on a seemingly boring day of space travel...,
Potępieniec,2025,10.0,The condemned Jacob Hoffman leaves Hell for six days as part of a leave of absence for good behavior. And he is given the demon Azazel as a guardian to watch over him during his stay on Earth. But it turns out that Hoffman's past inevitably begins to complicate the whole situation.,
La Théorie verte,2025,10.0,,
Fiasco,2025,10.0,A former actor whose glory years have passed is dealing with the difficulties that come with failure.,
RAVIE,,10.0,,
Hot Tub Ticonderoga,2024,10.0,"An epic adventure featuring two fine young men, a time-traveling hot tub, and the year 1775.",
You're Toast,2025,10.0,"Aging spy AGENT JONES is determined not to send his protégé, PUGSLEY, onto the field - out of fear of losing her. After being sent on a seemingly routine mission, Jones unexpectedly comes face to face with his biggest challenge yet. Can he, against his overwhelming instincts, trust the younger generation of spies to help him so that he can finally find peace.",
Pinch of Fantasy,2025,10.0,"After a documentary he made about the death of his mother bombs at a festival, Dylan is sent on a path of redemption by a fellow film buff.",
Before the Third Rooster Calls,2025,10.0,"During interrogation, the captured young man admits to setting all of the village's wheat supplies on fire. Fully aware that his punishment will be death, he proceeds to give reasons for his act, and those reasons will make everyone in the room question themselves.",
Saturnalia XLV,2025,10.0,"After the death of esteemed philosophy teacher Angel Dimitrov, the administration of the National High School of Ancient Languages and Cultures launches an all out investigation in search of the killer",
Legend of Fry-Roti: Rise of the Dough,2025,10.0,"On her 25th birthday, a biracial Navajo-Bengali woman hopes for a quiet celebration until her two aunties arrive unannounced igniting a chaotic bread-making battle that forces her to confront culture, family, and the recipe for belonging.",
Horse Heaven,2025,10.0,Robbies horse gets eaten by a dinosaur and its his duty to go to Horse Heaven and get it back!,
Chimère,2025,10.0,,
Speed Demon,2025,10.0,,
Clippy & Me: Cutting Edge,,10.0,"Clippy, the coolest kid in school, and his best friend Cleetus work together to stop Seth, the school bully, from ruining Clippy's reputation and taking his spot at the top of the social food-chain. But they'll have to be careful! Cleetus has one big weakness: tomatoes.",
Bat-killer,2025,10.0,"After the the Wayne parents were shot dead, Bruce Wayne  the son of then instead of becoming a superhero, he becomes a killer to get his revenge. The good joker gets hired to cheer him up but becomes one of the bat-killer’s victims",
Pandora's Paradox,2024,10.0,"When two sisters, Mia and Maya, encounter a mysterious box in the middle of the forest, they unintentionally release multiple monsters trapped inside. Together, they must capture all the monsters and place them back in the box and overcome the challenges they face along the journey.",
Mad Mask,2025,10.0,"A bartender, a serial killer who skins his face and wears it like a mask after killing a guest. One day, he runs into a suspicious man drinking alone at a bar. After killing him and wearing his face like a mask, the bartender soon becomes engulfed in a nightmare fantasy. In the fantasy, he encounters himself, who is much more cruel and bizarre than usual, and finds out that the man is a much crazier man than he is. His face clings to his skin of a bartender, and his madness is at its peak.",
Quiproquo,2023,10.0,,
Le Scénario de l’Amour,2025,10.0,,
Yarub,2018,10.0,Yarub’s door leads to surreal worlds inspired by Arab myths and legends in 11 short animated episodes.,
Helium!,2025,10.0,,
the wheel killer,2025,10.0,"While a civilian is spending time at the skate park, a sinister man in a wheelchair attempts to murder him.",
Sunburst,2025,10.0,A hypochondriac must reckon with his decidedly fleeting mortality,
The Chill Tapes,2025,10.0,"With his trusty cameraman and a fistful of wilting tulips, a B-rate film student zig-zags through campus on the hunt for his latest infatuation.",
The Stork,,10.0,"The Stork is a character-driven comedy about the well-intentioned yet utterly clueless parents of a queer woman hoping to start a family through artificial insemination with Norwegian sperm ordered online — a popular route for many queer couples. When the crucial delivery arrives and their daughter isn’t home, her parents step in to help… only for the sample to be accidentally destroyed. Caught in an awkward (and decidedly unsticky) predicament with the delivery driver, the trio scramble to fix their mistake before she finds out. As they debate increasingly absurd solutions, their misunderstandings — though loving — reveal a hilarious clash of good intentions and ignorance. Through chaos, confusion, and misplaced determination, The Stork explores how far parents will go to protect their child’s happiness. It’s a heartfelt, mischievous story about unconditional love, acceptance, and the messy beauty of trying your best — even when you haven’t quite got a clue.",
Le Dernier Arrivant,2025,10.0,,
Xhizito,2025,10.0,"Xhizito: Twisted Reflections is a work of journalistic autofiction that blends investigative depth with a fantastical veil of anonymity. At its core, Xhizito is not a character or a place—it’s a sound, a rhythm, a word charged with plastic identity and fluid meaning. Its phonetic expressiveness evokes ambiguity, twisting itself into something elusive and serpentine. But what, exactly, is Xhizito? In this first chapter of a larger enigma, we delve into the heart of a phenomenon that resists definition, seeking answers in echoes, masks, and mirrors.",
Modern Friends,2025,10.0,A vertical silent comedy.,
Ping Pong Bang!,2025,10.0,,
Life,2025,10.0,The story of a young man completing his 'To Do' list.,
promise? promise.,2024,10.0,Longtime friends Cyrus & Kit face the trials and tribulations of growing old.,
Mountain Friends,2025,10.0,A new short film from Jon Millstein and Jon Mackey.,
La Sfida del Bechdel test,2025,10.0,,
Found Footage Festival: 20th Anniversary Show,2025,10.0,"Joe Pickett (The Onion) and Nick Prueher (Late Show) have over 14,000 VHS tapes in their collection and have been taking viewers on a guided tour through their latest and greatest finds since 2004. To celebrate two decades of this VHS nonsense, Joe & Nick will serve up their all-time greatest finds, including the dumbest exercise videos, the craziest public access shows, and updates with the most wonderful weirdos they’ve met along the way.",
Una película con suerte,2025,10.0,"David and Enrique have been friends for over 15 years. Both film lovers, they decide to venture to the Atacama Desert to shoot a feature film. With no acquaintances, no locations, no actors, and only $11,000 and a lot of enthusiasm, they travel to Chile for 21 days with the dream of making a movie. Everything seems to be going well until, on the last day of filming, a tragic accident ends their friendship.",
Historias de Terror en una Universidad Pública,2024,10.0,A group of audiovisual communication students enters the photography studio for a lighting practice. What they didn't know was that a curse was haunting the studio. Will they have a chance to escape?,
This Will Never Work,2025,10.0,"THIS WILL NEVER WORK is about a Black family coming together to have an intervention for Amanda's drinking problem. They've hired a therapist named Trevor (a white man, not that it matters), written emotional letters, and now they sit and wait for Amanda to arrive. But when she does, Trevor realizes that the family hasn't exactly been honest with him. ""I think I should leave,"" he says. But listening isn't this family's strong suit, and they've already prepared for battle. The intervention turns into a whodunnit of all the family's drama and trauma. As we flash back and forth from contested family memories to the claustrophobic intervention room, we'll piece together the mysteries that haunt this family.",
Cohousing,2025,10.0,"When a headstrong teen with dreams of the big city finds out that a developer wants to buy her neighborhood, she must convince her wacky cohousing community to sell, in order to get the cash to finance her goals.",
Efflorescence,2025,10.0,"LaLa has turned vegan as an act of love to Johnny, the love of her life. But after binging rare greenery at a flower shop to stop her everlasting hunger, she finds herself turning into a flesh-eating human plant, same night she’s expected to meet her lover’s vegan posse.",
Paperback,2025,10.0,"Diane, a total introvert, is obsessed with lurid crime-romance paperbacks, longing for passionate, dangerous love to sweep her off her feet. One day, she gets her wish when Razor appears—a tattooed, cigarette-smoking butch who seems like she walked off the pages of one of her novels. Soon, Diane must decide whether she really wants her fantasies to become reality.",
Dumm Love,2025,10.0,"Danny, a socially awkward teen, uses a dummy to practice for his date with Sammy.",
Litlle White Lies,2025,10.0,The head-over-heels teenager Janson pretends to be interested in romance novels to impress his bookworm crush Lucy.,
The Clique,2025,10.0,"A group of friends in high school decide to go camping in a remote location deep in the woods. What they don’t yet understand is that someone (or something) is watching them. The group begin to slowly notice mysterious happenings throughout their campsite. Things go missing, and slowly, one by one, the people do too.",
Team Super,2023,10.0,"Green Guardian and his sidekick Purple Nurple form Team Super a dynamic duo that defends the city from real criminals with the greatest superpower of all, the power of friendship. Unfortunately their unconventional methods lead them to the wrong side of trouble.",
'Will You',,10.0,"It’s that time of week again, date night, but while Mia and Finlay’s relationship is hanging by a thread, the most unexpected things can and will happen.",
The Transcendental Call Girl Centre,2025,10.0,"A woman, Denise, suspects her husband, Mark, of intellectually cheating on her using The Transcendental Call Girl Centre so she hires a private detective.",
DIES MIRABILIS,2024,10.0,"Believing she was returning to her homeland, the queen mistakenly landed in the French city of Cannes. Her long journey back, marked by unexpected encounters, would profoundly transform her view of the world — and perhaps even ours...",
No Words: The Art Of Photography,2025,10.0,Follow reporter Francesco Croquete Margharette on his comical journey through the world of photography.,
Break a Leg,2025,10.0,"After a long and obsessive casting process, a team of determined filmmakers finally secure the perfect lead actor for their movie. But on the first day of shooting they realise  a mistake has been made with their casting.",
The Photographer,2020,10.0,"The boy with talent in photography arrives to summer camp. The main magic of his photos is that he can make couples from people on his works. But when he falls in love for the first time, couples from his other works, except for him and his love interest, start to separate and argue with each other. How can he combine his talent of making couples from his other characters of his photos and to save his own first love?..",
Ритмы мечты,2025,10.0,"Varya lost her hearing several years ago due to an accident. But, despite the tragedy, she continues to pursue her favorite hobby - dancing. Now her dream is to get to the most important dance competition in the country and, of course, win. Varya meets Nik, a famous dancer and blogger. A friendship develops between the guys, and they decide to compete at the competition together. But Nik's wealthy and influential mother does not accept her son's choice, which deprives the boys of important financial support. Varya and Nik will have to find adult solutions on their own to follow their dreams. Their ""team"" on this journey will be Varya's dad, Toshka, the girl's smart friend, and Pegasus, a charismatic street dancer. They are all united by faith in victory, hope that the impossible is possible and, of course, a love of dancing. It is she who pushes young dancers to answer the main question for them: ""Can I dance better than myself?""",
The Whisperer,,10.0,"Jim is a former dog trainer famous for his TV show ""Jim the Charming"", but his revolutionary methods are a thing of the past and no one seems to remember him anymore. However, everything changes when he receives a letter inviting him to Tuixent, a remote village in the Pyrenees, to face a unique case that could make him famous again.",
Lien Sociaux,2022,10.0,"“Lien Sociaux” follows Benoît, a lonely teenager trying to make friends at his new high school. He connects with Arthur and Henry, two popular students, but soon discovers their true nature when they begin bullying Nadège, a vulnerable classmate. Disturbed by their cruelty, Benoît distances himself and finds himself alone once more. Refusing to remain silent, he embarks on a personal journey to understand their behavior and try to bring about change. Through Benoît’s struggle, the film thoughtfully explores the complexity of teenage social dynamics, the pressure to conform, marginalization, and the deep need for belonging. It also examines the double-edged role of social media — as a tool for connection and exclusion alike. Between toxic friendship and moral courage, Social Bonds offers a human and honest look at what ties us together… and what drives us apart.",
Yung Boi: Ryze of the King,2025,10.0,"The rise to fame of Melbourne's next big rapper: Yung Boi. Facing adversity, challenges, confrontations, disagreements, inconveniences, problems, and more, he learns to overcome anything that gets in the way of his ride to the top.",
Crisantem,2025,10.0,,
Boys Trip 2025 - Texas,,10.0,"A Twitter love story. Four best friends from all around the country unite in Weatherford, Texas for their annual trip. Fun is had, rain is rained, crimes are committed, and friendships blossom in this heartwarming vlog.",
Idol,2025,10.0,"After facing backlash, Mark, a YouTuber, decides to stage his comeback by running a contest in which one lucky viewer will have the chance to join him in a video.",
Slashing Through the Snow,2024,10.0,"After being left home alone during Christmas with an escaped mental patient on the loose, Cindy decides to spend the holiday with her friends. What was thought to be a peaceful holiday, quickly turns into a nightmare, proving there is no such thing as a silent night.",
Gandhi Was Silent on Saturdays,2025,10.0,"The life of 16-year-old Mot is thrown into disarray when his father leaves the family. In protest, Mot brings home a homeless woman and declares that he will live with her.",
Spy Kids,2025,10.0,"A family of special agents is raising a son and two daughters, each of the teenagers has unique abilities. Mikhail is a computer genius, Vita knows hypnosis, Dana is a master of sports in martial arts. Together they created their own spy agency ""DaMiNik"". Their goal is to become super agents and find their mother, who was not found by the super agent ""Voice"" - their father.",
Deformelody: An American Nightmare,2025,10.0,"This horror satire tells the story of a pop culture-obsessed serial killer who terrorizes L.A. Through his Manifesto entries we discover his mission, to bring Americans together by killing everyone equally and confronting the ‘final boss’ - a man simply known as ‘Freddy’. A gleefully warped odyssey, through the psyche of America itself.",
LOS GALÁCTICOS: Rewind '23,2024,10.0,A group known as The Bagleys undergoes a profound transformation that redefines their identity. What begins as a harmonious coexistence becomes the birth of a new stage under the name of the Galacticos.,
BLINDED,,10.0,"Witness a terrifying tale of love, infidelity, and revenge! A cheating husband and his lover get more than they bargained for when their scandal is discovered.",
The View,2025,10.0,"A diary of a boy grappling with identity, love and belonging while exploring our fragile journey through a chaotic world.",
100 Things to Do Before High School,2014,10.0,"Scared of her older brother’s dull and pessimistic description of high school, as well as the change in priorities of her best friends Fen and Crispo, Cj, decides that she needs to make her time left in middle school count.",
DJ Freakjuice: Your Baby's Daddy,2023,10.0,"DJ Freakjuice decides to re-release ""You're Baby's Daddy,"" his #1 hit from 1999, and discovers that the song still has a magical effect on people.",
The Last Seat,2025,10.0,"The top boss won’t leave the last seat. Everyone tries to move them but fails. Then, one last person shows up. The Last Seat is a funny story about power.",
Aimee Comes First,2025,10.0,A late coming-of-age story about a Type-A Latina who lives with her overbearing Catholic family and tries to orgasm for the first time before her fast-approaching 40th birthday.,
Night of the Living Potato Head,2025,10.0,Tensions rise when Mr. Potato Head butts heads with Ellis and the roommates. It's only a matter of time until he returns with a vengeance.,
Marginalia,2025,10.0,"When a young monk gets creative in the scriptorium, things take an unexpected turn as his doodles come to life!",
Ginger's: A Picture Pals Short Film,2025,10.0,A group of friends are trying to decide what to order.,
"Pleasure, Bye",,10.0,"The tale of a struggling street performer, wandering the coastal streets of Galveston, Texas is unexpectedly approached by a mysterious figure who recruits him for a government experiment involving advanced, otherworldly technology. As the story unfolds, he must ultimately choose between his livelihood and his very survival.",
Snatch'D,,10.0,What looks like a perfectly normal infomercial for a dating app turns out to be something much more sinister.,
Jack and Tommy Try To Stop Terrorists,2025,10.0,"When terrorists take control of a university campus, two students, Jack and Tommy, are thrust into a deadly game as they fight to save a damsel in distress named Ashley.",
Vacation Plan,2024,10.0,"Siblings who go on vacation but get lost in an abandoned tourist spot due to their GPS error, so they experience strange & unexpected events.",
European Rice: The Journey of Beverly Ho-Billies,2025,10.0,"After a disastrous night at a bougie Los Angeles restaurant that ends in food poisoning and ER visits, chaotic duo Brittany and Tiffany demand justice, only to get challenged to a public cook-off by the restaurant’s pretentious chef. With zero culinary skills and a taste for drama, they set out on an outrageous journey around the world to learn about the beauty of rice.",
Imported Wives,2025,10.0,"Not everything that glitters is gold, and sometimes, what appears to be a perfect marriage hides a complex web of love, opportunity, and the pursuit of a better life.",
QAnon Avenue,,10.0,"A young puppet boy in search for the truth travels on a journey through the bowels of conspiracy, taking him from the depths of hell to the furthest reaches of space.",
We Are Happy Fish,2025,10.0,A nihilistic girl escapes from her family with a robot boy to revive a dead fish.,
Los Angles,2025,10.0,"Lacking a sense of life-direction, a young man falls stranded in a small desert town, unexpectedly finding friendship at the local DMV.",
manger la verité : est ce la verité ? question.,2025,10.0,,
Tamales,2025,10.0,"The film tells the story of Rosa, a tamale maker from the Quebrada de Humahuaca, who invested all her life savings in gold nuggets and suddenly passes away. Her physical disappearance unleashes the madness of her dystopian family, who enter into conflict over the fortune that Rosa left hidden. In the midst of the chaos, Matías, her beloved grandson, must decide whether to escape the madness or embrace his destiny.",
DEAD END,2025,10.0,A spirited teenager tricks her older sister into joining her on a deceptively simple outing.,
My Roommate's a Vampire,2025,10.0,"Wesley thinks his roommate Max who claims he is terminally ill is secretly a vampire. Is Max telling the truth, or will his deception get the best of Wesley?",
DONOVAN 17: THE WEEKEND WARS,2025,10.0,"While The Brilliant Brick was lost exploring in space, clone replacements were made... However there are now many clones at the house doing their own thing, until a new Donovan arrives, Donovan 17. Confused by the current state of affairs, he is guided by Cool Donovan who seems to have it all figured out, but a familiar face isn't very on board with the way things are being run...",
Pollastra All Along,2025,10.0,,
Fatta Posto,2025,10.0,"After reaching a crossroads in life, Henrik finds himself in deep reflection over what has been and that which is yet to come.",
Botnia Paradise,2025,10.0,Come on this journey on the Baltic Sea's cheapest cruise. In this musical comedy passengers running away from everyday life face off with crew desperately trying to keep the boat afloat.,
Revi Siterusah's Heart Voice,2025,10.0,"In a country where job requirements are often unreasonable,  a college student, pressured by the need to make ends meet, accepts a job as a video editor only to face vague requests and absurd demands.",
Avec Alice,2025,10.0,,
Yang Merdeka Itu Siapa?,2025,10.0,"Set in a high school navigating Indonesia’s new “Merdeka Curriculum,” this graduation film follows a group of students grappling with the pressures of modern education. As projects pile up and expectations rise, they begin questioning the very system that promised them freedom. Through reflection, resistance, and growth, they discover what it truly means to learn, and to be heard.",
Keyhole,2007,10.0,"'Have you ever seen anything in a shop window that you really want??... I borrow, enjoy for a while, then give back....' Ginger, a timid admin worker by day has an unusual hobby. Housespotting! The pioneer of this hobby she resides in opulent houses while their owners are on holiday. This year she breaks into the home of her vacationing boss to impress the man of her dreams - with murderous results!",
No Bar,2002,10.0,,
¿Crees en los milagros?,2025,10.0,,
Whisky et frénésie,,10.0,,
Chirichis,2023,10.0,,
Bag of Burden,2025,10.0,"When a hotheaded, unpredictable father coerces his reluctant, rough-around-the-edges son into a late-night trip to the woods to bury a mysterious bag, what starts as a tense and cryptic errand quickly unravels into a darkly comedic spiral of family dysfunction, long-buried secrets, and a series of increasingly absurd revelations--including the true nature of the bag's contents. As tempers flare and loyalties are tested, father and son find themselves teetering between crime, chaos, and an unspoken desire to understand each other--one twisted moment at a time.",
Fountain of Youth,2024,10.0,Wealthy CEO Julian Murphy receives a mixed response when he reveals his new technology to the public.,
Trash Joke & Trial Show Snippets,2019,10.0,Trash Joke & Trial Show Snippets - Stand up Comedy by Abhishek Upmanyu,
Names & Pigeons,2020,10.0,Names & Pigeons - Trash Jokes 4 Comedy by Abhishek Upmanyu,
"Relationships, Clubbing & Cocktails",2017,10.0,"Stand-Up Comedy by Aakash Gupta on Relationships, Clubbing & Cocktails + Train Journey & Honeymoon Trips ...",
Dogs,2019,10.0,"Stand-Up Comedy by Aakash Gupta - Dogs , Junior College and Galti Karli Inse Baat Karke ..",
Delhi Metro,2018,10.0,Stand-Up Comedy by Aakash Gupta on Delhi Metro ...,
Dead Weight Carries,2025,10.0,"Two self-serving friends go on a chaotic ride after hiding their friend’s corpse, only to find themselves unraveling in a darkly absurd spiral—hunted by a mysterious figure with unknown motives",
Virgil The Savant,2020,10.0,A high school student with savant syndrome goes through the motions of life and friendship.,
Capitalismo: A Fera Imortal,2023,10.0,,
Help! I'm a Fish The Movie 2,2025,10.0,A guy whose life is in the dump goes on a journey to rescue his mother after he neglects his Brita filter.,
The Latkes,2024,10.0,"On the night of the big holiday party, four friends go through a journey of chaos, forgetfulness, and missing grandmas.",
VIRGINS,,10.0,A coming of age short.,
Operation: Laugh Track,2025,10.0,"FBI agent Lucas Baker must go undercover as a bartender at a local comedy club. During his time behind the bar, he uncovers the secrets behind an underground criminal organization.",
Matapanki,2025,10.0,"After gaining alcohol-fueled superpowers, Ricardo —a young punk from the outskirts— sets out to change society. But one brutal mistake will ignite an international conflict, with him at the heart of the storm.",
Zach Zimmerman: SURPRISE ME,2025,10.0,"What is love? Queer comedian Zach Zimmerman searches for a definition - across evangelical trauma, ex-lovers, and glazed donuts – in this sweet, salty, magical debut stand-up special. Produced by Pretty Good Friends and filmed live in NYC in 4K.",
Oeil Pour Oeil Strass Pour Strass,2025,10.0,,
Hats Off!,2025,10.0,"Chris decides to switch up his style, but it comes with severe consequences.",
The Haunting of Dolly Parton,2021,10.0,A reclusive young woman fights for her life after inadvertently summoning a horde of evil ghosts masquerading as her country music idol.,
Fucking Detectives 3,2025,10.0,"Summers and Bailey must find a way to defeat their most powerful foe yet, the masked man.",
Ethirveetu Hero,,10.0,"Arivu, a struggling actor obsessed with ""the method"", gets cast in a high profile film to play the lead as a violent cop with a dark past. With just half a day to prepare, he decides to experiment a little with his noisy neighbours.",
The Trouser Thief,2025,10.0,"A darkly comedic horror mystery set in the Wiltshire countryside, The Trouser Thief follows a detective investigating a bizarre murder, uncovering strange occurrences and supernatural elements that lead to a mysterious, unsettling killer.",
Every Man in New York Is Named Andrew,2025,10.0,"Margo has never been in a relationship, and she thinks she'd be great at being in one. But everywhere she looks, there's just another guy named Andrew.",
The Choice: Illegal Dumping,,10.0,"The issue of illegal dumping is tackled by a group of Irish students, exposing the motives, behaviors and consequences of dumping around their local town.",
Turn Table,,10.0,"He's not just finding a record, he's changing the labels. On his quest to find one very specific album, A young man with Down syndrome connects with all genres of people and music alike.",
Niels Forsberg - Single Player,2018,10.0,,
Oozing,2025,10.0,"Maggie, with the help of her friend Charlize, deals with the anguish, pain and torment that is having a crush on someone. Her desires however are compromised when she finally goes on a date with the man of her... dreams?",
Gay Congress,2025,10.0,"It's election season in Gay City, and three candidates prepare for Debate Night.",
Telefone Sem Fio,2025,10.0,,
old memories,2025,10.0,,
For Archie,2025,10.0,Michael reflects on his relationship with his friend Archie,
Plant Parenthood,,10.0,"Ronald Mindell, a work-from-home florist, has always wanted to be a father. Following the loss of their unborn child, Ronald desperately wants to try again. His wife Margaret, condom designer, desires a new outcome for her life that is more career focused. After Ronald accidentally tosses a used condom on a sunflower causing it to come to life. He takes it in as his son, causing Margaret to rethink their relationship.",
Volley Joe Spikes Again,2025,10.0,"For a millennium, Volley Joe has remained uncontested as the Demi-God of Volleyball. It has been decades since a worthy challenger has surfaced.",
Lucifer,2025,10.0,,
Comandante Fritz,2025,10.0,"East German Stasi officer Fritz travels to Cuba with orders to thwart a suspected CIA operation against Fidel Castro. In Havana he meets Lola, a young woman who will both endanger his mission, and change the course of his life dramatically.",
HUNT,,10.0,A little girl sees an ad for a brand new doll that sends her and her mother on a wild chase to find the elusive product.,
For the Time Being,2025,10.0,"Three Greek intellectuals gather for the Great Summoning, a mysterious phenomenon that may take days to manifest. While they wait, they attempt to figure out what to do for the time being.",
Baby Tooth,2025,10.0,"Marina has enlisted the help of a stranger to get rid of either her baby tooth, or her boat, whichever he prefers.",
Brainstorming,2025,10.0,"Two students, Shafwan and Mirza, are looking for ideas for their mid-term film which has a deadline of one week. in the midst oh his lack of ideas, Mirza finds an instant way to get ideas.",
Los Jóvenes Simuladores,2018,10.0,"Overwhelmed by a complicated academic situation that threatens his continuity at the university, Vicentin decides to turn to the Young Simulators, a group that solves problems that no one else can solve.",
"WHISKEY, DARLING",2025,10.0,"When Harry's beloved car vanishes, his whiskey-soaked world unravels. In the chaos, a mysterious woman and buried secrets push him toward the edge. Whiskey, Darling is a comic tale of love, addiction, and delusion.",
Tropical SOV,2025,10.0,"Tropical SOV is a Brazilian anthology that brings together 23 independent filmmakers who bring to life 21 hilarious, strange and bizarre stories that could only happen in Brazil. From brains that produce cocaine to the incredible human videocassette, including the secrets of synthetic meat, baldness cures, castration of rapists, nihilistic fruits, magical sweets and the poop king of Evangelistão.",
The Prawno,2025,10.0,Mr Hartwell and Mr Horne pitch their prawny advertising strategy to bring business back into the fish aisle at the supermarket.,
Not A Biopic,2025,10.0,The typical love letter to cinema.,
Dangerous Man in the Woods vs Unknown Hero,,10.0,"A happy dude is enjoying a walk in the woods, unaware of a Dangerous Man stalking him. Soon the danger catches up to the innocent dude but soon an unknown hero shows up to battle the danger.",
More Than Football,2025,10.0,"As a result of another outrage by fans of the England national team, which escalated into multi-day clashes, the leadership of European football disqualifies the English from the European Football Cup. Instead, the Russian team enters the final stage. The Russian Football Federation has only two weeks to assemble a team. Head coach Sorokin and his assistant Mikhalych invite to the team the football players who have today become ""downed pilots"": forwards Matveev and Sanaev are under investigation for a fight, defender Bushagov, after a loud scandal, is divorcing his wife, who demands huge alimony, young forward Kizyakov because of of his character sits on a bench and so on. They all lost the opportunity to play, earn big money, be idols and real stars. But Sorokin's plan - to give them a chance to return to their former life - does not work: the new team cannot work together, each player pursues his own goals, and therefore they do not form a team.",
Not Very Nice: La ligue des justiciers,2018,10.0,,
Las coordenadas exactas,2025,10.0,,
Babyteeth,2025,10.0,A young boy with an unusual way of raising money.,
Ghosting,2024,10.0,,
The Blast of the Book,1990,10.0,"Spiritual medium Openshaw is so removed from real life that he confuses a military alarm with a signal from the other world. Father Brown returns the professor to reality and the problems of modern life.  Based on the ""The Blast of the Book"" short story  from ""The Scandal of Father Brown"" stories collection, written in 1935 by Gilbert K. Chesterton.",
La primera máquina del tiempo,2024,10.0,,
Metanoia,2024,10.0,,
Teen of Steal,2024,10.0,Troubled teen Robert Steele Holmes is forcefully recruited by the deadly Buff Gang and made to perform a high risk initiation ritual.,
The Cooking Show,2024,10.0,A stop-motion culinary show goes off the rails when the ingredients start talking back.,
Ramat Yisahi's Tiger,2025,10.0,"Ariel Dukeman is a teenage boy on his way to fight his first thai boxing tournament.  With a lot of hard training and the help of his friends, he just might become... Ramat Yishai's Tiger.",
SPIRIT – A Symphony of Chaos,2025,10.0,"Three parallel stories depict the everyday insanity of the German capital, between motion and gridlock, the ticking clock and money trouble.",
Le Roi Pognon,2012,10.0,"Jean-Luc and Stéphane are two dynamic and unscrupulous young bank executives. They leave their office on a Friday evening, determined to enjoy the weekend. After stopping by their dealer's place, they head into the Lausanne night, ready to meet the most unusual people, convinced that money opens all doors and that nothing can stand in their way.",
"Plata, Plomo y la Pasta",2024,10.0,"Follow Tony Ruggeri, host of the podcast ""São Paulo: Crime and Punishment"", as he narrates the story of Paulinho Zanini, a resident of the Bixiga neighborhood in São Paulo who splits his time between the restaurant La Cantina and the criminal underworld, where he works as a loan shark. Alongside his partners, Robério Santos and Tavinho D'Angelo, as well as the loyal waiter Vicentão, he finds himself in the most unexpected situations across the São Paulo capital.",
Being Friends with a Rock,2025,10.0,"A deeply disturbing and gripping film about an unhinged 40 year old man's friend getting kidnapped and killed. Some say this will be the best revenge story yet?  PG-18 - strong language, strong violence, strong awesomeness",
Telecau Beach Movie,2025,10.0,,
100 Reais,2025,10.0,,
Bobo & Bibi in Miami,2025,10.0,"In this uplifting animated romcom, sloth DJ couple Bobo and Bibi travel to Miami to headline the Beach Sloth Festival. But between airport mishaps, sunset rituals, and a series of socially awkward moments, nerves start to creep in. With love, humor, and just the right touch of chaos, Bobo & Bibi in Miami is a hilarious, feel-good, and deeply relatable story that celebrates the kind of love that’s thoughtful, playful, and always shows up, especially when you need it most.",
Call of the Vulture,2025,10.0,"Renowned model and activist ""Angel Harris"" finally comes to terms with her treacherous, haunting past in this time-skipping, genre-bending comedy-drama.",
13 en tête,2023,10.0,,
Je suis pas le monde,2024,10.0,,
Life Party,2025,10.0,,
The Feelings That Jack Experienced,2021,10.0,"The most ordinary life of the most ordinary Jack, including entertainment, is scheduled down to the minute and driven into the framework of routine. He has no thoughts of his own, no personal life, he is no different from others. The Voice in his head comments on his every step, urging, scolding, encouraging and even interfering with his feelings. But one day, Jack realizes that the Voice completely controls his life, and begins to fight against it.",
CROSS X DIMENSIONAL,2023,10.0,Characters from three separate universes collide and fight due to an evil presence manipulating from behind the scenes. Featuring a fun combination of different animation styles!,
"Our Hero, Balthazar",2025,10.0,A wealthy teenager from New York City tries to win over his activist crush by traveling to Texas and befriending a would-be mass shooter.,
How to Operate a 35mm Film Camera,2025,10.0,A parody PSA discussing the inner workings of film photography and how to become a master photographer.,
Souvenirs d'un temps passé,2025,10.0,,
Wilma will mehr,2025,10.0,"Wilma has many qualifications and talents, yet suffers just as many disappointments in life. After she catches her husband cheating, she runs away to Vienna in search of a new life. There she lives with bustling bohemians, tries her luck at a variety of jobs and perhaps... at love again.",
Suburbia,2022,10.0,"A budding rapper, Kid Fresh, and his best friend go on a journey to get the rarest hot chips.",
Buzzkill,2025,10.0,"When two friends stumble upon a drunken frat guy at a Halloween party, their wild night spirals into chaos.",
Renato Gaucho e o Homem das Calças Erguidas,2022,10.0,,
Renato Gaúcho e o Homem das Calças Erguidas,2022,10.0,,
Love & Tambourines,2009,10.0,"A documentary-ish exploration of love, music and the space in between, through the lens of two friends spending Valentine's Day together.",
Mihai Bobonete: Life advice,2025,10.0,"Discover the unmistakable humor in ""Life Tips"" with Mihai Bobonete! A stand-up show full of irony and humor about everyday life and its absurdities.",
The Freakening,2024,10.0,"On a normal weekend, on Lake Freakydota, four friends go fishing in the middle of nowhere. What could go wrong? What could go FREAKY...",
Waiter Boys,2025,10.0,"Reports of a strange orange syrup like substance are appearing all around the city. Emerging from the background of past events, these underdog FBI agents are forced to go undercover... again. Do they have what it takes to take the steps to get past all the extra work and get to the bottom of the pickle jar the city is being held under?",
Hermes Trismegisto,2025,10.0,A foreigner searchs for Hermes Trismegisto in order to become its pupil.,
7 Days,2025,10.0,"It is the story of seven days in the life of the 70-year-old Peter who learns that he has lung sarcoma and that there is a faint hope that in a week the diagnosis may be ruled out by a medical luminary from Moscow. Peter spends the seven days summing up the results of his life which he considers worthless, in which he could not start a family, earn money, save his reputation. But time and again the events in which he becomes involved and which are filled with smiles, sadness, human destinies, let the viewer realize that the protagonist’s life is far from worthless.",
"Now, I Am A Bear",2025,10.0,A disillusioned man makes the very normal and logical choice to abandon human society and become a bear.,
The Assassination of Tony Calzone,2025,10.0,"Two assassins for hire meet up to discuss the killing of their target, an Italian crime boss, but things don't go smoothly.",
The Frame,2025,10.0,"Eva and Halldór’s mother has stopped speaking since falling ill. Eva has been taking care of her with the help of nurse Védís, but when Halldór visits, the household balance is disrupted with unforeseen consequences.",
Brother Sister Keeper,2025,10.0,"When her brother goes missing following a painful breakup, a cynical young woman enlists the help of his ex in order to find him.",
Dive Tour Documentary,2025,10.0,"The full tour doc, with all episodes combined & some unseen footage.",
The Hand of the Heavens,2025,10.0,"A local mob joint prepares to host the poker game of a lifetime. ""Knuckles"" vs ""Hot Shot"" in the card game gone wild. ""The Duck"" deals the hand of a potential death, as reason turns to madness, after ""Hot Shots"" betrayal of ""Knuckles"" dear mother.",
Lakrosáci,2025,10.0,"The Czech box lacrosse national team is going on a journey to the United States. This documentary film by Jan Tománek offers an intimate look at a team of athletes who, despite their amateur status, are determined to take on professional teams from around the world. The film captures the power of friendship, team spirit, and the drive to overcome challenges. Viewers get a behind-the-scenes look at a sport that, while less popular in the Czech Republic, has won the hearts of its most dedicated fans.",
Clube da Fimose,2023,10.0,"A new group of heroes rises to face the chaos: the ""Clube da Fimose"", formed by Sigma, Homem-Semen, and Josué, joins forces with the mighty ""The Incredible Alpha"" to take on their greatest threat yet — the ""Psicopata Cearense"" and his army of henchwomen known as the Betas. An epic (and completely insane) battle is about to begin.",
Garden State - The 20th Anniversary Concert,2025,10.0,"Be a part of The Garden State 20th Anniversary Concert. This one night only musical event features songs from the iconic Grammy Award-winning soundtrack that defined a generation. Watch performances by the original artists including The Shins, Iron & Wine, Frou Frou, Colin Hay, Thievery Corporation, Remy Zero, Cary Brothers, Bonnie Somerville, and Sophie Barker from Zero 7. Plus more special guests.  Whether you remember the first time you heard “New Slang” or the emotional pull of “Let Go,” this is for fans of the film and music alike and is not to be missed.",
In the Realm of the Sturgeon,2025,10.0,"Evan Evers investigates and attempts to stop the terror of the lake sturgeon, a murder-hungry fish bringing trauma to the Midwestern area surrounding the St. Croix river in IN THE REALM OF THE STURGEON.",
Can I Please Have a Waffle?,2024,10.0,6 teens break out of a Detention Center by harnessing the power of property damage.,
Gainfully Employed,2024,10.0,Punit Pania's second standup special 'Gainfully Employed'.,
Crazy About Music,1967,10.0,"Fous de Musique by Jean-Charles Carlus (1957) is a musical comedy featuring Rouiched, Mahieddine Bentir and the famous Bendaoud orchestra. Shot during the Algerian War, the film was not released until after independence and was probably shown in Paris in cinemas intended for immigrant workers around 1967. Sources: Archives Numériques du Cinéma Algérien",
The Making Of A Mockumentary,2025,10.0,A young adult who wants to have a career in filmmaking has trouble figuring out ideas for his first short film.,
"parrot, death, and a piano",2024,10.0,"Imagine if you combine stand-up with music. All the words become more sensitive, sharper, funnier. Imagine if you add a little bit of tragedy to stand-up, which contains jokes, irony, hyperbole, absurdity, and Christmas. Reflected. Close to many people. And now imagine that Vasyl Baidak is responsible for the words in this performance, and INGRET is responsible for the music. Exactly what you need. like the present. both funny and hard. but it will get easier.",
Cupcake,2025,10.0,"Once Upon a Time at the 21st birthday party of the pompous birthday princess Julianna, an enthusiastic young girl named Delani is sent off to pick up cupcakes for the party. While out on her journey to get the cupcakes, she brings back something sinister along with her.",
Mr. Valentine,,10.0,A modern take on the silent film- An incel hoping to break free.,
The Imagitech Experience,2025,10.0,,
Hastalık Hastası,2024,10.0,"Summary of ""The Imaginary Invalid""  Molière’s comedy ""The Imaginary Invalid"" (Le Malade Imaginaire) tells the story of Argan, a hypochondriac obsessed with his health. He constantly seeks medical treatments despite being in good health. To save on medical expenses, he plans to marry his daughter Angélique to a doctor. However, Angélique loves Cléante and opposes the arranged marriage.  Argan’s clever servant, Toinette, devises a plan to expose the truth. Meanwhile, Argan’s wife, Béline, is only interested in his wealth. Through Toinette’s tricks, Argan realizes his errors and changes his ways. In the end, Angélique is allowed to marry Cléante, and Argan learns to live without his excessive fear of illness.  This play humorously criticizes the medical profession and human obsession with health through satire and wit.",
Cara Palavra,2020,10.0,,
Junket,2025,10.0,Chaos ensues as a gay actor and his female costar fake being a couple as they try to save the press junket for their new television show. ,
My Battle with Blue,2025,10.0,"My Battle with Blue is the story of Luna, a young woman who has a tantalising addiction to the colour blue. So much so that she hasn't left her home in months out of fear of the other colours in the real world. That is until her boyfriend Reggie convinces her to go to the place she's been dreaming of going for so long, the ocean.",
Leave Yourself Behind,2025,10.0,A college professor takes on a new persona for an evening.,
Touch Grass,2025,10.0,"Chronically online teenage boys, nerdy Sam and his cocky best friend Aaron, lock away their phones and embark on an epic quest to touch grass in an attempt to impress the intimidatingly beautiful and seemingly perfect influencer, Lila.",
Little Miss Sociopath,2025,10.0,A downtrodden daughter and her delusional boyfriend hatch a get-rich-quick scheme that involves fraud and a possible 10-year prison sentence.,
Gunfight at The High Noon Saloon,2024,10.0,"At a dusty Saloon, two rivals meet...",
El Lazarillo de Tormes,2025,10.0,,
Crash Course in Crushes and Clumsiness,2025,10.0,A girl sees someone pretty and tries to ask them out,
SIMON NETS,2023,10.0,"The second part in the Duncan Hoops cinematic universe. In this instalment, we see the true abilities these people have to offer, with object shapeshifting and reformation.",
¿Tienes un minuto?,2024,10.0,,
Gyíkember,2020,10.0,"Bandit is fired from his job, gets into a fight with his mother and is even bugged by the lizardmen.",
Bad Knight In Gotham,2024,10.0,"In a post-batman Gotham City, a depressed and defeated Joker puts together a rag-tag group of retired and obscure supervillains in order to pull off the greatest heist of his career: kidnapping the District Attorney.",
Simon Væver På En Lyserød Sky,2025,10.0,,
A Real Genius,2025,10.0,"Bill is a wannabe student filmmaker. When he sets out to make his own short film to impress a girl, he crosses paths with the most popular filmmaker in school, Gus Sanders.",
Barbenheimer and the Cult of Walt Disney,2024,10.0,"It's the summer of Barbie and Oppenheimer aka Barbenheimer, and The Egos take on blockbuster madness with a Top Gun parody. When streaming numbers plummet, they uncover the bizarre cult of Walt Disney.",
Jonny Bong: DEJT3310,2024,10.0,,
There Are Aliens in Phoenix,2025,10.0,"Made for the Mountain Ridge Flim's, 2nd Annual 48hr Film Festival  Local slack-jaw conspiracy theorist, Cletus (Chrysan Martin) gets word of an abnormal event near him and drags his more level-headed friend Randall (Noah Lefley-Laurant) to find an alien.",
Anders Wortmann:  FAR,2025,10.0,,
O Diabo do Baile,2025,10.0,,
The Selfish Girl,2024,10.0,"Lily has saved up a large sum of money to fulfill her dream of studying acting at an American university. On the day she receives confirmation that she has been accepted, her dysfunctional mother returns to Lily's life and tells her that she has a huge debt that needs to be paid off immediately. In one day, Lily tries to find a way to help her mother without using her savings. Lily is faced with the choice of buying her future and remaining a bad daughter, or letting it go, bending to the needs of others.",
Falach-Fead,2024,10.0,A young woman lost in a forest in the Scottish Highlands finds herself pursued by an unseen presence.,
Na Casa dos 20,2025,10.0,"On the brink of eviction, Uli and Vic, two young artists, turn their final days in the house into a film.",
DUNCAN HOOPS,2023,10.0,"In 260 years, a group of basketball players always score due to mystical powers and advanced techniques.",
The Platform,2025,10.0,"Several stateless young refugees create an ideal country on an abandoned platform in the sea but struggle with real differences of communication, habits, desires and idea for freedom.",
مسكون ليلى,2025,10.0,,
عيال إبليس,2025,10.0,,
البيت المسكون شارع 6 قطعة 6 منزل 6,2025,10.0,,
The Beethoven Method,2022,10.0,"When Arnie Silverman, a manic-depressive novelist, begins a bout of self-harm and lies to his girlfriend about it, his best friend and sister’s ex-boyfriend unintentionally lead him on a path to a new romance that could potentially solve his problems or send him to rock bottom.",
Swann Périssé - On a fait un spectacle contre le fasc*sme...,2025,10.0,,
Bonkers,2025,10.0,"When a spacey-teenager notices a storefront-psychic, she convinces her cautious friend into getting a reading together. Quickly their fortune turns as they attempt to land the gig of a lifetime.",
Ken Bendenin ihmeellinen aikamatka,2025,10.0,"An optimistic scout from a dystopian future, Ken Benden, is sent to the year 2025 to save humanity.",
The Death of Michael Mouse,2025,10.0,"A lyrical mediation on the life, love, and journey of infamous star Mickey Mouse as he reunites with an ex-girlfriend after he is let go by Disney.",
Dance Till You're Dead,2025,10.0,"A silent film exploring the life and times of Groover Walz, and the ultimate tragedy of the very thing that brings him joy — dance.",
Like Friends,2025,10.0,"Achille, a successful, solitary broker, buys Kelly, the first woman android with a perfectly human body. After a period of cohabitation that is anything but simple, Kelly mysteriously disappears. This is only the beginning of a whirlwind of events that will upend his life.",
Cambio de Hábitos,2025,10.0,"Martín returns from vacation and discovers that his lifelong neighbor, Jesús, has completely changed. Intrigued and with the disapproval of his roommate, he decides to investigate what has happened to him. How far will his curiosity take him?",
New India,2025,10.0,"In this sharp and unapologetic stand-up special, comedian Kunal Kamra dissects the absurdities of modern-day India with biting satire and fearless political commentary. Tackling topics like hyper-nationalism, media propaganda, and political hypocrisy, Kamra delivers brutally honest punchlines aimed at both leaders and the culture of blind devotion. With viral-worthy bits-including a controversial parody targeting Maharashtra's Deputy CM Eknath Shinde-Kamra walks the line between humor and dissent, sparking both laughter and backlash. Naya Bharat is a bold reflection of a country caught between comedy and chaos.",
My Little Pony The Movie: The Death Of Trixie Lulamoon,2025,10.0,"While Twilight Sparkle and friends embark on a desperate race across the stars, Trixie unearths buried truths about herself. Truths that likely should have remained forgotten...",
Secret Dinner,2024,10.0,"Four friends drowning in debt come up with an unusual solution: hosting a secret dinner through JantarSecreto.com. But a poorly planned joke turns into a nightmarish reality when a forbidden menu attracts guests willing to go to extreme lengths. Trapped in a spiral of macabre decisions, they soon realize just how far they’re willing to go to survive.",
Say Less,,10.0,"Teen siblings Cassie and Max find themselves home alone for the weekend after their parents leave town. Cassie hopes to invite her crush, Blake, over for a study date, while Max plans an intimate evening with his girlfriend, Sky. However, tensions rise when Blake doesn’t respond to Cassie’s texts, and Max taunts her about having no friends. Determined to prove him wrong, Cassie invites Oliver, a boy she previously ignored, to join the group. Cassie’s actions turn Max’s romantic plans into a chaotic double date, setting the stage for a night full of conflict and unexpected discoveries that might tear the family apart forever.",
X3NU,2025,10.0,,
Killer Intentions,2025,10.0,A group of high schoolers attempt to figure out who killed their friend Jackson in this campy slasher.,
Peter Hair,2025,10.0,"Peter, a hair living on the head of a balding man named Tim, has decided to hand in his notice.",
Drug Bust Shoot,,10.0,Ex cops attempt to get back into the good graces with their department by busting a photoshoot.,
Uhaw,2025,10.0,"Set in 2040, Lee, a 15-year-old boy, thirsts for love and affection as he goes through an existential crisis.",
A man in a difficult situation,2025,10.0,,
"Live, Laugh, Love, Costco",2024,10.0,A tired presenter narrates a bizzarre and comically understaffed Costco infomercial.,
We'll Always Have Meatchother,2025,10.0,"To save a friendship, Mort decides opening a franchise restaurant is the only way to stop his friend, Benny, from moving away",
Chusma: Pastilleo shao-lin,2025,10.0,,
Iron Pills,2025,10.0,"When 20 year old Tommy is left alone with her little roach brother, she is for the first time, forced to deal with responsibility and with her neglected anemia.",
"Giada, fermati!",2025,10.0,"Giada and Jacopo do not know each other, but a forgotten DVD in the media library propels them into an unintentional chase through hallways, elevators, and doors that open at the wrong time. They brush against each other, searching for each other, but seem destined not to meet. Until Jacopo opens the box set and discovers what's inside.",
Win/Lose,2025,10.0,Acquaintances Mark and Lexie find themselves honing their skills in an arcade in the hopes of winning a tournament while grappling with who deserves to win.,
Snake Town Tales,,10.0,,
"Meine Wohnung, Detlef und Ich",2023,10.0,,
Verspielt,,10.0,,
Business Bag,2024,10.0,"Under Riyadh’s moonlit hustle, Salim’s routine shatters when  mischievous aliens whisk his bag away, launching him into an  unexpected adventure.",
Method,2025,10.0,"On the chaotic set of Tapeface 3, visionary but unhinged director Derek Ryan is determined to make his masterpiece-no matter the cost. But when members of the cast and crew start disappearing, whispers spread that Derek and his brooding lead actor have taken their obsession with authenticity too far. As paranoia grips the dwindling team, cameras keep rolling-capturing a twisted descent into method acting at its most lethal.",
A nadie le importas,2025,10.0,,
Pippin: 50th Anniversary Concert,2025,10.0,"A mysterious troupe led by the Leading Player performs a parable about a young prince, Pippin, who's in search of the secret to true happiness and fulfillment - his own ""corner of the sky."" With music by Stephen Schwartz and a book by Roger O. Hirson, this classic musical is brought to life in a spectacular staged concert at London's Theatre Royal Drury Lane.",
Vole moi si tu peux,2017,10.0,,
Gentle yexhand 2: El robo de los sensores.,,10.0,,
Gentle yexhand,,10.0,,
I Want a Little.. Soft Drink!,2023,10.0,A man has a strange affinity for small-sized soft drinks.,
It's All In Your Head,2021,10.0,"This Joel Haver Style Animation is a mental health public service announcement (PSA) made by Abigail Jashael Bagabaldo, Amziel Jaezer Bagabaldo, Ralph Janpers Tiama, Uriah Gabriel Venida of BSCpE-312 and BSCS-321 for their subject Euthenics 2.",
The Grinch That Stole B*tches,2024,10.0,"The Grinch has to settle the score with Santa, so he decides to take a different approach.",
Rowan Atkinson Live: Invisible Drum Kit,1992,10.0,In this hilarious clip Rowan bumps into something seemingly innocuous while sweeping the stage. This world famous clip sees him play an invisible drum kit.,
Hobo with Time Machine,2013,10.0,"A hobo saves a teen boy from his bullies. The Hobo and the Boy will have a special relationship, which includes some boiled eggs and a time machine.",
"The Consequences of ""The Premiere of ""The Making of ""The Lumberjack's Daughter""""""",2025,10.0,A movie premiere gone awry leads to an equally chaotic trial to determine the fate of four amateur filmmakers.,
LA MANERA CORRECTA DE OCULTAR UN CADÁVER,2025,10.0,,
Rigadin au téléphone,1913,10.0,"Charles Prince is anxious to meet with Andree Pascal, the pretty and charming woman who works at an office. He speaks with her on the phone, but she passes the call to plump Gabrielle Lange.",
Virgins,2025,10.0,"Seville, 1968. Honorio, Rafa, and Vicente are about to turn 20 and dream of escaping their routine. After watching a NO-DO newsreel about the tourism boom on the Costa del Sol and its air of freedom, they decide to travel to Torremolinos to change their lives and, above all, lose their virginity with Swedish women. Armed with the necessary excuses and a loaded Seat 600, they embark on a journey that will challenge everything they thought they knew until then.",
Balada Para Un Loco,2025,10.0,"Astor leads a normal life with his girlfriend and his job as a publicist, but everything changes when, for no apparent reason, he wakes up unable to stop dancing and singing.",
Mary Wallops Richard,2024,10.0,"When Richard, a stuck up solicitor, meets Mary, his life is turned upside down.",
Influencers,,10.0,"A group of social media influencers and friends attempt to document and expose a social media serial killer for the fake content that he posts only to find out that they become the content themselves. One by one, they achieve the ultimate fame in twisted ways they were not expecting.",
RiffTrax Live: Timecop,2025,10.0,"In the futuristic world of 2004, Jean-Claude Van Damme isn’t just doing leg splits, he’s splitting the very barriers of space and time. Get ready for TIMECOP! Yes, it’s one word! After the death of his wife (Mia Sara) at the hands of time-traveling goons, Jean-Claude Van Damme is recruited to an elite task force of time-based police officers. Why does the government have an elite task force of time-based police officers? TIMECOP may, or may not, have answers to that perfectly reasonable question! Unfortunately, a U.S. Senator (Ron Silver) has gained access to their system of time travel and he’s using it to commit unspeakable evils – huge campaign finance violations – across generations. Imagine a nightmarish world where stuff like THAT happens. You can’t! Will the Timecops stop the senator in time to save the future?",
Stop Thinking: A Barbie Thriller,2024,10.0,"After a night out, Barbie and Stacy investigate the mysterious death of their friend Nikki.",
Dinner of the Deads,2024,10.0,,
A long way from the ziggurat,,10.0,"When mild mannered internet salesman, Dan falls on hard times, he is haunted by a Babylonian demon and uses the opportunity as a guerrilla marketing tactic.",
Drunken Escapades,2024,10.0,"After a night of partying, William attempts to find his lost girlfriend, Mia.",
Queen of hearts - Têtaards Strippers,2024,10.0,"This music video of ""Queen of Hearts"" by Têtaards Strippers is inspired by the world of Alice in Wonderland, featuring a surreal, whimsical clip full of strange scenes.",
Betting on A Prayer,,10.0,"Pastor Hartwell and Sister Betty must find a way to save their church. The problem is...Pastor Hartwell has a secret addiction threatening to bring down the roof of the church. With his faith dwindling, will Pastor Hartwell be able to save his church or will he lose it all?",
Rockway's Charlie,2025,10.0,"A theatrical event like no other, brought to life by RMC",
Limelight,2024,10.0,"Chicano first-year college filmmaker Joshua Trujillo carries the burden of three unfinished projects. Despite the setbacks in his career, his countless prayers to God have convinced him that this journey is one of divine purpose. With a bike to traverse the winding landscape toward recognition, Joshua embarks on a quest to craft a picture worthy of advancing his filmography into the limelight.",
Carapaces Fragiles,2017,10.0,,
Who’s Watching Who?,2025,10.0,"On a night out with his friends, a lovesick protagonist discovers a hilarious and frustrating new companion: the audience, who offers unsolicited advice and commentary on his every move.",
MAN VS PHONE,2024,10.0,"MAN VS PHONE is an award winning feature film about a frustrated, isolated, and unemployed artist/activist/office assistant who becomes increasingly reliant on his cell phone. However, when it uses smart locks and blackmail to trap him inside his small garage apartment, he must figure out how to escape by outsmarting his smart phone... WINNER, Best Writer, Feature Film at the 2024 North Idaho Film Festival (noidff.com). Now streaming on YouTube and Vimeo: youtube.com/@alexanderbergermovies and vimeo.com/alexanderbergermovies",
Gli Effetti del Golem Acido della Distruzione,2025,10.0,,
Rock Progresivo,2016,10.0,Two high school students discover and explore the various facets of this music genre.,
One Slice,2024,10.0,A man goes through many steps to recover his lost slice of pizza.,
The Troupe,2023,10.0,A High School theater department decides to adapt The Hunger Games into a stage play. Chaos ensues as the show grows nearer.,
A Sobrancelha é o Bigode do Olho,,10.0,,
BIGFEET,2023,10.0,"We're all searching for something! Explorer Reed Randle goes deep into the woods on an adventure looking for the ""Bigfoot"" creature. Lost within himself, can he find meaning again?",
The Expedition,2024,10.0,,
The Guenille,2025,10.0,Timothé tries to fit in when he gets invited to a goth show in a church club. A sensual meeting in the bathroom will change him forever!,
Pangarap Kong Maynila,,10.0,Two high school best friends dream of their soon-to-be lives in Manila. But is it all they wished for?,
(No Exceptions),2025,10.0,Two career-oriented coworkers navigate the complications of their burgeoning romance as it goes against their office's strict HR policy.,
Laia* EXPRESS,2025,10.0,"Laia needs help, so she decides to gather four mysterious characters for a meeting that quickly spirals out of control.",
BEYOND SIGHT,2025,10.0,"In Beyond Sight, Dália is a teenager desperate to belong, even if it means adopting the cruel prejudices of her toxic group of friends. But when an unexpected accident leaves her blind, Dália finds herself on the other side of the judgment she once inflicted. Struggling to adapt, she crosses paths with a mysterious doctor who offers her a chance to regain her sight—through an experimental substance that promises not just vision, but a transformation into her best self: Zoe.",
McChicken Movie,2024,10.0,McChicken McChicken McChicken McChicken McChicken McChicken McChicken McChicken McChicken McChicken McChicken McChicken McChicken McChicken McChicken McChicken McChicken McChicken McChicken McChicken McChicken McChicken McChicken McChicken McChicken McChicken McChicken McChicken McChicken McChicken McChicken McChicken McChicken McChicken McChicken McChicken McChicken McChicken McChicken McChicken McChicken McChicken McChicken McChicken McChicken McChicken McChicken McChicken McChicken McChicken McChicken McChicken McChicken McChicken McChicken McChicken McChicken McChicken McChicken McChicken,
"Я Ведаю, так что и вам придётся",2023,10.0,Film about Russian folklore and its secret meaning,
I'll Be Home for National Margarita Day,2025,10.0,"When a big-city developer threatens a town holiday tradition, exes Liz and Sam must team up to stop him.",
Out Of Time,2024,10.0,"Musician 'Jack Bower' is running late to his concert, he gets stuck in a time loop on his way.",
Ronnie California: The King of Artesia,2024,10.0,"Ronnie California, an Indian immigrant who operates an illegal gambling ring out of the back of his failing saree shop, must face the music when the community exposes his shady dealings.",
It Gets Dark Too Early,2022,10.0,"A tragicomedy that follows Valerie, a young girl who seeks solace in the company of the vampire Chrysanthemum to escape her trauma.",
Comment savoir ?,2024,10.0,"At la Sauvagère everyone got his duo. As Harry left Stari to go to the lake, Stari stays in his room questioning ChatGPT: Is he in love with his friend Harry?",
Le Soleil,,10.0,,
El Monito Cuete y los Guardanes de la Clase,2024,10.0,,
Here and There,2025,10.0,"On the last day of high school, childhood best friends, Kath and Noel, embark on a journey of changes and fears.",
La Cimice,2024,10.0,,
Jingle Bell Rock: Mean Girls Gets Animated,2022,10.0,The iconic “Jingle Bell Rock” scene from Mean Girls was transformed into an animated music video. Cady and the plastics bust out the moves in this holiday special with grooves by Safari Riot. Don't miss this short film filled with holiday cheer and Mean Girls easter eggs. So FETCH!,
Urge to Purge,2025,10.0,Charlie and Eli sit down to play a game of scrabble. A simple active to distract from the annual purge. However tensions arise when Eli jinxes Charlie and demands a soda from the store.,
BEAN BOWL,,10.0,"In an age of darkness and despair, a century of pain and suffering, a hero rises from the ashes of known civilization and defeats the forces of evil. And just who may this hero be? BEAN BOWL!!!!!!!!!!!!",
The Long Run,2025,10.0,"When two oddball strangers leave their lives behind to chase their Hollywood dreams, they discover that what they lack in talent, they make up for with determination and a shared delusion, leading to an unexpected friendship that will make them question the realities of chasing a dream.",
Real Talk with Rocco Meo - Responsibility,2025,10.0,"After being dogged on by his friend, Li Angorola, a young comedian, Rocco Meo, looks to find something he can fall back on in case of his eminent demise in comedy. Will he be able to pick up a new skill or lose all social awareness in the process?",
Thalayezhuthu,,10.0,A group of goons learn how to write,
The Kashyyyk Life Day Carol,2025,10.0,"A long time ago, in a galaxy far, far away MALLA THE WOOKIEE is worried her husband, CHEWBACCA, won’t make it home in time for LIFE DAY! Cooking, classic rock and EROTIC VR can’t distract her, her son LUMPY and father-in-law ITCHY! Will Han and Chewie make it in time? Is this really the first appearance of Boba Fett? Can Princess Leia carry a tune?",
Goblin,2025,10.0,Filmmaker Luke Eadie documents his uncle Glen and acquaintance Cheech on their quest to find the end of the rainbow - and the riches that come with it.,
Uncle Duck!,2019,10.0,Uncle Duck watches the kids and doesn't do anything crazy.,
Insomniac,2025,10.0,"A sleep deprived man searches for sleep, but the harder he tries, the further it slips away.",
Survive The Semester,2025,10.0,"2 months after a zombie virus is accidentally released in the federal university of São Carlos, a group of students from the most various graduations try to survive together.",
I Like to Play *And Have Fun,2025,10.0,Offcanny's debut film!,
Comment devenir une racaille,2022,10.0,,
Until Death,2024,10.0,"Alex and Chiara die in a car crash just after getting married. In the purgatory where they are now trapped, they are asked to make a decision : stay together or split up for good, as they are slyly advised in the afterlife.",
Childish Things,2025,10.0,A 30-year-old musician questions his resolve to marry his longtime girlfriend when he meets a free-spirited woman on his cross-country roadtrip.,
È morto Squacqui,,10.0,,
Wormwood,2025,10.0,"Milo, an unemployed and whiny anarchist, finds out he is adopted. After learning his real name is ""Milo Wormwood"" and being forced to get a job by his older brother, Milo decides to use his opportunity to find his new identity. However, he finds himself employed by a failed entrepreneur who has terrible inventions and even more terrible past.",
HalloWiebe,2025,10.0,"On the night before Halloween, security guard Wiebe and his crew are assigned to watch an empty amusement park. Little do they know, they are not alone.",
How I Spent My Summer Vacation,,10.0,Thirteen-year-old Grace confronts her own mortality as her family spends summer at her grandfather’s house during his illness.,
Nepenthe,2013,10.0,"Celestine gets hooked on a new dangerous drug, Nepenthe, and is visited by a mysterious woman named Irene who subtly pushes her towards madness. Meanwhile, Bob and his friends try to save Celestine from her newfound insanity.",
Friday Night Summoning,2024,10.0,Two sleepover taking place at the same time and two demon summoning attempts goes awry,
Jenseits vom Jenseits,2025,10.0,,
Spray Bottle,2025,10.0,An angry former stunt woman struggles as a caregiver for her neurodivergent brother. Spray Bottle is about their worst day.,
Recessão Econômica,,10.0,,
T'Day,2025,10.0,,
Sorry I'm Late,2024,10.0,SECOND PART OF THE JOE TRILOGY  Two old band mates and reminisce on the day they're band broke up.,
Chanel No. 2,2025,10.0,"In a single night of debauchery and chaos, a group of young party-goers embark on a journey to the club, but for Chanel, the night becomes a search for something she can't name. As the line between freedom and self-destruction blurs among the neon lights of the city, Chanel falls further from who she used to be.",
Sillas Bomfim - Jovem Roteirista,,10.0,,
Regular old living,2025,10.0,,
She’s Not There,2011,10.0,"Al is concerned for his sister Edie, who starts to realize she's missing something meaningful in her free-spirit lifestyle.",
Death of a Filmmaker,2014,10.0,"A free spirit actress and an anti-social filmmaker are drawn together in what feels like the universe's doing, but they're only human and the prospect of fate makes them question if they're even compatible together as their mutual friend goes through hell trying to keep the the two from self-destructing.",
As Cinzas de Pedro,2024,10.0,,
Social Credit: In the Search of the Devil,2022,10.0,"A group of teenagers go up against Fazbear, a brutal bear who terrorizes the world. Danisius, the leader of the group, will be alone on this path, but allies who will make him successful on this path are waiting for him.",
Jyväskylän Lyseo Senior Movie 2025,2025,10.0,A high schooler is thrown between a rock and a hard place when his past starts to haunt him.,
Sombras chinas,2025,10.0,"In a world dominated by social media, an obsessive influencer fixated on her ex meets a cab driver with dark secrets. Their lives become entangled in a dangerous spiral of obsession, betrayal, and love, leading to unexpected consequences for everyone.",
Tell Me About The Willy Wallies,2024,10.0,"Melvin, a writer, refuses to acknowledge his old characters at a job interview, prompting these characters to manifest themselves to complain.",
The Sting,2025,10.0,"Lucien is on vacation in the country with his mother and grandmother. He finally decides to write to his uncle. When his mother finds out, she explodes with rage.",
Ring Around The New Year,2024,10.0,"Tonight is the big night, Derek is going to propose to his girlfriend Rachel. She says no but that's not the only problem. Derek is now stuck in a time loop repeating his night of rejection over and over again. Happy New Year.",
이사,2025,10.0,,
Critical Point,2025,10.0,A massively famous retired table tennis player goes up against a new rival. Who will be the one to edge out the competition and win the spin classic tournament?,
The Egos in a Hurricane,2023,10.0,"As a hurricane approaches, Kim panics while her friends throw a hurricane party. In Florida, it's just another excuse to celebrate, until chaos ensues. Headlamps, sandbags, and wild surprises are all in store as the group hunkers down.",
2 Fry 2 Grass,2025,10.0,"Rappers Lil Bus and Playboi Narti record a music video for their song ""Peanutbutter Sauce"" off of the new Jaron Desperado Orchaestra approved hit album ""Couch."" After inexplicable circumstances, a bottle of siracha, and coercing children: things don't go quite to plan. An unforseen hero must emerge to save the sanctity of the Puhi Park Bathroom.",
Mincemeat,2024,10.0,"Laxman searches for her missing cat, but at the same time has to persuade her TV-watching classmate to finish his school work.",
The Coolest Guy In School,2024,10.0,"A teenage boy searching for his identity enters the fantastical world of an A.I.-simulated classroom, only to find that his A.I. mentor has a sinister agenda.",
Kidnap Friends,,10.0,"Two close friends, Aimee (Chelsea Pope) and Doug (J. Elijah Cho), have an interesting business model… That gets MORE interesting when a client (Michelle Driscoll) requests something… odd….",
A Charlie Brown Christmas,2025,10.0,"Christmastime is here. Happiness and cheer.  And for Peanuts fans everywhere. It just wouldn't be Christmas without this classic holiday delight.  Christmas lights may be twinkling red and green, but Charlie Brown has the Yuletide blues. To get in the holiday spirit, he takes Lucy's advice and directs the Christmas play. And what's a Christmas play without a Christmas tree? But everyone makes fun of the short, spindly nevergreen Charlie Brown brings back - until the real meaning of Christmas works its magic once again in this Remastered Live-Action Edition with Improved Picture and Audio. Happy Holidays!",
Zombies in the Antique Shop,2022,10.0,The Egos discover an unaired Halloween Special and try to play it but the DVD player inside the PS4 isn't working properly. A comedic horror anthology is unleashed instead.,
After Hours,2025,10.0,"Carson Griggs and Mike Cather thought breaking into the school library at night would be easy: Grab the answers to a test, prove their friends wrong, and call it a win. But a month ago, Jake Wei vanished in that very library—and the teachers’ frantic warnings to stay away suddenly make sense.",
Almost Graduated,2025,10.0,"Emilia (23), a young woman eager for independence, is finishing her university thesis with uncertainty. Her sense of stagnation leads her to seek an escape, promising herself that she can take control of her future by finally getting her driver's license.",
SOIS,2024,10.0,,
Sine-sine,2025,10.0,"Mikoy and Biboy, two regular cinemagoers, promised a date to Ashley, Mikoy's crush, a movie date, only to discover that their town's old cinema is on the brink of closure due to the dwindling audiences fed up with repeated screenings of outdated films. Determined to save the date, they decide to make their own movie.",
The Talahon-Saga,2024,10.0,,
Rien de Sérieux,,10.0,,
Things to Worry About,2025,10.0,"A mother's love is put to the test when her 13-year-old son changes into someone she can no longer recognize. Will she accept the stranger he has become, or fight to reclaim the boy she once knew?",
Gulai Soor,2025,10.0,"In the vibrant backdrop of Majuli, a retired master thief, Diga, takes an unlikely student, Gulapi, under his wing. As Gulapi learns the art of deception, he becomes driven by a personal quest that challenges the norms of his community. This heartwarming drama-comedy, set in the 1940s to 1980s, explores themes of identity, acceptance, and redemption. With stunning cinematography and a rich periodic setting, Gulai Soor promises to be a captivating and emotional ride.",
La sigaretta di Pavlov,2024,10.0,,
Vecchia Villa Comunale,1953,10.0,,
Keeping Up With MFCO,2025,10.0,"""Keeping Up With MFCO"" is a short film set across four days, featuring iconic locations such as The Otago Daily Times, the Otago Filming Studio, the Otago Arts Block, and various spots around the Otago campus. Directed by the talented River Scorsese, this film won the prestigious 2025 Hands On Otago Award and boasts a star-studded cast of A-list celebrities.",
La Bombe,2025,10.0,,
TOONED TUNES - NO SURPRISES,2022,10.0,"Dopo aver trovato una scatola musicale, un ragazzino gira la manovella per scoprire la sorpresa.  After finding a music box, a young boy turns the crank to discover the surprise.",
Alkohol,,10.0,"Adrian, a sober guy wants to pick up his little brother, Kevin, who is drunk at a party.",
T.T.T. Terror in Teruel Town,2023,10.0,,
2:0,2024,10.0,"Eric is going to meet his girlfriend after a 3-month break, but at that certain day Eric and his friend Levon are betting on their favorite team's victory. But nothing goes as well as the boys imagined.",
Second Sun*,2024,10.0,You wouldn't even believe me if I told you. But like might have something to do with the title...,
The Gate,2024,10.0,A documentary crew chronicles Richard Nixon's last days in office.,
LES GARÇONS FRANÇAIS,,10.0,"In the heart of Quebec, a group of radical French terrorists rise to power, led by the charismatic and dangerous Petit Gamin (Tyler Kersey).  As the lines between right and wrong become blurred, Gamin is forced to confront his own morality as he fights his own past. Will he succumb to the darkness within him or find redemption as he fights against pure chaos?",
The Germs: Short Film,,10.0,An extreme germaphobe finds himself in a sticky situation,
Patito Feo: La historia más linda en el Teatro,2008,10.0,"Patito Feo (or Patty's World), the television hit came to the theater to become a success. You will be able to see the rivalries between Las Divinas and Las Populares in the competition to define which of the groups represents the prestigious Pretty Land School of Arts for the intercollegiate musical comedy. The evils of Antonella and Las Divinas, the tenderness of Patito and his love for Matías, the trio of bad guys led by Blanca who will try everything to get between Leandro and Carmen. The most beautiful story in the theater is a show full of magic, color and joy.",
'98 Honda,2025,10.0,"On a sunny day in 2004, a drug dealer with a secret gets stuck babysitting his girlfriend's 9 year old cousin.",
Little Frog Man,2025,10.0,The absurd story of an appropriately named little frog man and the path of havoc he leaves behind him. Watch as his shenanigans catch up to him in Little Frog Man.,
Writer's Room,2024,10.0,Two filmmakers struggle to come up with ideas for an upcoming festival.,
All Cigarettes and No Smoke,2024,10.0,The journey of a man who runs out of matches to light his cigarette.,
Late Night With Jack Fright,2025,10.0,"Everything  spirals downward when TV show Host, Jack, agrees to interview a very charming guest",
Proyecto AudioVisual 2,2025,10.0,,
Benneby Zappa: Scopophobia,2024,10.0,"Benneby Zappa is a ghost hunter who's been called up to deal with some peculiar happenings in someone's house. Flying chairs, moving objects, but what kind of ghost could it be?",
"He Said, She Said",2023,10.0,"A couple is at home celebrating their anniversary, and they begin to talk about their first date. However, they recall their first date differently, and each of them takes turns recalling their own versions of the events of that night.",
Batalla a Muerte,2023,10.0,,
Ciao Ciao,2025,10.0,"What begins as a simple reunion between old school friends escalates into a series of ""Ciao Ciao"" moments that unravel secrets, ignite new relationships, and trigger irreversible events.",
Chance,1988,10.0,"Comedy based on S. Altov's feuilleton. Instead of a bribe, the official received a newspaper in the envelope... And it saved everyone.",
Life of a Mechanic,2024,10.0,,
Benneby Zappa: Children of the Sour Patch,2024,10.0,"Benneby Zappa and his new intern, Seth, investigate some Sweet and Sour laughter in someone's walls.",
Mi Pana Miguel 2: La Isla y la invasión Panafresca,2022,10.0,,
Venill: The crazy,,10.0,,
Julia,2024,10.0,"This was supposed to be a beautiful monologue by Julia about life, politics, religion and philosophy... But one thing went terribly wrong.",
Enawe,,10.0,A boy and his duck navigate an estranged world.,
"The Specter of Communism, or the Polarization Situation That Shook the Nation",2025,10.0,The highest officials of the United States Government are gathered together to do one thing. Find the communists among them.,
The Good Monkey Massacre,2025,10.0,"When the boys go on vacation, they are soon met with a mysterious adversary: a man in a monkey mask who slowly begins picking them apart one by one.",
Fussclass Dabhade,2025,10.0,"The Dabhade family's wedding brings together laughter, chaos, and emotional moments as old conflicts resurface. Despite the tension, the family is reminded of the unbreakable bonds of love, loyalty, and shared history that define them.",
Clown Hunters,2025,10.0,"Watch Jack and Connor face the consequences of their actions as an old foe reemerges with a new face in this mind-bending investigative psychological horror-thriller drama created by the minds behind ""Gnome Hunters"" and ""A Christmas Carol""",
Top Gear: The Fuerteventura Special,2025,10.0,"The travels of Daniel, Henry, Caitlin and Emma through one of the Canary Islands most decorated locations, Fuerteventura.",
Sthlm Rififi,2025,10.0,"Roberto and his wife Sigge have left their hectic lives behind to settle in a house in the countryside. During their daughter's 6th birthday party, the tranquility of their new life is disrupted by the arrival of Roberto’s best friend and former partner-in-crime, Teemu. With a big score in the works, Teemu is determined to pull his old friend back into the game.",
Enem Day,2023,10.0,"On the day of the ENEM test, a young man realizes he forgot to study. In a panic, he tries to learn everything in minutes, but time doesn't seem to cooperate. Rushed and confused, he fights to understand the impossible before the exam.",
The Perfect Gift,,10.0,"In search of the perfect gift for the girl of his dreams, Rodrigo accepts Valentina’s help in a deal that brings them closer together—leading to a journey of self-discovery and a love that blossoms between them.",
Les Mouches de Beni,,10.0,,
Pineapple,2024,10.0,"Fellaman, an aspiring superhero, comes into possession of 'THE PINEAPPLE', a highly religious figure, regarded by many many as the messiah.",
La Grande Sola,2022,10.0,,
Action! Action!,2025,10.0,"Action! Action! is a high-octane action-comedy bursting with adventure, betrayal, loyalty, and love. When a close-knit crew is hired to steal a priceless Al Capone painting from the Mob Museum in Las Vegas, their plan is derailed mid-heist by an unseen enemy.  Hunted, and out of time, they must uncover who set them up before everything crashes down. With explosive stunts, sharp comedy, and an over-the-top finale, Action! Action! delivers a relentless thrill ride from start to finish.",
Dogs in Love,2022,10.0,"Espeon, boyfriend of the leader of the aptly named organisation Terrorism LLC attempts to stop his boyfriend's antics, all while Terrorism LLC takes on a crime syndicate known as Cypher in a gang war.",
Sacta,2021,10.0,"Putting together a play in high school is no easy task. Especially when the play is sponsored by a shady company called ""Sacta"" that only wants to promote its own products, the lead actress is a train wreck, and the director doesn't seem to care. Fortunately, there is one person on the team who wants to save the play. But will she succeed? Sacta is a unique take on amateur theater, consumerism, and high school.",
Te Quiero,,10.0,,
Te Lo Dije,2023,10.0,,
Crocodrame,2025,10.0,,
Hotel Loo,2025,10.0,"Murad is a well-known psychologist, appears as an expert on various social programs. A famous singer named Aliya seduces Murad and they decide to spend their first night at a hotel. Murad, in a fit of passion, involuntarily grabs Aliya by the throat and squeezes her tightly. As a result, Aliya faints from excitement. Murad thinks that Aliya is dead and panics. He looks for ways out of this difficult situation. Finally, he is forced to call his wife, Sabina, a forensic expert, for help...",
Wisdom of Lies,1992,10.0,"The parable tells the story of a prince who embarks on a journey across the land in search of happiness, but is unable to find a caring person anywhere.",
Tamagawa-kun Wants to be a Cat,2025,10.0,"For Tamagawa, volunteering at a cat café is the only relief from his stressful job. The manager tells him to, ""relax and learn to be spoiled,"" but he doesn't know what that means until a new customer, Rai Shindo, comes to the café and tells Tamagawa he wants to keep him as a cat! Enter their strange, but fateful relationship. A pure-hearted and soothing romantic comedy.",
Gabagool,2021,10.0,A hungry man desires a burrito but faces difficulty.,
Jazz Emu: Ego Death,2025,10.0,"The Full Visual Narrative Concept Album by unpretentious comedo-musicological prodigy and shy genius, Jazz Emu.",
Chebi. New Year,2025,10.0,,
The Balcony,2024,10.0,"Three college roommates accidentally lock themselves out on their balcony, they patiently wait for their fourth roommate to let them back inside.",
Comptoir Tendance,2024,10.0,,
Oute gata oute zimia,2001,10.0,"Lalakis Makrikostas, CEO of a large company, uses his position to go to Kalamata for an inspection at the branch there, leaving his wife Popi alone at home and taking his mistress Lolota with him on the train. Suspicious that he is cheating on her, his wife decides to give him a taste of his own medicine. She accepts the charming Nikos Koutroumpas's proposal to spend a weekend together in Thymaria, as guests of stationmaster Stelios Molfetis...",
Methysmena koufeta,2005,10.0,"In 2003–2004, Vasilis Tsivilikas adapted and directed Robin Howdon's comedy ""Drunken Sweets"" at the Gloria Theater. The performance was re-aired on August 20, 2006, as well as on ANT1 Pacific.",
Latte for Jim,,10.0,"Two men with the same name wait at a local coffee shop. When a latte for Jim is called both men go to grab the drink first. Both desperate to start their mornings off right, the disagreement quickly turns violent.",
Verdensmænd - Bobos surprise,2024,10.0,,
Brasier,2022,10.0,,
*67,,10.0,"Set in the early 2000s, high school seniors and frenemies Mack, Gina, and Bri spend one of their last slumber party nights making prank phone calls. After dialing the wrong number, the girls face a night of mind games and terror.",
Uma Viagem de Graça,2024,10.0,,
Unavil Uravu,,10.0,A surprise visit by her mother-in-law and her friends prompts proud people-pleaser Karthika to inadvertently conform to old prejudices and stereotypes during a botched cooking attempt. Think Shiva Baby meets Gordon Ramsay.,
Angry Birds - Plantas Contra Zombies: Fuera de Control,2013,10.0,"Angry Birds - Plants vs. Zombies: Out of Control was a pirated DVD popular in some Latin American countries. It was known for being a supposed crossover movie between two of the most popular mobile games at the time (Angry Birds and Plants vs. Zombies), but it actually featured animations from both series.",
Thanks Einstein,2024,10.0,"A wanderer, captivated by the beauty of the world, carries a unique and terrifying curse: every illness he sees transfers to him. To escape this fate, he makes the ultimate sacrifice, relinquishing his eyesight—the very sense that connects him to what he loves most, at this point he happens to meet someone which shapes this short film.",
Abad Azal,2024,10.0,A man is trapped in a flat and tries to get out.,
Failing to Save Private Brody,2024,10.0,"A short film based on World War I that was posted on the YouTube channel, ""The Adam Show"" (@theadamshow123)",
Elves,2024,10.0,"Something is amiss at the elf factory. Quotas have increased and wages have decreased, yet Santa is nowhere to be seen. With Christmas morning being only just a few hours away, it is up to his most trusted Elves, Dáithí and Seán to find Santa and save Christmas.",
"My Trip to Mars, the Moon, and Venus",2024,10.0,An ignorant man encounters a higher power from outer space.,
The Elevator Down,,10.0,"Two strangers take the same elevator, unaware of each other's intent.",
Samyan-Man,2024,10.0,"Shin, an ordinary and unremarkable college student, must don the mask of justice as the new Samyan-Man, stepping into the role of the previous Samyan-Man who mysteriously disappeared a decade ago. However, the return of this new Samyan-Man brings an unseen threat to the community, putting its safety at risk once again.",
NYC Rivals,2024,10.0,,
Cramming Christmas,2024,10.0,"It's the night before the Christmas party, and Levi Anderson is expected to set it up... all by himself.",
Artem Tomilov,,10.0,"The film ""Artyom Tomilov"" tells the story of a modern-day Odysseus with an ironic and elegiac tone. Theater director Artyom Tomilov, who grew up in the marginalized outskirts of Omsk, returns to his hometown after 15 years to stage an autofictional play about himself. The events unfolding during the production become part of the play, alongside the myths, spirits, and memories of the hero's past and the people of Omsk.",
One Wish,2024,10.0,"Cooper struggled to connect with his peers during this last year of high school, but when a mysterious new kid drops out last minute, Cooper decides to take a chance and take his place.",
The Bathroom,2023,10.0,"In the bathroom, no one can hear you scream...",
Internal Bleeding,2024,10.0,"Miranda Beckett is an asexual 20-year-old teacher who begins a loving relationship with Mark, the young and sexy school janitor who dreams of being a stand-up comedian and prioritizes sexual pleasure over anything else. One night, she is brutally murdered.",
It's Kinda Annoying How Easily You Could Die,2024,10.0,"After finding himself trapped in a vestibule over Christmas break, a musician must use his wits to survive and find a way to escape.",
Christmas on Braathen Street,2024,10.0,"It's that time of year, and as Christmas approaches Braathen Street, the neighbors come together to celebrate the holiday. In their shared home, they find warmth and joy despite the challenges of their modest lives, proving that the true spirit of Christmas lies in togetherness.",
Torben Chris - GALning,2024,10.0,,
I Used to Believe In Father Christmas,2024,10.0,David begins to spiral after learning a terrible truth on Christmas Eve.,
Motorpsychos: Life in the Slow Lane,,10.0,SAVE THE BMX PARK: Redbullorganizerlocal.com/crowdfunding/money/gqbh1258sjs.jvc,
Class Bling,,10.0,A reclusive bank teller befriends (falls in love with) the man who robbed his bank earlier that day,
Sem Juízo Final,2024,10.0,,
Snowbird,,10.0,"A self-taught rocket scientist invites a big city journalist out into the desert to cover a launch that will prove, once and for all, that the Earth is flat.",
The MPTV Project,2024,10.0,LEGO minifigures develop sentience after discovering their existence is nothing more than a film student's class project.,
Rolling Road,2024,10.0,Two old friends meet again by chance. They are assaulted and must recover what is theirs. 1969.,
Search,2023,10.0,A young male has a testicle problem and starts projecting his biggest fears based on his research on the internet. His girlfriend and twin brother come to the rescue.,
The Monster in the Lake that Nobody is doing Anything About,2024,10.0,There is a Monster in the Lake that Nobody is doing Anything About,
Normandy - The Art of Getting Lost,2024,10.0,"Normandy is going to publish an album, but they lost the pendrive with all the song. Now they have 1 day to re-record it, before Marcos, their manager, left them on the streets.",
Behind the Scenes: The Worst Movie Never Made,,10.0,"A bunch of absolute morons attempt to make a movie and it goes about how you would expect, or something like that.",
CHELU,2024,10.0,"Portrait of Florin, a 45-year-old man living with residual schizophrenia. Despite the challenges posed by his condition, he celebrates his birthday with his friends met on the internet, though this is merely an exception to his everyday life.",
Oysters,2024,10.0,Nat and Apu get into a heated argument right before their guests arrive for dinner forcing them to question their relationship and the values they have held close to their hearts.,
And we're just passing by,2021,10.0,A day and night in the life of a monumental bridge,
The Moon King,2024,10.0,"“The Moon King” is the abstract surrealist adventure of Dermitt McDougal. Plagued by bad luck, Dermitt must deal with a pantheon of strange gods in order to return to his normal life as a construction worker.",
Mime Prophecy,2024,10.0,"A bard, desperate to be rid of a curse, finds a shady wizard who promises to help him.",
Easy Digging,,10.0,"A documentary crew follows Ed Brown, a middle-aged building inspector, as he returns to his childhood dream of digging a hole to China. When Ed’s plans go viral and a billionaire investor gets involved, the whole world tunes in. Ed must face why he’s digging this hole, the loss of a childhood friend, his strained relationship with his father, and what it means to attempt the impossible.",
No Sleep,,10.0,"Nyx has just graduated, and is looking to rest, relax, and just chill in general, yk? Chill vibes only with this short film.",
Breaking in Badly,2024,10.0,"A detective is called in at the dead of night to investigate a series of seemingly unrelated crimes. Slowly, he begins to realise something far more insidious may be afoot.",
The Adventure,2025,10.0,"Because of a meteor shower, 43-year-old Huang Yuqi (Jia Bing) and 18-year-old himself (Wang Hao) exchanged souls, and the man and the sophomore boy accidentally fell into a burst of dual-time laughter.",
our last year at sleepaway camp,2024,10.0,"The days in the lives of several young women and men on their last days of sleepaway camp in Brattleboro, Vermont",
Chicas Malas El Ataque De Momo,2023,10.0,"At IF, the most influential and feared group is led by the Power Girls, girls who control everything, from the parties to the social destiny of each student. At the height of the school year, the fight for the prom crown sparks rivalries and dangerous secrets.  However, a mysterious figure inspired by the urban legend of Momo begins to haunt the school hallways, turning what was once just a battle of egos into a terrifying nightmare. Disturbing messages, unexplained disappearances and a growing sense of paranoia grip everyone, as the competition for the title of Homecoming Queen becomes a fight for survival.  With a mix of teenage intrigue, acidic humor and terrifying suspense, Chicas Malas El Attack de Momo reveals how far someone will go to become number one... and the price others will have to pay.",
"Love, Brooklyn",2025,10.0,"Roger, a writer, navigates complicated relationships with his ex Casey and his current lover Nicole, a newly-single mother, with the support of his best friend Alan. A modern romance set against the rapidly changing landscape of Brooklyn, New York.",
Hjørring Revyen 2024,2024,10.0,,
The mysterious flora and fauna of the Meetjesland,2018,10.0,A super cool nature documentary about the rugged nature of the Meetjesland.,
Brodie In Class,2024,10.0,A brief overview of the Australian private school system.,
Quinceañera,2024,10.0,"A coming of age short film filled with romance and comedy, centering the story of Dani. She's a raging teenager who is pressured into having a quinceañera and is later met with joy and confusion when she meets a shy girl at dance practice.",
Much Ado!,,10.0,"At a masquerade theatre, Beatrice and Benedict, plagued by a past romance and a predatory co-star, navigate blurred lines as their director schemes to trick them into rediscovering love on stage.",
The Wallet,2024,10.0,A man leaves his annoying friend’s house and is confronted by a guy who thinks he dropped his wallet.,
La invasió dels ultra-arrossos,,10.0,,
Doing The Two,2020,10.0,"Breaking News: A new drug trend has taken the local youth by storm. Activist Karen Shepard is on the front lines, fighting for change. Her goal is to lift the face mask policy once and for all in order to stop teenagers, like her son, from inhaling their own carbon dioxide.",
Incontiencia,2024,10.0,,
banana quadrada,2024,10.0,"A film about family, love, affection, respect, house, bananas, holes, deconstruction, misfortune, death, addiction, intention, hyperfocus, motherhood, children, fatherhood, boots.",
Alex Agnew: Wake Me Up When It's Over,2024,10.0,"For two years, Alex Agnew was forced to stay locked in his house and even more so in his own head. The virus that kept us all in lockdown has clearly left its mark. In his most recent show 'Wake Me Up When It's Over' he rails against everything and everyone, from share-steppers to the avocado-eating elite and rutting miniature poodles.",
Sullivan's Dream,2024,10.0,"They say dreams are often strange, but Sullivan's is beyond the pale.",
Winning Hand,2024,10.0,Mike and Jim meet at a resort poker table. Chaos unfolds when cheating is discovered between the two.,
No title.,2024,10.0,The saga of a man in his search for inspiration.,
Drops From Hell,2024,10.0,,
A Tale of Two Gnomes,2023,10.0,Two little gnomes go on a grand quest to retrieve what just may be the solution to all of their problems.,
VOCÊ É O PRÓXIMO,2024,10.0,,
Chog,2024,10.0,An innocent dog sitter takes care of a disgusting old murderous miniature schnauzer.,
B-Roll,2024,10.0,"Rachel follows people for money. But she keeps messing it up. Now on thin ice with her handler Daniella, Rachel must follow a man named Tom and make sure he does not notice her, or she's out.",
Lovesong,2024,10.0,,
The Wildman Massacre,2024,10.0,"A hunter searches for his daughter, who has been taken by a strange animal in the woods. On his search he encounters four shady hunters who agree to help him.",
Gracias Sabrina,2024,10.0,"Leo must film a short film. In trying to find a clear direction for his subject, he will be drawn into a series of experiences that will help him broaden his perspective and deepen his creative vision",
Andiamo avanti,2022,10.0,,
"Dois Pontos, Parênteses",2024,10.0,"Lorenzo has been in love with his best friend, Beatriz, since they were kids. Beatriz is the editor of the college newspaper and runs the news around campus. However, one day, Lorenzo's secret is exposed by his younger brother in the ""Confessions"" section of the newspaper, triggering a series of events that lead to a conflict between them. When they are confronted face to face, truths are revealed, and their friendship changes forever.",
Kevin Smith.,2024,10.0,Two baristas completely ignore their job by discussing the filmography of the jersey-wearing New Jerseyan.,
Inspetor Gallo e o Rapto da Garota de Sanja City,2024,10.0,,
Sandy & Junior Especial,1998,10.0,,
Shoplifters,2023,10.0,"A spirited 7-year-old, inspired by cartoon heists, ropes his older brother into an audacious plan to swipe candy but the adventure leads to unexpected lessons about family, guilt and second chances.",
Un fantasma en Santos Lugares,2024,10.0,"Within the framework of a rock festival at the Ocean theater where Bolsa, Jarabe Vencido, Baqueteados por la Marimba and the Karen Quinlan Band participate, the presence of a ghost in the theater is suspected that would be harassing the vocalist Vic Cicuta.",
Wizard of Oz 3: Dorothy Goes to Hell,2006,10.0,"After Satan kidnaps Glinda, Dorothy returns to Oz to confront the Prince of Darkness before all Hell can be released.",
El Cas Àngelus. La fascinació de Dalí,2024,10.0,,
BreemZ - le film,2024,10.0,,
The Piña Colada Film,2024,10.0,,
Small Talk,2024,10.0,"According to Daisy, high school gym class is the perfect setting for catching the attention of her crush, Devon. As the chaos of dodgeball ensues Daisy's best friend, Phoebe, is roped into helping Daisy execute her plan of getting closer to her crush. Daisy is set on winning, just not at dodgeball.",
Oflu Hoca 4,2024,10.0,,
When The Star Shines...,2024,10.0,"""When The Star Shines..."" is a short film that explores, with humor and emotion, the various ways people connect with the Christmas spirit. Between unexpected encounters, personal challenges, and reflections on the meaning of the season, the story reveals that, even when all seems lost, there is always room for reunions, hope, and magic.",
Dr. Lazarus,1992,10.0,"Pilot episode of a never-produced horror short series: In 1870, a group of Argentine landowners founded the Logia del Eterno Retorno, sponsoring the research of Poison, a British veterinarian seeking immortality. However, a yellow fever epidemic interrupted his plans. Before dying, Poison managed to inject his formula into his son, who became Lazarus. This child, condemned to immortality, returned to Argentina in 1995, carrying the fever in his body, forcing him to undergo constant transplants. Now, he seeks the heirs of the lodge to recreate his ancestors' formula.",
Cubicle,2024,10.0,"While working his usual 9-5, a shy man has a self realization and must decide whether he will face his bully of a boss or continue to be a pushover for the rest of his life.",
Funerária,2024,10.0,,
Ausgestopft,2024,10.0,,
Das Perfekte Geschenk,2024,10.0,,
The Night Of Terror!,2024,10.0,"In this Halloween special, Guilherme Gomes brings us three absolutely terrifying stories!",
The Burning Of Judas,2024,10.0,"""The Burning of Judas is yet another of our country's many customs and traditions. Taking place every year around Easter, this centuries-old tradition involves setting fire to a doll covered in sawdust, rags, or newspaper, intended to represent Judas Iscariot, one of Jesus Christ's disciples and the famous traitor, and the main character in the second season of the soap opera ""The Bible"". However, this event isn't as innocent as it seems for everyone. In this episode of ""Relatos da Vida do Nosso País"", we'll learn the story of Mr. Vicente Judas, a bartender and treasurer of the Parada de Gonta Parish Council.""",
True Story Of Christmas,2023,10.0,"In this short film, Guilherme Gomes explores the idea of ​​the Nativity scene and the legend of Jesus' birth in an... unusual way.",
Taxi de la comedia,2024,10.0,,
External Relations,2024,10.0,"Rick, a 20-something slacker, heads into the office for a final interview to land the job he's sure will turn things around. Only, Rick's ex-girlfriend, Lauren, turns out to be the hiring manager he's never met. Weaving together the past and present, personal and professional, Rick is forced to reckon with his mistakes. Will he get Lauren on his side, or leave empty-handed?",
The Kevin Files Part II: The Kevinator,,10.0,"The newly appointed mayor attempts to stop murders happening in Kevinland with the help of his new friend Pastor Joe Frank, who is not who he seems. Meanwhile, a union of citizens rebels against the mayor's rule.",
The Kevin Files,,10.0,An evildoer disguised as an innocent crime scene journalist commits and reports on various heinous murders.,
STEFAN [ʃteføn],2024,10.0,"Stefan is an Ikea chair belonging to a young couple who lost their dog last year. During  yet another altercation, it decides to get involved.",
5 Bottiglie,2024,10.0,,
Don Rickles Live Mystic Lake,2024,10.0,"Here is the premiere of Don Rickles Live Mystic Lake 2010! Filmed at Mystic Lake Casino Hotel in 2010.  Presented by Winbrook Entertainment in association with Wynnefield Productions, this legendary performance is a testament to Don Rickles' comedic genius. Remastered by Sorcery Cinema, this exclusive release brings the magic of Don Rickles' timeless humor to a new generation of fans. Join us as we celebrate the legacy of the iconic Don Rickles, with the support of the Rickles Estate.",
Greho Sukh Private Limited,2015,10.0,"Witness Bangladesh's most iconic telefilm!  After the massive failure of Somudro Bilash Private Limited, Mr. Rafiq and his gang are back with another business idea. This time, they will provide training and job placement services for housemaids.",
Karoline Augusta Antonsen,2024,10.0,"Born into a family of farmers in the mid-19th century, Karoline Augusta Antonsen moves to a nearby industrial city in her late teens, driven by the dream of building a large family and owning a big house. This short film follows her journey of hope, and her struggle to survive in a tough economy. Will she achieve her lifelong ambition or will her story end in tragedy?",
Peach Pits,2024,10.0,"Ari, Liv and Brooke are roommates and the best of friends, but when one of them meets a new guy, their friendship is put to the test.",
Seeing Someone Else,2024,10.0,"A young man coming to terms with his future, as well as the impact he has on those around him. After a devastating break-up,  John, begins taking a mysterious drug that allows him to see his ex-girlfriend as though she never left. As time goes on however, he realizes that this imaginary woman has little in common with the person he used to know.",
Paper Players' War,2024,10.0,"A Blue Soldier and a Yellow Soldier play a board game trying to outwit each other, struggling for control over a piece of land. The Farmer who belongs to the land is not allowed to play and must pick a side. As the fighting escalates, what side does she choose?",
Shutterbug,2024,10.0,"Shutterbug follows a troubled teenager named Thomas as he explores his passion for photography. The film portrays Thomas's journey from a confident, even arrogant, young photographer who believes himself to be a prodigy, to a humbled individual who discovers a deeper purpose in his art. This mockumentary reveals Thomas's struggles with self-doubt and his eventual understanding of what truly motivates his art.",
Crescendo,2024,10.0,"We delve into the universality of music and the contrasting nature of musical preferences through the story of Yomna and Farah, two teenagers who differ in everything except their shared passion for music.",
Geese of Love,2024,10.0,"In the heart of Kyiv, Hena, a charming daydreamer, falls for a mysterious girl he barely saw on a crowded bus. Armed with only a few clues, he embarks on a comical, bar-hopping adventure with his best friend to find her. But will Hena’s determination to chase love be enough to make their paths cross again?",
Battle of the Fathers,2024,10.0,"Beloved Kostya and Masha decide to get married. But immediately there are problems with relatives. Kostya's father is a retired military man, a strong—willed Russian man who plans to rent an Officer's House for a family celebration, invite all relatives up to the fifth generation and celebrate according to the traditions of the Russian feast.",
The Band,2008,10.0,,
The Phantom Freak,2024,10.0,Four fellers bite of more then they could chew when then mess around with a ouija board,
Digging your life,2024,10.0,"An unknown disease is striking to younger generation, the patients are going to lose the sense of reality and the memory of themself. We following a girl who got her new name 'OK' and she is going to figure out what's going on.",
O Mapa não é Terrítório,2024,10.0,"The short is based on the theory of philosopher Alfred Korzibisky, creator of General Semantics and which is currently part of one of the main assumptions of Neurolinguistic Programming.",
Dulcinea,2024,10.0,"Dulce is an influencer obsessed with her self-image. After firing her best friend Clara from their co-owned content channel, a domino effect in her life will make her question her humanity and the world behind the screen.",
Karaoke,2024,10.0,Julian Toshi finds the beauty of life in the most simple things.  Is in his daily routine where he reflects about finding purpose.,
Blonde Apparition,2024,10.0,"In 1944, Luciana, a sensitive young woman full of dreams, sees her life fall apart after the painful separation from her best friend. In a moment of despair, she tries to take her own life in the school bathroom, but fate gives her a second chance. However, a tragic event turns her into a ghost, trapped between the worlds of the living and the dead. Now, Luciana wanders the bathrooms, summoned by those who know the ritual that brings her back. As her story intertwines with the present, a group of teenagers decides to unravel the mysteries surrounding the legend of the Bathroom Blonde, facing not only the ghosts of the past, but also their own insecurities and fears. A moving journey about friendship, loss and the search for redemption.",
Le Gargouillon,2024,10.0,,
I Can't Have Sex,2024,10.0,"Bel Gatti can’t have sex, so her therapist suggests she make a film about it, turning her supposed external trauma into a boomerang. We witness the daily narration of her life, with her babysitting job, visits to her mother and grandmother, her real and fictional kisses and her personal search. The landscape is also populated by dildos, drag performances and an actor possessed by Andy Warhol himself. Everything passes through filters, gifs, stickers, post-contemporary aesthetics and the closeness that the length of the director’s arm gives us for this intimate social network diary, a hyper-documentary that tries to interpret this hypersexualised society. And fun, a post-humorous fun. Would you dare to laugh?",
"Baile, Botella & Barajas",2024,10.0,"In the world of briscas, three kings and a queen gather to play cards and discuss the important issues of society... if their eccentric personalities allow it.",
Okamoto,2024,10.0,"Manta Okamoto is a strange young man. He is prone to spontaneous tantrums. On the verge of hikikomori, he faces reality through numbers and with a brain full of crisp ideas. He’s also the most creative editor in the magazine where he works, even if he’s always late. One day, one of his seniors at the publishing house offers him a job: he could earn a lot of money just by taking care of a cardboard box for a few days. On the other side of town, a group of gangsters are missing something and will do anything to get it back.",
Not That Kind of Clown,2025,10.0,"When social hermit May hires a birthday clown for herself, she doesn’t expect Germayne, a disillusioned Pierrot to show up for the job. After May’s emotional baggage spills through her carefully constructed facade right in the middle of it, Germayne takes matters into her own gloved hands.",
Breogán,2024,10.0,,
The Man Who Wrote About His Past,2024,10.0,"An experimental, non-sensical comedy about bringing a stone age man back to our time, made with the app “Plotagon”.",
My Way Or The Highway,2024,10.0,A young Man must win to find out what reality is truly about. But when a young man arrives.,
The Contract,2024,10.0,A married couple enters into a contract to have a threesome and realizes what is most important to their marrage.,
Fomos Perseguidos na Floresta!,2024,10.0,,
OK/NOTOK,2024,10.0,"OK/NOTOK is a genre-bending love story set in the very near future with a darkly comic edge. Loretta, a working-class British Asian woman, attempts to navigate a turbulent world, a new stranger in her life and unskippable adverts.",
How to become positive,2024,10.0,,
The Tie,2024,10.0,"On a road where there is no one, Prosecutor Cengiz's car breaks down. The only team that can help Cengiz, who is trying to get to the hearing in the city center, is a prison vehicle containing criminals.",
Notes on Myself,2024,10.0,"One person with a strange condition, multiple inappropriate therapy techniques, and an indefinite number of rapidly spreading post-it notes. That’s just K’s reality, a young adult who’s leaving a trail of yellow post-its wherever they go. In a desperate attempt to get some sort of medication for this “disease”, K goes through an ordeal of psychiatrist appointments only to discover the unpleasant and unwelcome surprises.",
Império de Papel,2024,10.0,"Francisco, lost in an exhausting war of paper balls, tries to find a way home with his friend Stanley among the dead and a lot of blood.",
Golden Brothers,2024,10.0,"Koli, an honorable elderly man has just opened his business, a ""Funeral Agency."" Everything seems perfect, except for the fact that he unintentionally finds himself caught in the trap of a criminal gang. Together with his brother, whom he has employed in his agency, they will go through many trials, during which they meet Besi, believing him to be the right solution to their problem. However, in reality, this solution becomes a harm inflicted upon Besi, who, justifiably, will use them to rectify the wrongdoing committed against him. Friendship and enmity, danger and adventure, laughter and tears will accompany them on the crime-laden path of no return, in pursuit of the hope that the truth will prevail.",
El cacharrico,2023,10.0,,
Psycho Killer Queen,2024,10.0,"After getting cheated on, Lily deals with her break up and her broken heart in an unusual way.",
Chickenboy,2024,10.0,"When a lonely farmer accidentally makes a chicken-human hybrid; he must decide it’s fate, and ultimately his own.",
Crackdown,2024,10.0,Watch two rival gangs vie for power on a street corner selling drugs.,
Start Up,2024,10.0,"Brothers, Pete and Norm Stuckey, will do anything to make sure their brand-new make-up startup is successful. Pass out flyers, hit-up social media influencers...and even borrow money from their town's local loan shark. With the clock ticking to pay him back, and their product missing days before their company launch, they'll have to turn to a late-night, infomercial 'fixer' to save their business...and their lives.",
Sandwich Baseball,2019,10.0,"Geoffrey Baseball is struck with tragedy at the death of his mother. He is always living in his father’s shadow, living his father’s dream. Against all odds, he combines his mothers love with his fathers hate resulting in the perfect lunch time sport: sandwich baseball",
Holy Bananas,2024,10.0,A snack-hungry teen finds himself trapped in a surreal nightmare after reaching for his favorite gummy bears.,
Tourists,2015,10.0,"On the verge of separation, a song comes on that transports an interracial couple to a time when they were at the height of their love. Can this love last, or are they just tourists in each other's lives, bound by time and place?",
TCHAKABUM,2022,10.0,,
Life Hacks for Lovers,2024,10.0,Roberta finds her recipe for love.,
The Tent of Wisdom,1982,10.0,The film is based on the fables of Sulkhan-Saba Orbelia,
Ext. Friendship - Night,2024,10.0,"Four old friends gather on the night before one of them is about to leave for military service to bid him farewell. One of them documents the events of that night. Years later, he returns to his country and tries to reunite the group.",
Yours,2024,10.0,"A wandering suit man finds love, but that’s not his true desire. Through a seductive encounter, he begins to reveal his own identity and delusions surrounding him.",
Søren Ladefoged - Knap Så Tavs,2024,10.0,,
Niels Nørkjær - Det Ene Ord Tager Det Andet,2023,10.0,,
Tjelle Vejrup - Aase,2023,10.0,,
Clipes da resenha #2,2024,10.0,,
Gnomegeddon,2024,10.0,"With decades worth of evidence including leaked government computers, found footage and children’s television, one hardcore believer shares their troubling findings about the impending gnomegeddon with the world.",
Kekaiulu Hula Studio,2022,10.0,"Kekaiulu Hula Studio follows the Proclaimed Hula Halau of the same name, showcasing their twist on what the real reason for hula is and what life as a dancer in the halau is really like.  Something previously unseen in the public eye.",
Renewing Mikael,2014,10.0,Mikael hears that he has only six months to live. He decides that he will look good at the coffin.,
Butterflies,2024,10.0,"It's summertime. Sacha and Nina are gently getting bored in the countryside. There's the thrill of first love, but also the end of adolescence.",
Entre plumas y dulce,2022,10.0,,
Just One Night,2024,10.0,"Liv, a first-year university student, recounts an absurd evening spent with the ever-so-charming film-bro Guy. Through her reflection with her close friend Margot, she realizes the night was not as magical as she remembered.",
In Control,2024,10.0,"When a few friends stumble upon a possessed game controller, they must work together to defeat the evil inhabiting their apartment.",
Henrik Danielsen - Lykkeligt Folkefærd,2023,10.0,,
Daniel Lill - Glad i Låget,2018,10.0,,
Now and Then,2024,10.0,"Does love run out? Does it have an expiry date? Sofía and Álex, a couple like many others, begin a love story, going from mutual attraction to unbridled passion. But coexistence and the mere passage of time force this beautiful story to begin to write its end. Perhaps love has run out of steam from so much use.",
The Abjuration,2024,10.0,"Metropolis meets Necropolis, Gotham gets drawn and erased, and Glasgow plays host to a spectacle that nobody will ever see.",
CD7,2024,10.0,The seventh installment of the Clip Dump saga. Feature length this time!,
Clipes da resenha #1,2024,10.0,,
Freeloaders in Moscow,2024,10.0,"Summer 2022, two young people are on a road trip. Drama, philosophy and humor in a road movie by TitiMiti.",
Three Missing Treasures,2024,10.0,"Mr. F is suspicious about the infidelity in his own marriage. As he searches for answers, money and threats become essential tools.",
Hot Takes ep 1,2024,10.0,"This is the First edition of New Crowd work Show ""HOT TAKES"" In This show we allow the audience to express their most Controversial opinions anonymously and we try to discuss these opinions with the room trying to make jokes and have fun about the general topic and have healthy and fun debates about  Ambani's wedding ,  English or spanish , Ugly guys Treat you better , No Helmets while Driving , Yashwardhan Vs Vivek , Move on , Slim Boys Vs Fat Boys  , Big Boss OTT , Football vs Cricket and  Barish me bheegna",
Behuli From Meghauli,2024,10.0,"Behuli from Meghauli is a Nepali social drama about a father's struggle to find a perfect groom for his daughter, while she searches for true love. The film highlights family expectations with humor and emotion.",
Take Me to Your Leader,2024,10.0,"A lonely science-fiction fan, Janet, builds a machine to make contact with aliens. When she finally gets a response, she finds herself growing closer and closer to the extraterrestrial through their communication. Little does she know that she’s actually talking to Brad, another human being, who also believes he’s talking to an alien.",
Alla vigilia della guerra...,2024,10.0,,
Queens of Christmas,2024,10.0,"Doris and Julia, life-long friends and feuding neighbors, learn the true meaning of “sisterhood” and Christmas while hilariously competing for the annual title of “Queen of Christmas.”",
BAU-BOOM!,2024,10.0,"Un chihuahua nervoso di nome Picasso viene infastidito. Meglio lasciarlo stare. A nervous chihuahua named Picasso gets annoyed. Better not to bother him.",
Sensation,2024,10.0,"After telling a silly joke, an innocent janitor working in a small comedy club struggles with unforeseen praise that transcends his nightmares and chips away at his sanity.",
M.A.D.,,10.0,"When a young man is forced to remain hunkered down in a nuclear fallout shelter, he does anything and everything to pass the time.",
els TIUS hackejen el canal,2024,10.0,,
Con Job,2024,10.0,"A selfish narcissist and his cash-strapped best friend hire a corrupt notary to swindle his estranged brother. After the notary dies in a freak accident, their elaborate scheme goes off the rails.",
Slaying - Parte 2: Vapo,2024,10.0,,
Runway Kill,,10.0,"In order to impress the schools fashionistas, McKenna, an underprivileged loner, finds a dead fox on the side of the road sparking an idea in her to use roadkill to create the clothes she can’t afford.",
Slaying - Parte 1: Period,2024,10.0,Just a bunch of people doing what is necessary to do... Slay!,
The Van,2025,10.0,"Living in a van on the outskirts of Barcelona, Bear (Pol López) does everything he can to give his six-year-old daughter a life filled with joy, even when there's little to hold onto. Between unsteady routines and fragile hopes, their bond becomes a quiet act of resistance. A heartfelt story about love, dignity, and the small miracles that can bloom in the hardest places.",
The 94 Yard Dash,2006,10.0,"2 friends race each other in a Sears, for all the glory in the world.",
Ghost Story 2,2024,10.0,"Bala is a 20-year-old who has always been lazy. His father Raasikannan live like Korean culture, without worrying about him. Then one day mysterious supernatural activities happened in his house!",
Fer un Stop Motion és massa difícil,2024,10.0,,
Halloween Friends,2023,10.0,The two guys with mask from iconic horror movie characters Jason from Friday the 13th and Ghostface from Scream movie meet in NYC to celebrate Halloween in their own particular way. Their victim of choice suprised everyone on this occasion.,
Saha Dahmane,1980,10.0,"Film about Dahmane El Harrachi, musician, singer and composer of the famous song ""Ya Rayah"", a cult song covered by Rachid Taha, which will enjoy international success. Virtuoso of the banjo, the work of Dahmane El Harrachi did not initially respond to the canons of the purists of Algiers Chaâbi song. However, he will end up establishing himself alongside great masters of the genre, El Hadj M'hamed El Anka, Boudjemaâ El Ankis, El Hachemi Guerouabi, Amar Ezzahi... He plays his own role in this film shot with his musician friends, just before his tragic death in 1980 in a car accident on the Corniche of Algiers.",
The Great American Delta-8 Road Show,2021,10.0,"On the 4th of July in Florida, Kim and Alex make a shocking discovery, Delta-8 isn't real weed. Determined to score the real deal, they embark on a spontaneous cross-country road trip to California.",
The Egos Survive the Pandemic,2020,10.0,"The Egos navigate the absurdities of 2020. From the chaos of school surveys and Tenet confusion, to masked interactions and socially distanced life, they tackle the pandemic life with sharp wit.",
L'étoile qui tue,2024,10.0,,
SF Movie: Spongebob The Cinephile,,10.0,Spongebob and Jibanyan get into a heated debate about cinema!,
DOGMA,2024,10.0,"After adopting a new dog, the owner quickly realizes he's signed up for more than he bargained for.",
Dirty Donna,2024,10.0,Dirty Donna is a 3-part animated horror/comedy. Circling around a vengeful set of sisters trying to deal with their favourite brand of smokes being permanently discontinued.,
Richmond High School: A Nerd's Redemption,2024,10.0,"A shy, nerdy high school student named Clarence is secretly in love with the most popular girl in school, Lucy, who is dating the school's biggest bully, Tyrone. When Clarence catches Tyrone cheating, he must decide whether to expose the truth and risk his wrath, or keep quiet and watch Lucy suffer.",
The Adventures of Tim and Jack,,10.0,Two best friends get telekinesis and go on a quest to defeat a wizard!,
ENPA,2020,10.0,"Akilan who afraid to talk with his father about failed marks scored in exam , how Akilan is faced this problem with his father and his crazy brother Mukilan .",
I Survive in Farm Merge Civilisation,2024,10.0,"In Farm Merge Civilisation, many antics occur, resulting in many twists you will never expect.",
with a previously separated person,2024,10.0,,
#DadLife,2024,10.0,"A young couple embarks on the exciting journey of adoption, preparing to welcome a new member into their family. As they navigate the ups and downs of becoming first-time parents, they experience heartwarming bonding moments, hilarious mishaps, and plenty of dad jokes. With each step, they grow closer to realizing their dream of parenthood, but unexpected surprises and lessons about family await them along the way.",
Stars in Siberia,2024,10.0,"A large company from Siberia invites top stars of Russian show business to a New Year's corporate party. The artists agree and board the plane, but life makes its own adjustments - from the airport, a bus takes them to a small village in the snow, where they are met by the head of the local village council. The stars are in for some tough tests: Svetlakov and Brekotkin will test their friendship for strength, Klava Koka will be left without social networks, Olga Buzova will end up in a large family of Evenk hunters, and Timur Batrutdinov will drink a love potion in the house of a Siberian healer.",
The Dates,2024,10.0,"At a romantic dinner, a couple begins to observe the table next to them, as they suspect a killer is lurking. But first, they need to reach a consensus. Is he really a killer?",
The Tedious Affair of Mustache Grooming,2024,10.0,"When a man's deceased best friend comes back to life as a rat, his reality starts to dissolve and chaos ensues.",
Pikmin Plush Adventures R,2024,10.0,"In 20XX, Captain Olimar has finally earned a paid vacation! But when his coworker Louie and his dog Oatchi crash his ship, the 3 must join together with an alien species known as Pikmin to collect the ship pieces before they run out of oxygen, or worse, the Apexes take them down!",
The Unexpected Party,1953,10.0,"This musical comedy produced in 1953 for the General Government of Algeria, features the comic trio composed of Rouiched, Mohamed Touri and Sid Ali Fernandel, accompanied by the orchestra of the master of the Algiers Chaâbi El Hadj M'hamed El Anka, the singer Fadhéla Dziria, Mustapha Skandrani on the piano. Some scenes were filmed at the Summer Palace (the current Palace of the Algerian Presidency, called the People's Palace). André Zwobada, the director, will play an important role after the independence of Algeria in 1962, in the production and preservation of the first Algerian newsreels.",
A Goal in Marseille,2024,10.0,"Robert just wants to watch Norway play Brazil at the 1998 World Cup, but his bad decisions are about to catch up to him at the worst time possible.",
Katsu,2024,10.0,,
Frank,,10.0,"Two amusement park workers - a cowboy and a gorilla - dive into an absurd conversation about life, love, and personal drama.",
Mariko Aoki,,10.0,"When a man in a Target suddenly feels the need to use the restroom, he is forced to face the obstacles that come in his way.",
Ivan the Unbearable,2008,10.0,"After failing to read the warning label on a box of Troll Cookies, the cursed Viking Ivan gets a case of the hiccups that threaten his entire village. Ivan must make his way to Troll Co. to find a remedy, but first, he must get pass the formidable guard.",
The Continental: Anticipation,2001,10.0,"You've lost your brooch. Your downstairs neighbor, a mysterious bachelor, has found it.",
Madoc Under Attack!,2024,10.0,"A large, lizard-like monster emerges from Moira Lake and attacks the town of Madoc. The citizens of Madoc work together to end its tyranny.",
The Horrors of Going to the Park,2024,10.0,"A mother is hiking with her child, when she realizes he disappeared. Meanwhile, a fight breaks out between two devious warriors.",
Mixed Media,2024,10.0,"A bunch of friends are making a movie in an attempt to win the shortest film competition. But when people have to go to work, things get challenging. Can they finish the movie in time for the deadline?",
Art Talk,2024,10.0,Four students debate the philosophical meaning of a mysterious painting.,
L'oeil du Tophographe,2024,10.0,,
Amnesia,2024,10.0,A forgetful man gets into a heated situation,
"friends, till death.",2025,10.0,MY FRIEND WANTS ME TO KILL HIM.  Two best friends face off when one of them is depressed and asks the other friend to kill him.,
"What's Up Next, Nino?",2024,10.0,"One spring evening, Nino, a young writer of flamboyant, kitschy melos, finds himself catapulted into the nightclub of a city on the edge of the world. How did he end up there? Between two drinks, under the benevolent gaze of Rosa, a philosophical barmaid, and Al, a young customer, memories of his incredible evening gradually surface, like fragments of a love film that has yet to find its ending.",
Праздник,2001,10.0,,
"Do girls eat? And if they do, what is it?",2024,10.0,"Alberto is the head of a production company always looking for scandalous stories to cover. One day he comes across a viral TikTok of Paula, a cannibal activist who defends her lifestyle on social media. After getting in touch with her, the ""Alberto Te Lo Cuenta"" crew will follow the girl and her partner to show a day in their lives.",
GEN SLASH,2024,10.0,The members of a film jury find themselves locked in a cinema after they can’t decide which film to award the prize to.,
Scratching the Surface: A Hasty Examination of the Making of The Muppets,2012,10.0,,
Disorder,2024,10.0,"Four darkly funny tales about Lebanon: Activists planning a protest descend into internal strife. Three sisters and their mother argue while an incompetent plumber destroys their flat. Depressed life coach Malek wants to die and seeks help from a «death coach». A stand-up comedian who jokes about a meteor strike that could put Lebanon out of its misery, is blamed when it appears to come true.",
The Curious Case Of Peadar Ó'Nultaigh,2024,10.0,What's the story with Peadar? Is he another man counting his pints... Or Cork's overnice hero Pintman?,
Blank Out,2024,10.0,"On a cold morning, a curious kitten and a venturous puppy decide to embark on a furious sled experience. The puppy takes the lead, while the cat follows along. The adventure, however, brings some unfreezing surprises.",
Character,2024,10.0,"During a writer's block, a frustrated writer becomes obsessed with the idea that he or she is a fictional character.",
La Flia,2024,10.0,"Carlos, Paula and their two teenage children, Juana and Fausto gather for an eventful night. What seems like just another dinner turns into a duel of hurtful words, looks, and passive-aggressive comments. Over the course of dinner, the tensions and anxieties that arise between them will be revealed, collapsing into a fragmented family and a failed attempt at connection.",
Mountain of Miracle,2025,10.0,"Lonely online miracle worker Olli Hermes cannot accept that his favorite show ""Dr. Burg - der Herzchirurg"" is being cancelled after 35 years. During the last episode, his reality merges with the world of the series. Now Olli is faced with the big question: can he save Dr. Burg from his demise in the feverish finale?",
Thânia & Luísa,2021,10.0,,
Unprecedented Crimes,2024,10.0,"Frank and Ollie start their first day in crime, only to find it’s nothing like their favourite movies.",
Manco Morto,,10.0,,
SLAY,2024,10.0,"Living with flatmates can be tough. Living with an influencer can be even tougher. Phoebe, Jade and Heather have had enough and conspire to 'deal with' Danielle once and for all.",
Clown Bible,2007,10.0,The bible but with clowns.,
Reseda Blvd,,10.0,"In the heart of the San Fernando Valley, along the bustling Reseda Boulevard, a diverse tapestry of strangers crossing paths in unexpected ways.",
Dangerous Cargo,2007,10.0,"Two friends pick up a strange hitchhiker, who has a few surprises up his sleeve.",
True Beauty: The Movie - Part 2,2025,10.0,"Reina's beauty and dreams dazzle, but her bare face exposes hidden truths as Shun and Yu vie for her heart, stirring tension and racing emotions.",
Chennai City Gangsters,2025,10.0,"Having lost a big amount of boss's money given for safe keeping, Pandi and Poochi recruit four washed-up conmen to pull off increasingly a ridiculous bank heist to repay the lost cash back.",
Sleepover at the End of the World,2024,10.0,"As international tensions are on the rise and the threat of nuclear fallout becomes increasingly hard to ignore, estranged sisters Melanie and Olivia spend a night burying the hatchet of past disagreements in the face of their apocalyptic doom",
In The Backstage,2024,10.0,A band lets the pressure of their first concert get the best of them.,
Rampant Buffalo,2024,10.0,"A documentary about an unpredictable and exciting night when a simple birthday party turns into a chaotic adventure. The main character, Maxim, finds himself in the center of events when excessive amounts of alcohol and heated emotions take over. From funny situations to moments when it seems like everything will get out of control, the film captures the dynamics of friendship, fun and unexpected turns that can happen when a celebration becomes a real test for everyone present.",
In Different Rooms,,10.0,A grieving man gets a surprise visit from his best friend.,
Fear Is at Its Peak,2024,10.0,A horror game she plays turns into reality! A thrilling lego movie.,
That Western Film,2023,10.0,A sheriff enters a new town not knowing what to expect. He finds violence and friendship on his journey.,
"Alô, Dolly!",2013,10.0,,
Waiting Session (50$),2024,10.0,"In an increasingly oppressive modern age, the characters of this film are subject to the alienation and meanness that characterizes today’s days.",
Late Night Lift,2024,10.0,"When Bella goes to her new apartment gym later than usual, she encounters an unsettling gym goer amidst a slew of murders in her small town.",
TellyBuba,2024,10.0,A Student Short Film About Teletubbies Fighting Sensei Wu And A Dinosaur,
Happy Birthday Jim Henson,2024,10.0,"Join Kermit the Frog, Oscar the Grouch, and Gobo Fraggle as they celebrate Jim Henson, the man who inspired the lovers, the dreamers, and all of us to come and play, and dance our cares away.",
Starfood - Sushi in Space,,10.0,"In a galaxy not so far away, the world the two moons ""Alphamoon"" and ""Betamoon"" is very divided. While life on ""Alpha"" is wealthy, luxurious and elegant and people always have plenty of food, culture and nice conversations, living on ""beta"" is the opopposite. People live in an industrial landscape and work hard for little amounts of bad food and bad air, to provide ""Alpha"" with the best things. But a little piece of Sushi, flying through space is about to change that.",
The Egos get Canceled,2019,10.0,The Egos face their toughest challenge yet—surviving in a world where one misstep can mean career death. From SNL firing Shane Gillis to secret brunches for shows that survive 100 episodes. Can The Egos survive the Cancel Culture.,
Sem Legendas,2022,10.0,"Maria, an elderly woman that lives alone, asks her neighbor for help fixing her TV.",
The Egos: Summer of Drake,2018,10.0,"The summer of 2018 was legendary - Drake was dominating the charts, MoviePass had us living at the theater, and the World Cup kept the globe glued to the screen. But nothing was better than Jurassic Bark.",
The Egos: Cinematic Universe,2018,10.0,"The Egos assemble in an Avengers-style parody where a mysterious stone can make all men disappear. Chaos ensues as they navigate the consequences, leading to the group facing censorship and being censored for their past actions.",
(No) Feliz Cumpleaños,2024,10.0,"Diego, a young man turning 18, faces loneliness when his mother leaves him for a date and his friends cancel plans to celebrate his birthday. Caught between indifference and disappointment, Diego tries to find meaning in a night that should be special.",
Arts and Culture,2024,10.0,Sloppy man Geir starts working at an art museum where he meets stuck up wannabe artist Hörður. Things get weird when they bring a sofa to the space without permission.,
Entre Nós,2024,10.0,,
The Muppets: Stars & Stripes FOREVER!,2008,10.0,,
The Destroyer of Pluto Conquers the Universe,2025,10.0,"He saw his planet invaded and destroyed by Pluto's forces, so he had the chance to take revenge. But now, after years of exploring the galaxy, he has the chance to find a new home. But he is no longer the same.",
ARGILEUX,2024,10.0,,
A Cheesy Christmas,2024,10.0,"A recovered VHS tape that still holds the home video recording of A Cheesy Christmas, a romantic comedy that first premiered in 1994 on channel RDZ! Still has the ads, but what a nostalgic time.  A family friendly stand alone film that can work as a companion piece to the horror, Curtains for Christmas.",
"""L'Affaire Anna Lisbonne""",2021,10.0,,
The Egos: Sequel,2017,10.0,"Will and the rest of The Egos are back at it, ready to create a sequel. This time, they're battling a city-wide avocado shortage, all while trying to shake off the catchy tune of ""Despacito"" that's stuck in their heads.",
Pemburu Hibah,2023,10.0,,
Stavolta Tocca a Me,2016,10.0,,
Tra le sette e le otto,2022,10.0,,
Monster Mosh,2022,10.0,"When loud music interrupts the mourning of his dog, a young boy goes to chastise the monsters responsible.",
IFPE Em Foco,2023,10.0,,
Memórias Póstumas de Brás Cubas - O Curta Metragem,2024,10.0,,
Julienne of Light Bulbs,2024,10.0,"In a magicians’ private stand-off, two practitioners must brave tricky challenges to demonstrate a hidden ability. They conjure animal illusions, consume light bulbs, and face the choice between antagonism and friendship.",
The Faceless,2024,10.0,"The Father is dead, and chaos has taken his place. Blood will pour in the battle for the territories he held.",
At Sea,2024,10.0,"AT SEA is a visceral and poetic short film that blends docu-style realism with narrative fiction, following a group of faceless sailors navigating the unpredictable seas of Greece. Through the fragmented memories of an unreliable narrator, the film weaves together a non-linear story that shifts in mood with each chapter, offering a fresh perspective on the sea. Based on true events… almost.",
Lesbian Jesus Is Pregnant with Vibes,2024,10.0,"Liza, a berserk 19-year-old TikToker is plucked off the internet, thrust onstage, and declared ""Lesbian Jesus!"". She travels the country by bus with her underqualified Momager and loving girlfriend Avery. In a rollercoaster of an interview with the New York Times, we learn that Liza has been assaulted by the producer who discovered her. While she wants to out him, he contractually owns her (and her music). And if the article is published, Liza and her mom will lose everything and get sued for defamation. They navigate this reality in real time (the 7 minutes before their bus leaves for Hartford).",
The Muppets: Classical Chicken,2008,10.0,,
BFFs,2025,10.0,Two best friends play practical jokes on each other until things get out of hand.,
Apophenia: Volume 1,2023,10.0,"A collection of 9 short stories that take place around Khon Kaen Province, with both real and unreal events mixed in. Your mind will be swept away by the wonder of the people of Khon Kaen, or will you be left feeling lost and unresponsive!",
Lucky Coin!,2022,10.0,"About a college student who believes he's constantly failing a course because of ""bad luck"" and tries to break ""bad luck"" by an extraordinary way to pass the course.",
Concessions,2025,10.0,"As the Royal Alamo Cinema closes its doors for good, jaded staff, eccentric patrons, and an unhinged manager stumble through one last night at the movies —grappling with busted dreams, bad popcorn, and hard goodbyes.",
Wisconsin Johnson and the Lucky Bone,2024,10.0,A young adventurer must find a magic wishbone before it falls into the wrong hands.,
The Human Supremacist,2025,10.0,"To fight plant and animal cruelty, a vegan joins a cult and must harness photosynthesis before starving to death.",
Fist of the Punching Fist!,2023,10.0,"In an effort to avoid the IRS, a man pulls up to an abandoned house in the middle of nowhere. To his surprise, a homeless man confronts him and the two engage in the greatest fight of the century!",
Park Birds,2020,10.0,A park-goer just trying to read their book is constantly interrupted by the advances of an unwanted stranger.,
We Have Evil Dead at Home,2022,10.0,A group of friends spend spring break at a beach Airbnb. They uncover the Weezer CD of the dead unleashing untold horrors onto themselves as demons posses and pick them off one by one.,
Sundays are for Winners,,10.0,"Sunday serenity is brutally interrupted when a father at his wits end is unable to procure the golf event he so desperately wishes to watch, as the cable ceases to work and he must persevere against the elements of his house that turn against him on his quest to achieve life's ultimate goal: Watching golf in peace on a Sunday.",
How To Say Goodbye,2024,10.0,"At a theatre school, the Advanced students begin to navigate their futures beyond the classes they’ve grown up in. As tensions rise and relationships fracture, the younger students have to step in to organise the perfect goodbye.",
Thish,2024,10.0,When the angry fish wants to kill a jerk worm.,
The Money Shot,2005,10.0,"Stan and Eddie are two simple guys. They live simple lives, work simple jobs, and make simple movies. That is, until the day they dream of creating the impossible and bringing to life the greatest of all cinematic myths: the porno with a plot. With new-found hope, the two armed with only a camera and their determination enlist the help of friends and strangers alike as they embark on an insane race against time to complete their cinematic masterpiece and earn their place in the books of celluloid glory. Will Stan and Eddie persevere and create the unimaginable and take top honors at the Harbor Film Festival? Or will they crash and burn?",
Amebairro June Celebration,2024,10.0,A short comedy documentary showing a party of university students in south brazil.,
Mono-Visual Fly-Posting Anti-Climax,2024,10.0,A man is putting missing posters up of himself... why?,
Kianoush's Garden,2024,10.0,Hamzeh and Abbas decide to invade Kianoush’s son’s garden on his wedding day. This incident coincides with the crash of an Iraqi bomber plane near Bagh. The crash of the plane and the arrival of its pilot to Bagh Kianoush create adventures.,
Wonderwall Guy,2024,10.0,"Wonderwall Guy brings his guitar to a party to impress girls and just won’t leave. A group of the fed up partygoers band together to try and get him out of there, but something unexpected happens…",
Harry Springer,2007,10.0,"A parody regarding the rivalry between Darius and Alexander the Great. Our host, Harry Springer, interviews both of our guests as we discuss marriage, betrayal, warfare, and much more.",
Most People Love Dogs,,10.0,"In this charming animation, lovingly drawn ink-to-paper over 4 years, a man is driven to insanity by the constant barking of the dog next door. As things come to a head, the warring neighbours find out whose bark is worse than their bite.",
La Carpète,2023,10.0,,
Esquecidos Presentes,2024,10.0,"At his former teacher's wedding party, Fernando remeets old friends and loves, without knowing that the celebration holds much darker secrets than it seems.",
Trachatys Of A Old Woman,2024,10.0,Written by Eva Kay (Age 8) 'Trachatys of A Old Woman' follows the wacky story of an old woman that gets cursed with immortality.,
Better Be Clever,2024,10.0,"Paul Badman explains, why it is important to keep track of your data online.",
The Most Dangerous City in America,2023,10.0,"Indiana, Pennsylvania, The Most Dangerous City in America. This satirical documentary follows two journalists from Pittsburgh, Kyle Christian and Aaron Roadarmel, who visit a gang controlled city to get an understanding of the culture and community of Indiana, PA.",
Insortable,2024,10.0,,
Esse Cargo Não é Meu,2024,10.0,,
Pad Gaye Pange,2024,10.0,"Shastri Ji, a retired math teacher, shares his home with his son Nilesh and daughter-in-law Madhu. Madhu desires a new apartment, away from Shastri Ji's quirks. Ayush leads a monotonous life, brightened by his girlfriend Parul.  Shastri Ji (60), a retired and jovial maths teacher, lives in his 30-year-old house, filled with cherished memories of his late wife, Sudha. He shares the house with his son Nilesh and daughter-in-law Madhu, who is frustrated by Shastri Ji's quirks and the lack of privacy and wants to move to a new apartment with her husband. On the other hand, Ayush lives a monotonous life with his only sunshine mein being his long time girlfriend , Parul who is soon gonna be his wife. Things take a turn when Shastri ji and Ayush while attending a local health check up camp are diagnosed with cancer. Events that follow ensure the viewers a laughter ride.",
Comedy Central Presents Mitch Hedberg,1999,10.0,Mitch Hedberg shares his unorthodox solutions to life's little problems in this mind-altering half-hour stand-up special.,
Land Shark,2023,10.0,A Land Shark hunts for human prey.,
Magic Island - 5th Anniversary Special,2024,10.0,"On the 5th anniversary of the bo band Magic Island, reporter Luma follows the behind-the-scenes process of their new single, ""Déjà Vu."" The interview subtly reveals that the band doesn't fully reflect the reality behind their image. Amid unexpected and casual moments, the production increasingly exposes the identity of the boyband beyond the cameras because, nothing says 'authentic' like scripted chaos.",
The Cork,1980,10.0,"On his return to Algeria, Belkacem Hadjadj, a young graduate of INSAS in Brussels, joined Algerian television and signed ""Le Bouchon"", his first feature in the register of an Italian comedy, around the misadventures of a tenant experiencing a water leak.",
JVP a Londres,2024,10.0,,
Two Minutes,2024,10.0,Two brothers rob a corner shop only to be interrupted by their Nan.,
Thank You for Her,2024,10.0,"Siblings Anna and Cameron Drake are trying to navigate life after their father is involved in a terrible car accident. Both experience anger and grief in their ways but are interrupted when free-spirited, Lance Easton, enters their lives in a shocking turn of events. A lesbian coming-of-age story meant to warm the heart and highlight how a family comes in all shapes and sizes.",
Sapno Ka Short Circuit,,10.0,"""Sapno Ka Short Circuit"" is a light-hearted comedy-drama about a simple man whose life turns upside down when his wildest dreams start coming true in unexpected and hilarious ways. As he navigates through this bizarre twist of fate, he learns valuable life lessons about facing his fears, embracing change, and following his heart.",
Katra Thaliya,2024,10.0,"""Angamuthu, a rural village boy with dreams of going abroad, falls head over heels for Ananthi, a trainee at the village elementary school. His mischievous friend Vanaraj keeps teasing him and insists he should confess his love to her. So, Angamuthu plans to pop the question on her way back to the bus. Meanwhile, Seemathanni, the village's self-proclaimed Romeo, forcibly marries poor Kiruthika while Angamuthu waits to propose to Ananthi. Inspired by Seemathanni's bold (and questionable) move and Vanaraj's encouragement, Angamuthu decides to practice his own crazy forced marriage plan with Ananthi. Will his wacky plan work? And what on earth happens to Seemathanni and Kiruthika after their chaotic union? Dive into the comedic chaos of the short film 'Katra Thaliya' to find out!""",
DEPRAVADO,2024,10.0,,
"Camina, ven",2024,10.0,"On the verge of losing the possible love of his life, Ender, pushed by his best friend Víctor, embarks on a journey to another city to confess his love to a girl, before her trip to another country leaves her only in his dreams.",
The Devil Smokes (and Saves the Burnt Matches in the Same Box),2025,10.0,"In mid-90s Mexico City, five young siblings are left in the care of their grandmother after their parents suddenly disappear. As they fight to survive, the line between reality and something darker starts to blur. The grandmother, haunted by eerie visions and deepening fears, becomes more distant, while the children’s grip on reality begins to unravel. After a clash with their neighbors, the siblings withdraw even further into isolation, cutting themselves off from the outside world.",
Embargoed,2010,10.0,The making of of a making of. The Shooting of a feature. An unpaid intern. One theft. One making-of. The first movie... maybe the last.,
