tmdb_id,title,release_date,year,original_language,runtime,genres,budget,revenue,popularity,vote_average,vote_count,director,top_actors,overview,success_label,success_reason
927254,The Twits,2025-10-17,2025,en,99,"Animation, Comedy, Family, Fantasy",0,0,146.668,6.608,37,Phil Johnston,"Margo Martindale, Johnny Vegas, Maitreyi Ramakrishnan","When the meanest, nastiest villains pull a trick to take over their town, two brave children team up with a family of magical animals to bring them down.",Average/Positive,Decent user score (no financials)
338969,The Toxic Avenger Unrated,2025-08-28,2025,en,102,"Action, Comedy, Science Fiction",0,3328938,140.888,6.345,145,Macon Blair,"Peter Dinklage, Jacob Tremblay, Taylour Paige","When a downtrodden janitor, Winston Gooze, is exposed to a catastrophic toxic accident, he’s transformed into a new kind of hero: The Toxic Avenger. Now, Toxie must rise from outcast to savior, taking on ruthless corporate overlords and corrupt forces who threaten his son, his friends, and his community.",Average/Positive,Decent user score (no financials)
1327769,27 Nights,2025-09-19,2025,es,108,Comedy,0,0,126.7053,6.6,7,Daniel Hendler,"Marilú Marini, Daniel Hendler, Humberto Tortonese","When a woman is admitted by her daughters to a psychiatric clinic for her carefree ways, an expert must judge if she is ill or simply wants to enjoy life.",Average/Positive,Decent user score (no financials)
803796,KPop Demon Hunters,2025-06-20,2025,en,96,"Fantasy, Music, Comedy, Animation",100000000,19200000,135.6947,8.248,1728,Chris Appelhans,"Arden Cho, May Hong, Ji-young Yoo","When K-pop superstars Rumi, Mira and Zoey aren't selling out stadiums, they're using their secret powers to protect their fans from supernatural threats.",Moderate,At least broke even or decent ratings
1267905,The Roses,2025-08-27,2025,en,105,"Comedy, Drama, Romance",30600000,49589664,97.3762,7.031,229,Jay Roach,"Olivia Colman, Benedict Cumberbatch, Kate McKinnon","Life seems easy for picture-perfect couple Ivy and Theo: successful careers, a loving marriage, great kids. But beneath the façade of their supposed ideal life, a storm is brewing – as Theo's career nosedives while Ivy's own ambitions take off, a tinderbox of fierce competition and hidden resentment ignites.",Moderate,At least broke even or decent ratings
1277988,Caramelo,2025-10-08,2025,pt,101,"Comedy, Drama",0,0,71.6315,7.775,120,Diego Freitas,"Rafael Vitti, Amendoim, Arianne Botelho","After a life-changing diagnosis, a promising chef finds hope and humor with the help of a fur-midable dog friend.",Average/Positive,Decent user score (no financials)
1107216,Pets on a Train,2025-07-02,2025,fr,87,"Animation, Comedy, Adventure, Thriller",0,3082436,85.0504,7.4,5,Benoît Daffis,"Damien Ferrette, Hervé Jolly, Kaycie Chase","When a train unexpectedly starts up, taking only pets with it, the animals discover that Hans, a badger with a grudge is behind it all. While the crash seems inevitable, the animals can count on Falcon, a roguish Raccoon who will do anything to save them.",Average/Positive,Decent user score (no financials)
1280282,Gabby's Dollhouse: The Movie,2025-09-13,2025,en,98,"Family, Comedy, Adventure, Animation",32000000,45973395,63.5286,6.966,29,Ryan Crego,"Laila Lockhart Kraner, Gloria Estefan, Kristen Wiig","Gabby heads out on a road trip with her Grandma Gigi to the urban wonderland of Cat Francisco. But when Gabby's dollhouse, her most prized possession, ends up in the hands of an eccentric cat lady named Vera, Gabby sets off on an adventure through the real world to get the Gabby Cats back together and save the dollhouse before it's too late.",Moderate,At least broke even or decent ratings
1296404,Good News,2025-09-05,2025,ko,136,"Thriller, Comedy, History",0,0,56.2498,6.868,20,Byun Sung-hyun,"Sul Kyung-gu, Hong Kyung, Ryoo Seung-bum","When hijackers seize a Japanese flight and demand to fly to Pyongyang, a mysterious mastermind hatches a zany scheme to reroute the plane to Seoul.",Average/Positive,Decent user score (no financials)
1175942,The Bad Guys 2,2025-07-24,2025,en,103,"Family, Comedy, Crime, Adventure, Animation",80000000,224738330,53.832,7.77,483,Pierre Perifel,"Sam Rockwell, Marc Maron, Awkwafina","The now-reformed Bad Guys are trying (very, very hard) to be good, but instead find themselves hijacked into a high-stakes, globe-trotting heist, masterminded by a new team of criminals they never saw coming: The Bad Girls.",Moderate,At least broke even or decent ratings
552524,Lilo & Stitch,2025-05-17,2025,en,108,"Family, Science Fiction, Comedy, Adventure",100000000,1037247842,53.1004,7.25,1772,Dean Fleischer Camp,"Maia Kealoha, Sydney Agudong, Chris Sanders",The wildly funny and touching story of a lonely Hawaiian girl and the fugitive alien who helps to mend her broken family.,Hit,Revenue >= 1.2x budget and decent ratings
1403735,Laila,2025-02-14,2025,te,134,"Comedy, Romance",0,0,52.1693,5.167,6,Ram Narayan,"Vishwak Sen, Akanksha Sharma, Babloo Prithiveeraj","Sonu Model, a renowned beautician from the old city, is forced to disguise himself as Laila, leading to a series of comedic, romantic, and action-packed events. Chaos ensues in this hilarious laugh riot",Unknown,Insufficient financial data
1284120,The Ugly Stepsister,2025-03-07,2025,no,109,"Horror, Comedy, Fantasy, Drama",4250000,4601915,42.2908,7.236,508,Emilie Blichfeldt,"Lea Myren, Ane Dahl Torp, Thea Sofie Loch Næss","In a fairy-tale kingdom where beauty is a brutal business, Elvira battles to compete with her incredibly beautiful stepsister, and she will go to any length to catch the prince’s eye.",Moderate,At least broke even or decent ratings
1352755,Maintenance Required,2025-10-07,2025,en,100,"Romance, Comedy",0,0,39.005,5.609,87,Lacey Uhlemeyer,"Madelaine Petsch, Jacob Scipio, Katy O'Brian","Charlie, the fiercely independent owner of an all-female mechanic shop, is forced to reevaluate her future when a flashy corporate competitor moves in across the street. Seeking comfort, she turns to an anonymous online confidant - unaware she's confiding in Beau, the very rival threatening her business. As sparks fly both online and off, the truth threatens to blow everything apart.",Unknown,Insufficient financial data
947512,Living Large,2024-10-17,2024,cs,80,"Animation, Family, Comedy",0,130570,37.1824,6.1,7,Kristina Dufková,"Hugo Kovács, Tatiana Dyková, David Novotný","A 12-year-old boy faces bullying due to his weight and decides to take charge of his life by adopting a healthier lifestyle and trying to win the heart of the girl he admires. Through his journey, he learns the importance of positivity and standing against body shaming, discovering that true confidence comes from embracing who you are.",Average/Positive,Decent user score (no financials)
1022787,Elio,2025-06-18,2025,en,98,"Family, Comedy, Adventure, Animation, Science Fiction",150000000,153797125,40.5361,6.978,604,Domee Shi,"Yonas Kibreab, Remy Edgerly, Zoe Saldaña","Elio, a space fanatic with an active imagination, finds himself on a cosmic misadventure where he must form new bonds with eccentric alien lifeforms, navigate a crisis of intergalactic proportions and somehow discover who he is truly meant to be.",Moderate,At least broke even or decent ratings
1035259,The Naked Gun,2025-07-30,2025,en,85,"Comedy, Action, Crime",42000000,101847396,42.2343,6.6,959,Akiva Schaffer,"Liam Neeson, Pamela Anderson, Paul Walter Hauser",Only one man has the particular set of skills... to lead Police Squad and save the world: Lt. Frank Drebin Jr.,Hit,Revenue >= 1.2x budget and decent ratings
1241982,Moana 2,2024-11-21,2024,en,100,"Family, Comedy, Adventure, Animation, Fantasy",150000000,1059242164,38.8199,7.032,2753,David G. Derrick Jr.,"Auliʻi Cravalho, Dwayne Johnson, Hualālai Chung","After receiving an unexpected call from her wayfinding ancestors, Moana journeys alongside Maui and a new crew to the far seas of Oceania and into dangerous, long-lost waters for an adventure unlike anything she's ever faced.",Blockbuster,"Revenue >= 2x budget (1059242164 >= 300000000), strong user ratings"
533535,Deadpool & Wolverine,2024-07-24,2024,en,128,"Action, Comedy, Science Fiction",200000000,1338073645,35.1131,7.574,7850,Shawn Levy,"Ryan Reynolds, Hugh Jackman, Emma Corrin","A listless Wade Wilson toils away in civilian life with his days as the morally flexible mercenary, Deadpool, behind him. But when his homeworld faces an existential threat, Wade must reluctantly suit-up again with an even more reluctant Wolverine.",Blockbuster,"Revenue >= 2x budget (1338073645 >= 400000000), strong user ratings"
1022789,Inside Out 2,2024-06-11,2024,en,97,"Animation, Adventure, Comedy, Family",200000000,1698863816,32.9051,7.553,6194,Kelsey Mann,"Amy Poehler, Maya Hawke, Kensington Tallman","Teenager Riley's mind headquarters is undergoing a sudden demolition to make room for something entirely unexpected: new Emotions! Joy, Sadness, Anger, Fear and Disgust, who’ve long been running a successful operation by all accounts, aren’t sure how to feel when Anxiety shows up. And it looks like she’s not alone.",Blockbuster,"Revenue >= 2x budget (1698863816 >= 400000000), strong user ratings"
950387,A Minecraft Movie,2025-03-31,2025,en,101,"Family, Fantasy, Comedy, Adventure, Action",150000000,0,32.1337,6.36,2444,Jared Hess,"Jason Momoa, Jack Black, Sebastian Eugene Hansen","Four misfits find themselves struggling with ordinary problems when they are suddenly pulled through a mysterious portal into the Overworld: a bizarre, cubic wonderland that thrives on imagination. To get back home, they'll have to master this world while embarking on a magical quest with an unexpected, expert crafter, Steve.",Average/Positive,Decent user score (no financials)
1125257,Freakier Friday,2025-08-06,2025,en,111,"Comedy, Fantasy, Family",42000000,152889065,27.7233,7.014,323,Nisha Ganatra,"Lindsay Lohan, Jamie Lee Curtis, Julia Butters","Years after Tess and Anna endured an identity crisis, Anna now has a daughter of her own and a soon-to-be stepdaughter. As they navigate the myriad challenges that come when two families merge, Tess and Anna discover lightning might indeed strike twice.",Moderate,At least broke even or decent ratings
1302318,A Woman with No Filter,2025-08-21,2025,pt,92,Comedy,0,0,25.0303,5.5,6,Arthur Fontes,"Fabiula Nascimento, Camila Queiroz, Samuel de Assis","Surrounded by a lazy husband, a pedantic stepson, a sexist boss, a self-centered friend, and a neighbor who ruins her sleep with frequent parties, Bia must exert enormous energy to maintain control. But the arrival of a young influencer who takes a higher position than her at the magazine where she works is the final straw. On the verge of a breakdown, Bia ends up being treated by Deusa Xana in a kind of esoteric session. As a result, she frees herself from all filters and begins to practice zero tolerance for all the absurdities that affect her daily life.",Unknown,Insufficient financial data
519182,Despicable Me 4,2024-06-20,2024,en,94,"Family, Comedy, Animation, Science Fiction",100000000,969597394,27.934,7.0,2958,Chris Renaud,"Steve Carell, Kristen Wiig, Will Ferrell","Gru and Lucy and their girls—Margo, Edith and Agnes—welcome a new member to the Gru family, Gru Jr., who is intent on tormenting his dad. Gru also faces a new nemesis in Maxime Le Mal and his femme fatale girlfriend Valentina, forcing the family to go on the run.",Blockbuster,"Revenue >= 2x budget (969597394 >= 200000000), strong user ratings"
870360,The Day the Earth Blew Up: A Looney Tunes Movie,2024-08-01,2024,en,90,"Family, Comedy, Adventure, Animation, Science Fiction",15000000,15076954,26.1082,7.7,174,Peter Browngardt,"Eric Bauza, Candi Milo, Peter MacNicol","Porky and Daffy, the classic animated odd couple, turn into unlikely heroes when their antics at the local bubble gum factory uncover a secret alien mind control plot. Against all odds, the two are determined to save their town (and the world!)...that is if they don't drive each other crazy in the process.",Moderate,At least broke even or decent ratings
1290213,404 Run Run,2024-11-28,2024,th,104,"Comedy, Horror",0,0,23.2952,7.7,9,Pichaya Jarusboonpracha,"Chantavit Dhanasevi, Kanyawee Songmuang, Pittaya Saechua","Nakrob, a young real estate swindler, discovers an abandoned hillside hotel by the beach. Seeing an opportunity, he decides to turn it into a luxury hotel scam.",Average/Positive,Decent user score (no financials)
749170,Heads of State,2025-06-24,2025,en,117,"Action, Thriller, Comedy",100,0,26.8193,6.874,800,Ilya Naishuller,"John Cena, Idris Elba, Priyanka Chopra Jonas","The UK Prime Minister and US President have a public rivalry that risks their countries' alliance. But when they become targets of a powerful enemy, they're forced to rely on each other as they go on a wild, multinational run. Allied with Noel, a brilliant MI6 agent, they must find a way to thwart a conspiracy that threatens the free world.",Average/Positive,Decent user score (no financials)
1256208,E poi si vede,2025-03-27,2025,it,97,Comedy,2851964,0,32.1944,6.0,38,Giovanni Calvaruso,"Fabrizio Sansone, Federico Sansone, Donatella Finocchiaro","Three houses, three boys, the same goal: to win the competition for a position as an employee in the legal office of the city. Federico, a law graduate, but only to please his father counsellor, hopes for his recommendation; Fabrizio, lawyer on paper but not practicing in life, tries to overcome the umpteenth public test and Luca, who since he was born has always had the road open. Only for one of them will the dream of a lifetime come true, until things take an unexpected turn.",Average/Positive,Decent user score (no financials)
1289888,French Lover,2025-09-25,2025,fr,122,"Romance, Comedy",0,0,23.5865,5.852,132,Lisa-Nina Rives,"Omar Sy, Sara Giraudeau, Pascale Arbillot","When a jaded actor meets a down-on-her-luck waitress in Paris, their unexpected love story begins — but will it survive the glare of the spotlight?",Unknown,Insufficient financial data
939243,Sonic the Hedgehog 3,2024-12-19,2024,en,110,"Action, Science Fiction, Comedy, Family",122000000,492162604,27.5139,7.655,2980,Jeff Fowler,"Jim Carrey, Ben Schwartz, Keanu Reeves","Sonic, Knuckles, and Tails reunite against a powerful new adversary, Shadow, a mysterious villain with powers unlike anything they have faced before. With their abilities outmatched in every way, Team Sonic must seek out an unlikely alliance in hopes of stopping Shadow and protecting the planet.",Blockbuster,"Revenue >= 2x budget (492162604 >= 244000000), strong user ratings"
1565344,Parking,2025-10-17,2025,es,90,"Comedy, Drama",0,0,29.4916,0.0,0,Agustín Rolandelli,"Horacio Camandulle, Marc Clotet, China Suárez","Mateo, a criminal under house arrest, works at a parking garage in downtown Buenos Aires and plans to escape. His routine is disrupted when Lara pays for an overnight stay and minutes later an armed man breaks into the place. Both witness a murder that triggers a deadly chase through ramps and levels of the building, forcing them to fight against time and criminals to escape alive from the labyrinth.",Unknown,Insufficient financial data
106646,The Wolf of Wall Street,2013-12-25,2013,en,180,"Crime, Drama, Comedy",100000000,407038432,25.7251,8.028,25085,Martin Scorsese,"Leonardo DiCaprio, Jonah Hill, Margot Robbie","A New York stockbroker refuses to cooperate in a large securities fraud case involving corruption on Wall Street, corporate banking world and mob infiltration. Based on Jordan Belfort's autobiography.",Blockbuster,"Revenue >= 2x budget (407038432 >= 200000000), strong user ratings"
1245993,Caught Stealing,2025-08-26,2025,en,107,"Crime, Thriller, Comedy",40000000,31101846,24.3678,6.951,441,Darren Aronofsky,"Austin Butler, Regina King, Zoë Kravitz","Burned-out ex-baseball player Hank Thompson unexpectedly finds himself embroiled in a dangerous struggle for survival amidst the criminal underbelly of late 1990s New York City, forced to navigate a treacherous underworld he never imagined.",Moderate,At least broke even or decent ratings
105,Back to the Future,1985-07-03,1985,en,116,"Adventure, Comedy, Science Fiction",19000000,381109762,24.85,8.322,20985,Robert Zemeckis,"Michael J. Fox, Christopher Lloyd, Crispin Glover","Eighties teenager Marty McFly is accidentally sent back in time to 1955, inadvertently disrupting his parents' first meeting and attracting his mother's romantic interest. Marty must repair the damage to history by rekindling his parents' romance and - with the help of his eccentric inventor friend Doc Brown - return to 1985.",Blockbuster,"Revenue >= 2x budget (381109762 >= 38000000), strong user ratings"
1151334,Eenie Meanie,2025-08-21,2025,en,106,"Thriller, Action, Comedy",50000000,0,24.0118,6.3,230,Shawn Simmons,"Samara Weaving, Karl Glusman, Andy García",A former teenage getaway driver gets dragged back into her unsavory past when a former employer offers her a chance to save the life of her chronically unreliable ex-boyfriend.,Average/Positive,Decent user score (no financials)
1084242,Zootopia 2,2025-11-26,2025,en,0,"Family, Comedy, Crime, Adventure, Animation, Mystery",0,0,23.9552,0.0,0,Jared Bush,"Ginnifer Goodwin, Jason Bateman, Ke Huy Quan","After cracking the biggest case in Zootopia's history, rookie cops Judy Hopps and Nick Wilde find their partnership isn't as solid as they thought when Chief Bogo orders them to join the Partners in Crisis counseling program. But it doesn't take long for their partnership to be put to the ultimate test when they find themselves on the twisting trail of a mystery tied to the arrival of a venomous snake in the animal metropolis.",Unknown,Insufficient financial data
1336473,Cholo Zombies,2024-08-20,2024,en,96,"Horror, Comedy",0,0,24.0361,0.0,0,Eric Rafael Ibarra,"Vince Romo, Dinero100k, Carlos Carrasco","A possessed artifact is traced back to Dr. Blackmist as a zombie virus engulfs SoCal, pitting a local man and a sheriff against an undead plague.",Unknown,Insufficient financial data
1011985,Kung Fu Panda 4,2024-03-02,2024,en,94,"Animation, Family, Action, Comedy, Adventure, Fantasy",80000000,548040835,23.8726,7.033,3258,Mike Mitchell,"Jack Black, Awkwafina, Viola Davis","Po is gearing up to become the spiritual leader of his Valley of Peace, but also needs someone to take his place as Dragon Warrior. As such, he will train a new kung fu practitioner for the spot and will encounter a villain called the Chameleon who conjures villains from the past.",Blockbuster,"Revenue >= 2x budget (548040835 >= 160000000), strong user ratings"
1196364,Thamma,2025-10-21,2025,hi,149,"Comedy, Horror",0,0,23.6289,6.9,5,Aditya Sarpotdar,"Ayushmann Khurrana, Rashmika Mandanna, Nawazuddin Siddiqui","Two destined lovers battle supernatural forces, family ties, and nature itself to defend their forbidden romance in a mystical world where ancient powers and prophecies threaten to keep them apart.",Average/Positive,Decent user score (no financials)
269149,Zootopia,2016-02-11,2016,en,109,"Animation, Adventure, Family, Comedy",150000000,1025521689,24.544,7.751,17005,Byron Howard,"Ginnifer Goodwin, Jason Bateman, Idris Elba","Determined to prove herself, Officer Judy Hopps, the first bunny on Zootopia's police force, jumps at the chance to crack her first case - even if it means partnering with scam-artist fox Nick Wilde to solve the mystery.",Blockbuster,"Revenue >= 2x budget (1025521689 >= 300000000), strong user ratings"
13,Forrest Gump,1994-06-23,1994,en,142,"Comedy, Drama, Romance",55000000,677387716,24.6879,8.464,28749,Robert Zemeckis,"Tom Hanks, Robin Wright, Gary Sinise","A man with a low IQ has accomplished great things in his life and been present during significant historic events—in each case, far exceeding what anyone imagined he could do. But despite all he has achieved, his one true love eludes him.",Blockbuster,"Revenue >= 2x budget (677387716 >= 110000000), strong user ratings"
1029575,The Family Plan,2023-12-14,2023,en,118,"Action, Comedy, Family",0,0,22.5923,7.246,1641,Simon Cellan Jones,"Mark Wahlberg, Michelle Monaghan, Maggie Q","Dan Morgan is many things: a devoted husband, a loving father, a celebrated car salesman. He's also a former assassin. And when his past catches up to his present, he's forced to take his unsuspecting family on a road trip unlike any other.",Critically Good,High user score & significant votes (no financials)
808,Shrek,2001-05-18,2001,en,90,"Animation, Comedy, Fantasy, Adventure, Family",60000000,488628188,23.9509,7.752,18052,Andrew Adamson,"Mike Myers, Eddie Murphy, Cameron Diaz","It ain't easy bein' green -- especially if you're a likable (albeit smelly) ogre named Shrek. On a mission to retrieve a gorgeous princess from the clutches of a fire-breathing dragon, Shrek teams up with an unlikely compatriot -- a wisecracking donkey.",Blockbuster,"Revenue >= 2x budget (488628188 >= 120000000), strong user ratings"
1064213,Anora,2024-10-14,2024,en,139,"Drama, Comedy, Romance",6000000,56286295,21.4717,7.054,2685,Sean Baker,"Mikey Madison, Mark Eydelshteyn, Yura Borisov","A young sex worker from Brooklyn gets her chance at a Cinderella story when she meets and impulsively marries the son of an oligarch. Once the news reaches Russia, her fairytale is threatened as his parents set out to get the marriage annulled.",Blockbuster,"Revenue >= 2x budget (56286295 >= 12000000), strong user ratings"
1124620,The Monkey,2025-02-14,2025,en,97,"Horror, Comedy",10000000,68871071,22.2112,5.966,1051,Osgood Perkins,"Theo James, Tatiana Maslany, Christian Convery","When twin brothers find a mysterious wind-up monkey, a series of outrageous deaths tear their family apart. Twenty-five years later, the monkey begins a new killing spree forcing the estranged brothers to confront the cursed toy.",Moderate,At least broke even or decent ratings
862,Toy Story,1995-11-22,1995,en,81,"Family, Comedy, Animation, Adventure",30000000,394436586,22.5109,7.97,19231,John Lasseter,"Tom Hanks, Tim Allen, Don Rickles","Led by Woody, Andy's toys live happily in his room until Andy's birthday brings Buzz Lightyear onto the scene. Afraid of losing his place in Andy's heart, Woody plots against Buzz. But when circumstances separate Buzz and Woody from their owner, the duo eventually learns to put aside their differences.",Blockbuster,"Revenue >= 2x budget (394436586 >= 60000000), strong user ratings"
1106289,The Pickup,2025-07-27,2025,en,94,"Action, Comedy, Crime",0,0,20.7537,6.437,388,Tim Story,"Eddie Murphy, Pete Davidson, Keke Palmer",A routine cash pickup takes a wild turn when mismatched armored truck drivers Russell and Travis are ambushed by ruthless criminals led by savvy mastermind Zoe.,Average/Positive,Decent user score (no financials)
436969,The Suicide Squad,2021-07-28,2021,en,132,"Action, Comedy, Adventure",185000000,168717425,23.8485,7.479,9200,James Gunn,"Margot Robbie, Idris Elba, John Cena","Supervillains Harley Quinn, Bloodsport, Peacemaker and a collection of nutty cons at Belle Reve prison join the super-secret, super-shady Task Force X as they are dropped off at the remote, enemy-infused island of Corto Maltese.",Moderate,At least broke even or decent ratings
845781,Red One,2024-10-31,2024,en,124,"Action, Comedy, Fantasy",250000000,185700759,20.8901,7.038,2693,Jake Kasdan,"Dwayne Johnson, Chris Evans, Lucy Liu","After Santa Claus (codename: Red One) is kidnapped, the North Pole's Head of Security must team up with the world's most infamous tracker in a globe-trotting, action-packed mission to save Christmas.",Moderate,At least broke even or decent ratings
1086548,Vera and the Pleasure of Others,2024-09-26,2024,es,104,"Comedy, Drama",0,0,20.9632,6.393,42,Federico Actis,"Luciana Grasso, Inés Estévez, David Zoela","Seventeen-year-old Vera earns money by secretly renting out an apartment to teenagers seeking privacy, all while eavesdropping from behind a closed door. As she listens, her own desires awaken.",Average/Positive,Decent user score (no financials)
496243,Parasite,2019-05-30,2019,ko,133,"Comedy, Thriller, Drama",11363000,257591776,22.2878,8.498,19611,Bong Joon Ho,"Song Kang-ho, Lee Sun-kyun, Cho Yeo-jeong","All unemployed, Ki-taek's family takes peculiar interest in the wealthy and glamorous Parks for their livelihood until they get entangled in an unexpected incident.",Blockbuster,"Revenue >= 2x budget (257591776 >= 22726000), strong user ratings"
507244,Afterburn,2025-08-20,2025,en,105,"Science Fiction, Action, Comedy",60000000,184758,22.0421,6.182,45,J.J. Perry,"Dave Bautista, Olga Kurylenko, Kristofer Hivju","Set against the backdrop of a postapocalyptic Earth whose Eastern Hemisphere was destroyed by a massive solar flare, leaving what life remains mutated from radiation and fallout. The story revolves around a group of treasure hunters who extract such objects as the Mona Lisa, the Rosetta Stone and the Crown Jewels while facing rival hunters, mutants and pirates.",Moderate,At least broke even or decent ratings
1319895,Hostile Takeover,2025-08-08,2025,en,89,"Action, Comedy, Thriller",0,0,19.2141,7.3,30,Michael Hamilton-Wright,"Michael Jai White, Aimee Stolte, Dawn Olivieri","Follows Pete, a professional hitman, as he faces a group of assassins after the boss of a crime syndicate suspects disloyalty due to his attendance at Workaholics Anonymous meetings.",Average/Positive,Decent user score (no financials)
177572,Big Hero 6,2014-10-24,2014,en,102,"Adventure, Family, Animation, Action, Comedy",165000000,657870525,21.1616,7.726,16143,Chris Williams,"Scott Adsit, Ryan Potter, Daniel Henney","A special bond develops between plus-sized inflatable robot Baymax, and prodigy Hiro Hamada, who team up with a group of friends to form a band of high-tech heroes.",Blockbuster,"Revenue >= 2x budget (657870525 >= 330000000), strong user ratings"
346698,Barbie,2023-07-19,2023,en,114,"Comedy, Adventure",145000000,1445638421,19.0723,6.952,10398,Greta Gerwig,"Margot Robbie, Ryan Gosling, America Ferrera","Barbie and Ken are having the time of their lives in the colorful and seemingly perfect world of Barbie Land. However, when they get a chance to go to the real world, they soon discover the joys and perils of living among humans.",Hit,Revenue >= 1.2x budget and decent ratings
1064307,Spermageddon,2025-02-21,2025,no,80,"Animation, Adventure, Fantasy, Comedy",3000000,1333332,18.305,6.429,91,Tommy Wirkola,"Christian Mikkelsen, Nasrin Khusrawi, Aksel Hennie","Two narrative threads: one is an emerging love story between awkward teens Jens and Lisa, who are having sex for the first time; the other, an eventful quest of Simon the Semen and his friends to reach the golden goal, the Egg.",Moderate,At least broke even or decent ratings
273477,Scouts Guide to the Zombie Apocalypse,2015-10-23,2015,en,93,"Comedy, Horror",15000000,14900000,18.1089,6.554,2023,Christopher Landon,"Tye Sheridan, Sarah Dumont, Logan Miller","Three scouts and lifelong friends join forces with one badass cocktail waitress to become the world’s most unlikely team of heroes.  When their peaceful town is ravaged by a zombie invasion, they’ll fight for the badge of a lifetime and put their scouting skills to the test to save mankind from the undead.",Moderate,At least broke even or decent ratings
648878,Eddington,2025-07-16,2025,en,149,"Western, Comedy, Crime",25000000,12912723,17.2627,6.509,383,Ari Aster,"Joaquin Phoenix, Deirdre O'Connell, Emma Stone","In May of 2020, a standoff between a small-town sheriff and mayor sparks a powder keg as neighbor is pitted against neighbor in Eddington, New Mexico.",Moderate,At least broke even or decent ratings
843527,The Idea of You,2024-05-02,2024,en,116,"Romance, Drama, Comedy",0,36178,17.6729,7.342,1783,Michael Showalter,"Anne Hathaway, Nicholas Galitzine, Ella Rubin","40-year-old single mom Solène begins an unexpected romance with 24-year-old Hayes Campbell, the lead singer of August Moon, the hottest boy band on the planet. As they begin a whirlwind romance, it isn't long before Hayes' superstar status poses unavoidable challenges to their relationship, and Solène soon discovers that life in the glare of his spotlight might be more than she bargained for.",Critically Good,High user score & significant votes (no financials)
680,Pulp Fiction,1994-09-10,1994,en,154,"Thriller, Crime, Comedy",8000000,213928762,19.2231,8.487,29191,Quentin Tarantino,"John Travolta, Samuel L. Jackson, Uma Thurman","A burger-loving hit man, his philosophical partner, a drug-addled gangster's moll and a washed-up boxer converge in this sprawling, comedic crime caper. Their adventures unfurl in three stories that ingeniously trip back and forth in time.",Blockbuster,"Revenue >= 2x budget (213928762 >= 16000000), strong user ratings"
98566,Teenage Mutant Ninja Turtles,2014-08-07,2014,en,101,"Science Fiction, Action, Adventure, Comedy",125000000,485004754,18.094,5.923,7008,Jonathan Liebesman,"Pete Ploszek, Alan Ritchson, Jeremy Howard","When a kingpin threatens New York City, a group of mutated turtle warriors must emerge from the shadows to protect their home.",Moderate,At least broke even or decent ratings
930094,"Red, White & Royal Blue",2023-07-27,2023,en,121,"Comedy, Romance",0,0,16.8125,7.957,1442,Matthew López,"Taylor Zakhar Perez, Nicholas Galitzine, Uma Thurman","After an altercation between Alex, the president's son, and Britain's Prince Henry at a royal event becomes tabloid fodder, their long-running feud now threatens to drive a wedge in U.S./British relations. When the rivals are forced into a staged truce, their icy relationship begins to thaw and the friction between them sparks something deeper than they ever expected.",Critically Good,High user score & significant votes (no financials)
2062,Ratatouille,2007-06-28,2007,en,111,"Animation, Comedy, Family, Fantasy",150000000,623726000,18.3398,7.832,17861,Brad Bird,"Patton Oswalt, Ian Holm, Lou Romano","Remy, a resident of Paris, appreciates good food and has quite a sophisticated palate. He would love to become a chef so he can create and enjoy culinary masterpieces to his heart's delight. The only problem is, Remy is a rat. When he winds up in the sewer beneath one of Paris' finest restaurants, the rodent gourmet finds himself ideally placed to realize his dream.",Blockbuster,"Revenue >= 2x budget (623726000 >= 300000000), strong user ratings"
18785,The Hangover,2009-06-02,2009,en,100,Comedy,35000000,469310836,18.3333,7.328,17560,Todd Phillips,"Bradley Cooper, Ed Helms, Zach Galifianakis","When three friends finally come to after a raucous night of bachelor-party revelry, they find a baby in the closet and a tiger in the bathroom. But they can't seem to locate their best friend, Doug – who's supposed to be tying the knot. Launching a frantic search for Doug, the trio perseveres through a nasty hangover to try to make it to the church on time.",Blockbuster,"Revenue >= 2x budget (469310836 >= 70000000), strong user ratings"
585,"Monsters, Inc.",2001-11-01,2001,en,92,"Animation, Comedy, Family",115000000,579700000,18.5089,7.846,19185,Pete Docter,"John Goodman, Billy Crystal, Mary Gibbs","Lovable Sulley and his wisecracking sidekick Mike Wazowski are the top scare team at Monsters, Inc., the scream-processing factory in Monstropolis. When a little girl named Boo wanders into their world, it's the monsters who are scared silly, and it's up to Sulley and Mike to keep her out of sight and get her back home.",Blockbuster,"Revenue >= 2x budget (579700000 >= 230000000), strong user ratings"
4247,Scary Movie,2000-07-07,2000,en,88,Comedy,19000000,278019771,18.3304,6.378,7350,Keenen Ivory Wayans,"Anna Faris, Jon Abrahams, Marlon Wayans","A familiar-looking group of teenagers find themselves being stalked by a more-than-vaguely recognizable masked killer! As the victims begin to pile up and the laughs pile on, none of your favorite scary movies escape the razor-sharp satire of this outrageously funny parody!",Hit,Revenue >= 1.2x budget and decent ratings
425,Ice Age,2002-03-14,2002,en,81,"Animation, Comedy, Family, Adventure",59000000,383257136,18.7712,7.365,13858,Chris Wedge,"Ray Romano, John Leguizamo, Denis Leary","With the impending ice age almost upon them, a mismatched trio of prehistoric critters – Manny the woolly mammoth, Diego the saber-toothed tiger and Sid the giant sloth – find an orphaned infant and decide to return it to its human parents. Along the way, the unlikely allies become friends but, when enemies attack, their quest takes on far nobler aims.",Blockbuster,"Revenue >= 2x budget (383257136 >= 118000000), strong user ratings"
573435,Bad Boys: Ride or Die,2024-06-05,2024,en,115,"Action, Comedy, Crime, Thriller, Adventure",100000000,404547819,17.9899,7.352,3086,Adil El Arbi,"Will Smith, Martin Lawrence, Vanessa Hudgens","After their late former Captain is framed, Lowrey and Burnett try to clear his name, only to end up on the run themselves.",Blockbuster,"Revenue >= 2x budget (404547819 >= 200000000), strong user ratings"
1242419,Roofman,2025-10-08,2025,en,126,"Crime, Drama, Comedy",18000000,17246758,15.8053,7.3,38,Derek Cianfrance,"Channing Tatum, Kirsten Dunst, Ben Mendelsohn","A former Army Ranger and struggling father turns to robbing McDonald’s restaurants by cutting holes in their roofs, earning him the nickname 'Roofman'. After escaping prison, he secretly lives inside a Toys “R” Us for six months, surviving undetected while planning his next move. But when he falls for a divorced mom drawn to his undeniable charm, his double life begins to unravel, setting off a compelling and suspenseful game of cat and mouse as his past closes in.",Moderate,At least broke even or decent ratings
502356,The Super Mario Bros. Movie,2023-04-05,2023,en,93,"Family, Comedy, Adventure, Animation, Fantasy",100000000,1362000000,17.9426,7.606,10015,Aaron Horvath,"Chris Pratt, Anya Taylor-Joy, Charlie Day","While working underground to fix a water main, Brooklyn plumbers—and brothers—Mario and Luigi are transported down a mysterious pipe and wander into a magical new world. But when the brothers are separated, Mario embarks on an epic quest to find Luigi.",Blockbuster,"Revenue >= 2x budget (1362000000 >= 200000000), strong user ratings"
150540,Inside Out,2015-06-17,2015,en,95,"Animation, Family, Adventure, Drama, Comedy",175000000,857611174,18.3139,7.91,22870,Pete Docter,"Amy Poehler, Phyllis Smith, Richard Kind","When 11-year-old Riley moves to a new city, her Emotions team up to help her through the transition. Joy, Fear, Anger, Disgust and Sadness work together, but when Joy and Sadness get lost, they must journey through unfamiliar places to get back home.",Blockbuster,"Revenue >= 2x budget (857611174 >= 350000000), strong user ratings"
10439,Hocus Pocus,1993-07-16,1993,en,96,"Fantasy, Comedy, Family",28000000,51663767,16.7827,7.042,3167,Kenny Ortega,"Bette Midler, Sarah Jessica Parker, Kathy Najimy","After 300 years of slumber, three sister witches are accidentally resurrected in Salem on Halloween night, and it is up to three kids and their newfound feline friend to put an end to the witches' reign of terror once and for all.",Hit,Revenue >= 1.2x budget and decent ratings
748783,The Garfield Movie,2024-04-30,2024,en,100,"Family, Comedy, Adventure, Animation",60000000,254907482,17.2972,7.032,1348,Mark Dindal,"Chris Pratt, Samuel L. Jackson, Hannah Waddingham","Garfield, the world-famous, Monday-hating, lasagna-loving indoor cat, is about to have a wild outdoor adventure! After an unexpected reunion with his long-lost father – scruffy street cat Vic – Garfield and his canine friend Odie are forced from their perfectly pampered life into joining Vic in a hilarious, high-stakes heist.",Hit,Revenue >= 1.2x budget and decent ratings
818647,Through My Window,2022-02-04,2022,es,112,"Romance, Drama, Comedy",0,0,17.0141,7.364,3270,Marçal Forés,"Clara Galle, Julio Peña, Guillermo Lasheras","Raquel's longtime crush on her next-door neighbor turns into something more when he starts developing feelings for her, despite his family's objections.",Critically Good,High user score & significant votes (no financials)
585083,Hotel Transylvania: Transformania,2022-01-31,2022,en,92,"Animation, Comedy, Family, Adventure, Fantasy",75000000,18500000,16.7694,7.052,2925,Derek Drymon,"Andy Samberg, Selena Gomez, Kathryn Hahn","When Van Helsing's mysterious invention, the ""Monsterfication Ray,"" goes haywire, Drac and his monster pals are all transformed into humans, and Johnny becomes a monster. In their new mismatched bodies, Drac and Johnny must team up and race across the globe to find a cure before it's too late, and before they drive each other crazy.",Moderate,At least broke even or decent ratings
988367,Miss Boots,2024-11-29,2024,fr,110,"Comedy, Family, Music",0,0,17.3067,7.5,4,Yan Lanouette Turgeon,"Antoine Bertrand, Marguerite Laurence, Mateo Laurent Membreño Daigle","Philippe, an opera composer in search of inspiration, is forced to take in Simone, his rebellious, eccentric niece whose best friend is a skunk. Despite their diametrically opposed personalities, Philippe and Simone quickly discover that they may need each other more than they first thought.",Average/Positive,Decent user score (no financials)
1339658,"Oh, Hi!",2025-07-25,2025,en,95,"Romance, Comedy",0,2086515,15.7414,6.222,72,Sophie Brooks,"Molly Gordon, Logan Lerman, Geraldine Viswanathan","Iris and Isaac's first romantic weekend getaway as a couple goes awry. Convinced she's met her perfect guy and that he's just confused, Iris goes to increasingly ridiculous and irrational lengths to prove to Isaac that they are meant to be together.",Average/Positive,Decent user score (no financials)
809,Shrek 2,2004-05-19,2004,en,92,"Animation, Family, Comedy, Fantasy, Adventure, Romance",150000000,935454538,17.702,7.303,12968,Conrad Vernon,"Mike Myers, Eddie Murphy, Cameron Diaz","Shrek, Fiona, and Donkey set off to Far, Far Away to meet Fiona's mother and father, the Queen and King. But not everyone is happily ever after. Shrek and the King find it difficult to get along, and there's tension in the marriage. The Fairy Godmother discovers that Fiona has married Shrek instead of her son Prince Charming and plots to destroy their marriage.",Blockbuster,"Revenue >= 2x budget (935454538 >= 300000000), strong user ratings"
270946,Penguins of Madagascar,2014-11-22,2014,en,92,"Family, Animation, Adventure, Comedy",132000000,373515621,17.5462,6.53,4328,Simon J. Smith,"Tom McGrath, Chris Miller, Christopher Knights","Skipper, Kowalski, Rico and Private join forces with undercover organization The North Wind to stop the villainous Dr. Octavius Brine from destroying the world as we know it.",Hit,Revenue >= 1.2x budget and decent ratings
37165,The Truman Show,1998-06-04,1998,en,103,"Comedy, Drama",60000000,264118712,16.8345,8.149,19412,Peter Weir,"Jim Carrey, Laura Linney, Noah Emmerich",An insurance salesman begins to suspect that his whole life is actually some sort of reality TV show.,Blockbuster,"Revenue >= 2x budget (264118712 >= 120000000), strong user ratings"
814662,Kakushigoto Theatrical Edition,2021-07-09,2021,ja,79,"Animation, Comedy",0,0,16.3093,7.1,8,Yuta Murano,"Hiroshi Kamiya, Rie Takahashi, Taku Yashiro","This special cut of the anime series recaps the events of the slice of life comedy where lewd manga artist Kakushi Goto tries to hide his profession from his adorable daughter, Hime. What ensues is a ton of hijinks and a lot of heart in this emotional adventure. The Kakushigoto Theatrical Edition isn’t just a recap; it also includes some all-new footage, which makes it the perfect watch for repeat viewers or those looking to experience it for the very first time.",Average/Positive,Decent user score (no financials)
1190511,Sitaare Zameen Par,2025-06-20,2025,hi,155,"Comedy, Drama",0,3532430,16.2297,7.269,26,R. S. Prasanna,"Aamir Khan, Genelia D'Souza, Dolly Ahluwalia",A disgraced basketball coach is given the chance to coach a team of players who are intellectually disabled as part of community services. Gulshan has apprehensions at first and feels out of place but soon realizes they just might have what it takes to make it to the national championships.,Average/Positive,Decent user score (no financials)
447365,Guardians of the Galaxy Vol. 3,2023-05-03,2023,en,150,"Science Fiction, Adventure, Action, Comedy",250000000,845550000,17.1092,7.932,7733,James Gunn,"Chris Pratt, Zoe Saldaña, Dave Bautista","Peter Quill, still reeling from the loss of Gamora, must rally his team around him to defend the universe along with protecting one of their own. A mission that, if not completed successfully, could quite possibly lead to the end of the Guardians as we know them.",Blockbuster,"Revenue >= 2x budget (845550000 >= 500000000), strong user ratings"
957119,Sidelined: The QB and Me,2025-02-06,2025,en,99,"Comedy, Romance",0,0,15.5009,6.1,101,Justin Wu,"Siena Agudong, Noah Beck, Drew Ray Tanner","Dallas, a burdened but headstrong dancer, is determined to get into the best dance school in the country—her late mother’s alma mater. However, that dream is suddenly derailed when the cheeky yet secretly grieving football star, Drayton, crashes into her life with a unique story of his own. Will the two of them be able to grow into their dreams together, or will their dreams be sidelined?",Average/Positive,Decent user score (no financials)
12153,White Chicks,2004-06-23,2004,en,109,"Comedy, Crime",37000000,113100000,16.7643,6.933,4294,Keenen Ivory Wayans,"Shawn Wayans, Marlon Wayans, Frankie Faison","Two FBI agent brothers, Marcus and Kevin Copeland, accidentally foil a drug bust. To avoid being fired they accept a mission escorting a pair of socialites to the Hamptons--but when the girls are disfigured in a car accident, they refuse to go. Left without options, Marcus and Kevin decide to pose as the sisters, transforming themselves from black men into rich white women.",Hit,Revenue >= 1.2x budget and decent ratings
1114967,Good Fortune,2025-10-14,2025,en,98,"Comedy, Drama, Fantasy",30000000,0,16.5554,6.4,19,Aziz Ansari,"Keanu Reeves, Aziz Ansari, Seth Rogen",A well-meaning but rather inept angel named Gabriel meddles in the lives of a struggling gig worker and a wealthy capitalist.,Average/Positive,Decent user score (no financials)
863,Toy Story 2,1999-10-30,1999,en,92,"Animation, Comedy, Family",90000000,497375381,16.3619,7.603,14428,John Lasseter,"Tom Hanks, Tim Allen, Joan Cusack","Andy heads off to Cowboy Camp, leaving his toys to their own devices. Things shift into high gear when an obsessive toy collector named Al McWhiggen, owner of Al's Toy Barn kidnaps Woody. Andy's toys mount a daring rescue mission, Buzz Lightyear meets his match and Woody has to decide where he and his heart truly belong.",Blockbuster,"Revenue >= 2x budget (497375381 >= 180000000), strong user ratings"
1096638,In the Sub for Love,2024-11-06,2024,fr,86,"Comedy, Romance",0,0,14.8001,5.357,49,Lucas Bernard,"Pio Marmaï, Eye Haïdara, José Garcia","She is a tactical submarine officer. He is a steward. Before diving for 90 days she chooses to make it her ""four-hour"". But here he is clinging. Who follows her. Who sticks it. Where do we go if the flight crew of a 747 prides itself on romance? As if we had time to be in love on board a military ship. Still, the Pacific Ocean is not big enough. Neither does the Arctic Ocean. The world is so small when you love each other so much.",Unknown,Insufficient financial data
1153714,Death of a Unicorn,2025-03-27,2025,en,107,"Horror, Fantasy, Comedy",15000000,16413285,14.9662,6.452,573,Alex Scharfman,"Paul Rudd, Jenna Ortega, Will Poulter","A father and daughter accidentally hit and kill a unicorn while en route to a weekend retreat, where his billionaire boss seeks to exploit the creature’s miraculous curative properties.",Moderate,At least broke even or decent ratings
14160,Up,2009-05-28,2009,en,96,"Animation, Comedy, Family, Adventure",175000000,735103954,16.8081,7.959,21040,Pete Docter,"Ed Asner, Christopher Plummer, Jordan Nagai","Carl Fredricksen spent his entire life dreaming of exploring the globe and experiencing life to its fullest. But at age 78, life seems to have passed him by, until a twist of fate (and a persistent 8-year old Wilderness Explorer named Russell) gives him a new lease on life.",Blockbuster,"Revenue >= 2x budget (735103954 >= 350000000), strong user ratings"
293660,Deadpool,2016-02-09,2016,en,108,"Action, Adventure, Comedy",58000000,782837347,16.2197,7.623,32007,Tim Miller,"Ryan Reynolds, Morena Baccarin, Ed Skrein","The origin story of former Special Forces operative turned mercenary Wade Wilson, who, after being subjected to a rogue experiment that leaves him with accelerated healing powers, adopts the alter ego Deadpool. Armed with his new abilities and a dark, twisted sense of humor, Deadpool hunts down the man who nearly destroyed his life.",Blockbuster,"Revenue >= 2x budget (782837347 >= 116000000), strong user ratings"
701387,Bugonia,2025-10-23,2025,en,118,"Comedy, Science Fiction, Thriller",0,0,16.872,8.0,12,Yorgos Lanthimos,"Emma Stone, Jesse Plemons, Aidan Delbis","Two conspiracy obsessed young men kidnap the high-powered CEO of a major company, convinced that she is an alien intent on destroying planet Earth.",Average/Positive,Decent user score (no financials)
1484453,Snoopy Presents: A Summer Musical,2025-08-14,2025,en,40,"Animation, Family, Music, Comedy",0,0,14.3974,7.4,18,Erik Wiese,"Etienne Kellici, Hattie Kragten, Terry McGurrin","Music and glee fill the air as Charlie Brown and the gang head off to summer camp. First-timer Sally doesn't get what all the hype is about. But when the camp may be forced to close, they team up to save it so more kids can make their own special memories.",Average/Positive,Decent user score (no financials)
1386827,Coyotes,2025-10-02,2025,en,92,"Horror, Comedy",0,0,11.0404,5.7,11,Colin Minihan,"Justin Long, Mila Harris, Brittany Allen","Trapped in their Hollywood Hills home, a family fights for survival when caught between a raging wildfire and a pack of savage coyotes.",Unknown,Insufficient financial data
10625,Mean Girls,2004-04-30,2004,en,96,"Drama, Comedy",17000000,130193514,15.4595,7.223,9181,Mark Waters,"Lindsay Lohan, Rachel McAdams, Lizzy Caplan","Cady Heron is a hit with The Plastics, the A-list girl clique at her new school, until she makes the mistake of falling for Aaron Samuels, the ex-boyfriend of alpha Plastic Regina George.",Blockbuster,"Revenue >= 2x budget (130193514 >= 34000000), strong user ratings"
508947,Turning Red,2022-03-10,2022,en,100,"Animation, Family, Comedy, Fantasy",175000000,0,14.6037,7.331,5569,Domee Shi,"Rosalie Chiang, Sandra Oh, Ava Morse","Thirteen-year-old Mei is experiencing the awkwardness of being a teenager with a twist – when she gets too excited, she transforms into a giant red panda.",Critically Good,High user score & significant votes (no financials)
976573,Elemental,2023-06-14,2023,en,102,"Family, Fantasy, Comedy, Romance, Animation",200000000,496444308,15.2947,7.598,5007,Peter Sohn,"Leah Lewis, Mamoudou Athie, Ronnie del Carmen","In a city where fire, water, land and air residents live together, a fiery young woman and a go-with-the-flow guy will discover something elemental: how much they have in common.",Blockbuster,"Revenue >= 2x budget (496444308 >= 400000000), strong user ratings"
1263256,Happy Gilmore 2,2025-07-25,2025,en,118,Comedy,152000000,0,14.3902,6.623,770,Kyle Newacheck,"Adam Sandler, Julie Bowen, Christopher McDonald","Happy Gilmore isn't done with golf — not by a long shot. Since his retirement after his first Tour Championship win, Gilmore returns to finance his daughter's ballet classes.",Average/Positive,Decent user score (no financials)
315162,Puss in Boots: The Last Wish,2022-12-07,2022,en,103,"Animation, Adventure, Fantasy, Comedy, Family",90000000,484700000,16.0678,8.209,8452,Joel Crawford,"Antonio Banderas, Salma Hayek Pinault, Harvey Guillén","Puss in Boots discovers that his passion for adventure has taken its toll: He has burned through eight of his nine lives, leaving him with only one life left. Puss sets out on an epic journey to find the mythical Last Wish and restore his nine lives.",Blockbuster,"Revenue >= 2x budget (484700000 >= 180000000), strong user ratings"
21989,Hot Dog... The Movie,1984-01-13,1984,en,96,"Comedy, Romance",4506756,20307325,15.0661,4.9,73,Peter Markle,"David Naughton, Patrick Houser, Tracy Smith","When a hopeful young American hot-dogger goes pole-to-pole with an arrogant Austrian pro, the snow really starts to fly! But as hot as it is on the mountain, it gets even hotter off when the pro's ex-girlfriend sets her eyes on the new blood. Who'll win the competition and the girl? Only a race to end all races can determine which skier can really cut the mustard!",Moderate,At least broke even or decent ratings
953,Madagascar,2005-05-25,2005,en,86,"Family, Animation, Adventure, Comedy",75000000,542064525,16.432,6.916,11329,Eric Darnell,"Ben Stiller, Chris Rock, David Schwimmer",Four animal friends get a taste of the wild life when they break out of captivity at the Central Park Zoo and wash ashore on the island of Madagascar.,Hit,Revenue >= 1.2x budget and decent ratings
1139566,Through My Window 3: Looking at You,2024-02-23,2024,es,105,"Romance, Drama, Comedy",0,0,14.967,6.918,637,Marçal Forés,"Clara Galle, Julio Peña, Natalia Azahara","After the events of the summer, Ares and Raquel they don't see a way forward in their relationship and decide to go separate ways. But when they meet again in the winter in Barcelona, the love and desire they feel for each other is undeniable. Will they be able to find a way to get back together?",Average/Positive,Decent user score (no financials)
10192,Shrek Forever After,2010-05-20,2010,en,93,"Comedy, Adventure, Fantasy, Animation, Family",165000000,752600867,16.0416,6.39,7683,Mike Mitchell,"Mike Myers, Eddie Murphy, Cameron Diaz","A bored and domesticated Shrek pacts with deal-maker Rumpelstiltskin to get back to feeling like a real ogre again, but when he's duped and sent to a twisted version of Far Far Away—where Rumpelstiltskin is king, ogres are hunted, and he and Fiona have never met—he sets out to restore his world and reclaim his true love.",Hit,Revenue >= 1.2x budget and decent ratings
792307,Poor Things,2023-12-07,2023,en,141,"Science Fiction, Romance, Comedy",35000000,117607117,16.1304,7.667,5013,Yorgos Lanthimos,"Emma Stone, Mark Ruffalo, Willem Dafoe","Brought back to life by an unorthodox scientist, a young woman runs off with a lawyer on a whirlwind adventure across the continents. Free from the prejudices of her times, she grows steadfast in her purpose to stand for equality and liberation.",Blockbuster,"Revenue >= 2x budget (117607117 >= 70000000), strong user ratings"
49013,Cars 2,2011-06-11,2011,en,106,"Animation, Family, Adventure, Comedy",200000000,559852396,15.6346,6.161,8200,John Lasseter,"Larry the Cable Guy, Owen Wilson, Michael Caine",Star race car Lightning McQueen and his pal Mater head overseas to compete in the World Grand Prix race. But the road to the championship becomes rocky as Mater gets caught up in an intriguing adventure of his own: international espionage.,Hit,Revenue >= 1.2x budget and decent ratings
77338,The Intouchables,2011-11-02,2011,fr,113,"Drama, Comedy",13000000,426590315,14.1897,8.272,17914,Éric Toledano,"François Cluzet, Omar Sy, Anne Le Ny",A true story of two men who should never have met – a quadriplegic aristocrat who was injured in a paragliding accident and a young man from the projects.,Blockbuster,"Revenue >= 2x budget (426590315 >= 26000000), strong user ratings"
109418,Grown Ups 2,2013-07-11,2013,en,101,Comedy,80000000,247022278,14.3939,6.149,4518,Dennis Dugan,"Adam Sandler, Kevin James, Chris Rock","Lenny has relocated his family back to the small town where he and his friends grew up. This time around, the grown ups are the ones learning lessons from their kids on a day notoriously full of surprises—the last day of school.",Hit,Revenue >= 1.2x budget and decent ratings
1239193,Deep Cover,2025-06-12,2025,en,99,"Action, Comedy, Crime",0,0,14.2171,6.711,438,Tom Kingsley,"Bryce Dallas Howard, Orlando Bloom, Nick Mohammed","Kat is an improv comedy teacher beginning to question if she’s missed her shot at success. When an undercover cop offers her the role of a lifetime, she recruits two of her students to infiltrate London’s gangland by impersonating dangerous criminals.",Average/Positive,Decent user score (no financials)
438695,Sing 2,2021-12-01,2021,en,109,"Family, Comedy, Music, Animation",85000000,408402685,13.9662,7.8,4635,Garth Jennings,"Matthew McConaughey, Reese Witherspoon, Scarlett Johansson","Buster and his new cast now have their sights set on debuting a new show at the Crystal Tower Theater in glamorous Redshore City. But with no connections, he and his singers must sneak into the Crystal Entertainment offices, run by the ruthless wolf mogul Jimmy Crystal, where the gang pitches the ridiculous idea of casting the lion rock legend Clay Calloway in their show. Buster must embark on a quest to find the now-isolated Clay and persuade him to return to the stage.",Blockbuster,"Revenue >= 2x budget (408402685 >= 170000000), strong user ratings"
118,Charlie and the Chocolate Factory,2005-07-13,2005,en,115,"Adventure, Comedy, Family, Fantasy",150000000,475000000,15.0603,7.041,15708,Tim Burton,"Johnny Depp, Freddie Highmore, David Kelly","A young boy wins a tour through the most magnificent chocolate factory in the world, led by the world's most unusual candy maker.",Blockbuster,"Revenue >= 2x budget (475000000 >= 300000000), strong user ratings"
112160,Sexual Chronicles of a French Family,2012-05-09,2012,fr,85,"Comedy, Drama, Romance",0,0,14.3652,5.4,389,Pascal Arnold,"Mathias Melloul, Valérie Maës, Stephan Hersoen",Three generations of a French family open up about their sexual experiences and desires after young Romain is caught masturbating in his biology class.,Unknown,Insufficient financial data
605722,Long Distance,2024-07-12,2024,en,87,"Science Fiction, Comedy, Action",0,0,13.9501,6.488,207,Josh Gordon,"Anthony Ramos, Naomi Scott, Kristofer Hivju","After crash-landing on an alien planet, an asteroid miner must contend with the challenges of his new surroundings, while making his way across the harsh terrain to the only other survivor – a woman who is trapped in her escape pod.",Average/Positive,Decent user score (no financials)
629542,The Bad Guys,2022-03-17,2022,en,100,"Family, Comedy, Crime, Adventure, Animation, Action",80000000,250162278,13.5595,7.532,2367,Pierre Perifel,"Sam Rockwell, Marc Maron, Awkwafina","When the Bad Guys, a crew of criminal animals, are finally caught after years of heists and being the world’s most-wanted villains, Mr. Wolf brokers a deal to save them all from prison.",Blockbuster,"Revenue >= 2x budget (250162278 >= 160000000), strong user ratings"
854,The Mask,1994-07-29,1994,en,101,"Romance, Comedy, Crime, Fantasy",23000000,351583407,14.001,6.971,10796,Chuck Russell,"Jim Carrey, Peter Riegert, Peter Greene","When timid bank clerk Stanley Ipkiss discovers a magical mask containing the spirit of the Norse god Loki, his entire life changes. While wearing the mask, Ipkiss becomes a supernatural playboy exuding charm and confidence which allows him to catch the eye of local nightclub singer Tina Carlyle. Unfortunately, under the mask's influence, Ipkiss also robs a bank, which angers junior crime lord Dorian Tyrell, whose goons get blamed for the heist.",Hit,Revenue >= 1.2x budget and decent ratings
76492,Hotel Transylvania,2012-09-20,2012,en,91,"Animation, Comedy, Family, Fantasy",85000000,358375603,14.7898,6.962,8923,Genndy Tartakovsky,"Adam Sandler, Andy Samberg, Selena Gomez","Welcome to Hotel Transylvania, Dracula's lavish five-stake resort, where monsters and their families can live it up and no humans are allowed. One special weekend, Dracula has invited all his best friends to celebrate his beloved daughter Mavis's 118th birthday. For Dracula catering to all of these legendary monsters is no problem but the party really starts when one ordinary guy stumbles into the hotel and changes everything!",Hit,Revenue >= 1.2x budget and decent ratings
62177,Brave,2012-06-21,2012,en,93,"Animation, Adventure, Comedy, Family, Action, Fantasy",185000000,538983207,14.1716,7.021,13812,Mark Andrews,"Kelly Macdonald, Emma Thompson, Billy Connolly","In the mystical Scottish Highlands, Merida is the princess of a kingdom ruled by King Fergus and Queen Elinor. An unruly daughter and an accomplished archer, Merida one day defies a sacred custom of the land and inadvertently brings turmoil to the kingdom. In an attempt to set things right, Merida seeks out an eccentric old Wise Woman and is granted an ill-fated wish. Also figuring into Merida's quest — and serving as comic relief — are the kingdom's three lords: the enormous Lord MacGuffin, the surly Lord Macintosh, and the disagreeable Lord Dingwall.",Blockbuster,"Revenue >= 2x budget (538983207 >= 370000000), strong user ratings"
917496,Beetlejuice Beetlejuice,2024-09-04,2024,en,105,"Comedy, Fantasy, Horror",99000000,451900435,13.8391,6.971,2808,Tim Burton,"Michael Keaton, Winona Ryder, Catherine O'Hara","After a family tragedy, three generations of the Deetz family return home to Winter River. Still haunted by Betelgeuse, Lydia's life is turned upside down when her teenage daughter, Astrid, accidentally opens the portal to the Afterlife.",Hit,Revenue >= 1.2x budget and decent ratings
9714,Home Alone 3,1997-12-12,1997,en,102,"Comedy, Family",32000000,79082515,13.4688,5.3,3152,Raja Gosnell,"Alex D. Linz, Olek Krupa, Rya Kihlstedt","9-year-old Alex Pruitt is home alone with the chicken pox. Turns out, due to a mix-up among nefarious spies, Alex was given a toy car concealing a top-secret microchip. Now Alex must fend off the spies as they try to break into his house to get it back.",Moderate,At least broke even or decent ratings
1124619,Bride Hard,2025-06-19,2025,en,105,"Action, Comedy",20000000,0,14.1217,5.612,117,Simon West,"Rebel Wilson, Anna Camp, Anna Chlumsky","Sam is a secret agent whose toughest mission to date is pleasing her bride-to-be best friend at a lavish destination wedding. When a team of mercenaries crashes the party and takes the guests hostage, Sam is thrown into a fight unlike any before — one where she can’t risk blowing her cover or ruining the big day. As she takes on the bad guys in a high-stakes battle disguised as a fairy-tale affair, she realizes the real threat might be closer than she thinks.",Unknown,Insufficient financial data
9502,Kung Fu Panda,2008-06-04,2008,en,90,"Animation, Family, Comedy, Action, Adventure",130000000,632091832,14.834,7.307,12161,Mark Osborne,"Jack Black, Angelina Jolie, Dustin Hoffman","When the Valley of Peace is threatened, lazy Po the panda discovers his destiny as the ""chosen one"" and trains to become a kung fu hero, but transforming the unsleek slacker into a brave warrior won't be easy. It's up to Master Shifu and the Furious Five -- Tigress, Crane, Mantis, Viper and Monkey -- to give it a try.",Blockbuster,"Revenue >= 2x budget (632091832 >= 260000000), strong user ratings"
568124,Encanto,2021-10-13,2021,en,102,"Animation, Comedy, Family, Fantasy",150000000,261292688,13.7395,7.582,9898,Byron Howard,"Stephanie Beatriz, María Cecilia Botero, John Leguizamo","The tale of an extraordinary family, the Madrigals, who live hidden in the mountains of Colombia, in a magical house, in a vibrant town, in a wondrous, charmed place called an Encanto. The magic of the Encanto has blessed every child in the family—every child except one, Mirabel. But when she discovers that the magic surrounding the Encanto is in danger, Mirabel decides that she, the only ordinary Madrigal, might just be her exceptional family's last hope.",Hit,Revenue >= 1.2x budget and decent ratings
490132,Green Book,2018-11-16,2018,en,130,"Drama, Comedy, History",23000000,321752656,13.4221,8.226,12322,Peter Farrelly,"Viggo Mortensen, Mahershala Ali, Linda Cardellini","Tony Lip, a bouncer in 1962, is hired to drive pianist Don Shirley on a tour through the Deep South in the days when African Americans, forced to find alternate accommodations and services due to segregation laws below the Mason-Dixon Line, relied on a guide called The Negro Motorist Green Book.",Blockbuster,"Revenue >= 2x budget (321752656 >= 46000000), strong user ratings"
260514,Cars 3,2017-06-15,2017,en,102,"Animation, Adventure, Comedy, Family",175000000,383925276,13.7689,6.854,6175,Brian Fee,"Owen Wilson, Cristela Alonzo, Chris Cooper","Blindsided by a new generation of blazing-fast racers, the legendary Lightning McQueen is suddenly pushed out of the sport he loves. To get back in the game, he will need the help of an eager young race technician with her own plan to win, inspiration from the late Fabulous Hudson Hornet, and a few unexpected turns. Proving that #95 isn't through yet will test the heart of a champion on Piston Cup Racing’s biggest stage!",Hit,Revenue >= 1.2x budget and decent ratings
855262,Pinball: The Man Who Saved the Game,2023-03-17,2023,en,92,"Comedy, Drama, History, Romance",0,0,11.7671,7.046,87,Austin Bragg,"Mike Faist, Crystal Reed, Dennis Boutsikaris","The dramatic comedy is based on the true story of writer and pinball wizard Roger Sharpe, chronicling his journey to overturn New York City’s 35-year ban on pinball.",Average/Positive,Decent user score (no financials)
1442544,Valsala Club,2025-09-26,2025,ml,99,Comedy,0,0,13.2648,1.0,1,Anush Mohan,"Roopesh Peethambaran, Kaarthik Shankar, Dhyan Sreenivasan","In a village where wedding sabotage is a competitive sport, the members of the Valsala Club bet that they can get a wedding completed within a week to end the tradition",Unknown,Insufficient financial data
1290182,You Are the Apple of My Eye,2025-02-21,2025,ko,102,"Romance, Drama, Comedy",0,302086,13.6208,8.511,47,Cho Young-myoung,"Jung Jin-young, DAHYUN, Demian","A group of close friends who attend a private school all have a debilitating crush on the sunny star pupil, Sun-ah. The only member of the group who claims not to is Jin-woo, but he ends up loving her as well.",Average/Positive,Decent user score (no financials)
696506,Mickey 17,2025-02-28,2025,en,137,"Science Fiction, Comedy, Adventure",118000000,131847147,13.4144,6.863,2775,Bong Joon Ho,"Robert Pattinson, Naomi Ackie, Steven Yeun","Unlikely hero Mickey Barnes finds himself in the extraordinary circumstance of working for an employer who demands the ultimate commitment to the job… to die, for a living.",Moderate,At least broke even or decent ratings
1149504,Honey Don't!,2025-08-21,2025,en,89,"Comedy, Crime",20000000,5978621,12.5956,5.671,175,Ethan Coen,"Margaret Qualley, Aubrey Plaza, Chris Evans","Honey O'Donahue, a small-town private investigator, delves into a series of strange deaths tied to a mysterious church.",Flop,Revenue < budget and low ratings
1017163,The Roundup: Punishment,2024-04-24,2024,ko,109,"Action, Crime, Thriller, Comedy",0,83703350,13.295,7.079,197,Heo Myeong-haeng,"Don Lee, Kim Moo-yul, Park Ji-hwan",'Monster Cop' Ma Seok-do investigates an illegal online gambling business led by a former STS Baek and an IT genius CEO Chang. Ma proposes an unexpected alliance to Jang and begins hunting down the criminals.,Average/Positive,Decent user score (no financials)
675353,Sonic the Hedgehog 2,2022-03-30,2022,en,123,"Action, Adventure, Family, Comedy",110000000,405421518,14.7728,7.4,5672,Jeff Fowler,"Ben Schwartz, James Marsden, Tika Sumpter","After settling in Green Hills, Sonic is eager to prove he has what it takes to be a true hero. His test comes when Dr. Robotnik returns, this time with a new partner, Knuckles, in search for an emerald that has the power to destroy civilizations. Sonic teams up with his own sidekick, Tails, and together they embark on a globe-trotting journey to find the emerald before it falls into the wrong hands.",Blockbuster,"Revenue >= 2x budget (405421518 >= 220000000), strong user ratings"
1374534,Almost Cops,2025-07-10,2025,nl,95,"Action, Comedy, Crime, Mystery",0,0,13.0712,5.901,156,Gonzalo Fernandez Carmona,"Jandino Asporaat, Werner Kolf, Mark Rietman","When an overeager community officer and a reckless ex-detective are forced to team up, plenty of chaos ensues on the streets of Rotterdam.",Unknown,Insufficient financial data
940551,Migration,2023-12-06,2023,en,82,"Family, Comedy, Adventure, Animation",72000000,298776052,13.8566,7.381,2116,Benjamin Renner,"Kumail Nanjiani, Elizabeth Banks, Caspar Jennings","After a migrating duck family alights on their pond with thrilling tales of far-flung places, the Mallard family embarks on a family road trip, from New England, to New York City, to tropical Jamaica.",Blockbuster,"Revenue >= 2x budget (298776052 >= 144000000), strong user ratings"
799583,The Ministry of Ungentlemanly Warfare,2024-04-18,2024,en,120,"Action, Comedy, War",60000000,29768915,14.2388,7.043,1646,Guy Ritchie,"Henry Cavill, Eiza González, Alan Ritchson","During World War II, the British Army assigns a group of competent soldiers to carry out a mission against the Nazi forces behind enemy lines... A true story about a secret British WWII organization — the Special Operations Executive. Founded by Winston Churchill, their irregular warfare against the Germans helped to change the course of the war, and gave birth to modern black operations.",Moderate,At least broke even or decent ratings
739405,Operation Fortune: Ruse de Guerre,2023-01-04,2023,en,113,"Action, Comedy, Thriller",50000000,48983306,14.0519,6.473,1759,Guy Ritchie,"Jason Statham, Aubrey Plaza, Josh Hartnett",Special agent Orson Fortune and his team of operatives recruit one of Hollywood's biggest movie stars to help them on an undercover mission when the sale of a deadly new weapons technology threatens to disrupt the world order.,Moderate,At least broke even or decent ratings
38055,Megamind,2010-10-28,2010,en,96,"Animation, Action, Comedy, Family, Science Fiction",130000000,321885765,14.0807,7.011,7193,Tom McGrath,"Will Ferrell, Brad Pitt, Tina Fey","After Megamind, a highly intelligent alien supervillain, defeats his long-time nemesis Metro Man, Megamind creates a new hero to fight, but must act to save the city when his ""creation"" becomes an even worse villain than he was.",Blockbuster,"Revenue >= 2x budget (321885765 >= 260000000), strong user ratings"
1307078,My Oxford Year,2025-07-31,2025,en,113,"Romance, Comedy, Drama",0,0,12.8851,7.041,455,Iain Morris,"Sofia Carson, Corey Mylchreest, Esmé Kingdom",An ambitious American fulfilling her dream of studying at Oxford falls for a charming Brit hiding a secret that may upend her perfectly planned life.,Average/Positive,Decent user score (no financials)
937278,A Man Called Otto,2022-12-28,2022,en,126,"Comedy, Drama",50000000,108961677,12.5394,7.76,3269,Marc Forster,"Tom Hanks, Mariana Treviño, Cameron Britton","When a lively young family moves in next door, grumpy widower Otto Anderson meets his match in a quick-witted, pregnant woman named Marisol, leading to an unlikely friendship that turns his world upside down.",Blockbuster,"Revenue >= 2x budget (108961677 >= 100000000), strong user ratings"
639988,No Other Choice,2025-09-24,2025,ko,139,"Crime, Thriller, Comedy",0,7500000,12.9145,7.9,23,Park Chan-wook,"Lee Byung-hun, Son Ye-jin, Park Hee-soon","After being laid off and humiliated by a ruthless job market, a veteran paper mill manager descends into violence in a desperate bid to reclaim his dignity.",Average/Positive,Decent user score (no financials)
337404,Cruella,2021-05-26,2021,en,134,"Comedy, Crime, Adventure",200000000,233503234,13.9725,7.984,9760,Craig Gillespie,"Emma Stone, Emma Thompson, Joel Fry","In 1970s London amidst the punk rock revolution, a young grifter named Estella is determined to make a name for herself with her designs. She befriends a pair of young thieves who appreciate her appetite for mischief, and together they are able to build a life for themselves on the London streets. One day, Estella’s flair for fashion catches the eye of the Baroness von Hellman, a fashion legend who is devastatingly chic and terrifyingly haute. But their relationship sets in motion a course of events and revelations that will cause Estella to embrace her wicked side and become the raucous, fashionable and revenge-bent Cruella.",Moderate,At least broke even or decent ratings
1471345,Homo Argentum,2025-08-14,2025,es,98,Comedy,0,5398,13.207,5.1,9,Mariano Cohn,"Guillermo Francella, Clara Kovacic, Eva De Dominici","The film consists of 16 shorts that explore, with humor and social criticism, the characteristics of the Argentine identity.",Unknown,Insufficient financial data
58008,Night Nurse,1979-02-07,1979,it,96,Comedy,0,0,24.3829,5.2,49,Mariano Laurenti,"Gloria Guida, Lino Banfi, Alvaro Vitali","A dentist invites a elderly patient to stay at his home to recover, unaware that he is a jewel thief. He plans to steal a valuable diamond but then runs into a beautiful nurse who, aside from constantly stripping nude, has plans of her own.",Unknown,Insufficient financial data
11544,Lilo & Stitch,2002-06-21,2002,en,85,"Animation, Family, Comedy",80000000,273144151,14.5451,7.6,6833,Chris Sanders,"Daveigh Chase, Chris Sanders, Tia Carrere","As Stitch, a runaway genetic experiment from a faraway planet, wreaks havoc on the Hawaiian Islands, he becomes the mischievous adopted alien ""puppy"" of an independent little girl named Lilo and learns about loyalty, friendship, and ʻohana, the Hawaiian tradition of family.",Blockbuster,"Revenue >= 2x budget (273144151 >= 160000000), strong user ratings"
1287536,Dora and the Search for Sol Dorado,2025-07-02,2025,en,96,"Family, Comedy, Adventure",0,0,13.1569,6.574,94,Alberto Belli,"Samantha Lorraine, Jacob Rodriguez, Mariana Garzón Toro","Dora, Diego, and their new friends trek through the perilous dangers of the Amazonian jungle in search of the ancient and powerful treasure of Sol Dorado to keep it out of enemy hands.",Average/Positive,Decent user score (no financials)
4248,Scary Movie 2,2001-07-04,2001,en,82,Comedy,45000000,141220678,14.1733,5.809,4890,Keenen Ivory Wayans,"Anna Faris, Regina Hall, Shawn Wayans","While the original parodied slasher flicks like Scream, Keenen Ivory Wayans's sequel to Scary Movie takes comedic aim at haunted house movies. A group of students visit a mansion called ""Hell House,"" and murderous high jinks ensue.",Moderate,At least broke even or decent ratings
718930,Bullet Train,2022-08-03,2022,en,126,"Action, Comedy, Thriller",90000000,239300000,14.8952,7.421,6992,David Leitch,"Brad Pitt, Joey King, Aaron Taylor-Johnson","Unlucky assassin Ladybug is determined to do his job peacefully after one too many gigs gone off the rails. Fate, however, may have other plans, as Ladybug's latest mission puts him on a collision course with lethal adversaries from around the globe—all with connected, yet conflicting, objectives—on the world's fastest train.",Blockbuster,"Revenue >= 2x budget (239300000 >= 180000000), strong user ratings"
466272,Once Upon a Time... in Hollywood,2019-07-24,2019,en,162,"Comedy, Drama, Thriller",95000000,392105159,12.7787,7.426,14239,Quentin Tarantino,"Leonardo DiCaprio, Brad Pitt, Margot Robbie","Los Angeles, 1969. TV star Rick Dalton, a struggling actor specializing in westerns, and stuntman Cliff Booth, his best friend, try to survive in a constantly changing movie industry. Dalton is the neighbor of the young and promising actress and model Sharon Tate, who has just married the prestigious Polish director Roman Polanski…",Blockbuster,"Revenue >= 2x budget (392105159 >= 190000000), strong user ratings"
501989,Ode to Joy,2019-09-08,2019,en,97,"Comedy, Drama, Romance",0,17303,12.9524,6.208,125,Jason Winer,"Martin Freeman, Morena Baccarin, Jake Lacy","Charlie suffers from a serious disease that causes acute narcolepsy whenever he is happy. Although he develops a variety of techniques to deny himself pleasure and deal with his sleep issues, they’re put to the test when he falls in love.",Average/Positive,Decent user score (no financials)
772,Home Alone 2: Lost in New York,1992-11-15,1992,en,120,"Comedy, Family, Adventure",18000000,358994850,13.9103,6.768,10152,Chris Columbus,"Macaulay Culkin, Joe Pesci, Daniel Stern","Instead of flying to Florida with his folks, Kevin ends up alone in New York, where he gets a hotel room with his dad's credit card—despite problems from a clerk and meddling bellboy. But when Kevin runs into his old nemeses, the Wet Bandits, he's determined to foil their plans to rob a toy store on Christmas Eve.",Hit,Revenue >= 1.2x budget and decent ratings
4951,10 Things I Hate About You,1999-03-30,1999,en,97,"Comedy, Romance, Drama",16000000,53478166,13.6229,7.591,8577,Gil Junger,"Heath Ledger, Julia Stiles, Joseph Gordon-Levitt","On the first day at his new school, Cameron instantly falls for Bianca, the gorgeous girl of his dreams. The only problem is that Bianca is forbidden to date until her ill-tempered, completely un-dateable older sister Kat goes out, too. In an attempt to solve his problem, Cameron singles out the only guy who could possibly be a match for Kat: a mysterious bad boy with a nasty reputation of his own.",Blockbuster,"Revenue >= 2x budget (53478166 >= 32000000), strong user ratings"
20352,Despicable Me,2010-07-08,2010,en,95,"Family, Comedy, Animation, Science Fiction",69000000,543284256,13.8047,7.253,15643,Pierre Coffin,"Steve Carell, Jason Segel, Miranda Cosgrove","Villainous Gru lives up to his reputation as a despicable, deplorable and downright unlikable guy when he hatches a plan to steal the moon from the sky. But he has a tough time staying on task after three orphans land in his care.",Blockbuster,"Revenue >= 2x budget (543284256 >= 138000000), strong user ratings"
10193,Toy Story 3,2010-06-16,2010,en,102,"Animation, Family, Comedy",200000000,1067316101,13.9512,7.803,15235,Lee Unkrich,"Tom Hanks, Tim Allen, Joan Cusack","Woody, Buzz, and the rest of Andy's toys haven't been played with in years. With Andy about to go to college, the gang find themselves accidentally left at a nefarious day care center. The toys must band together to escape and return home to Andy.",Blockbuster,"Revenue >= 2x budget (1067316101 >= 400000000), strong user ratings"
1215106,Kogaloak : The Ghastly Village,2025-11-06,2025,th,0,"Comedy, Horror, Thriller",0,0,12.7833,0.0,0,Kapon Thongphlap,"Padung Songsang, Nachat Juntapun, Kanchai Kamnerdploy","A terrifying serial murder spree grips Kogaloak village, with horrific injuries on male victims. Police face local legends and hidden secrets as they investigate. The latest victim, is taken for autopsy, intensifying fear. Officer and his team conduct a covert investigation, but the death toll rises. Villagers suspect newcomers have awakened a vengeful ghost. Is it real or a clever killer?",Unknown,Insufficient financial data
329872,Pick-Up Girls,1981-09-27,1981,es,99,"Comedy, Action",0,0,11.4081,3.5,11,Jesús Franco,"Antonio Mayans, Lina Romay, Doris Regina","Private eye Al Crosby is paid by millionaire Harry Feldman to take his place at a meeting with Emilio, a gangster. He is drugged and photographed in compromising positions by two hookers, Suzy and Bijou, then he is nearly killed by Mrs. Feldman. Al tries to blackmail Mrs. Feldman, and he is beaten up by three women and forced to tell of Harry's whereabouts, leading to Harry's murder. Al enlists the help of Harry's mistress, Coco, plus Suzy and Bijou whom Al gets out of prison, to expose Mrs Feldman as having inherited money by devious ways and being a brothel owner.",Unknown,Insufficient financial data
1181540,Guns Up,2025-05-15,2025,en,92,"Action, Comedy, Crime",0,198534,12.3618,6.544,115,Edward Drake,"Kevin James, Christina Ricci, Luis Guzmán","When a job goes horribly wrong, an ex-cop and family man who moonlights as a mob henchman has one night to get his family out of the city.",Average/Positive,Decent user score (no financials)
11688,The Emperor's New Groove,2000-12-15,2000,en,78,"Adventure, Animation, Comedy, Family, Fantasy",100000000,169327687,13.6222,7.558,7050,Mark Dindal,"David Spade, John Goodman, Eartha Kitt","When self-centered Emperor Kuzco is turned into a llama by his scheming advisor, he is forced to rely on good-hearted peasant Pacha to get back home.",Hit,Revenue >= 1.2x budget and decent ratings
38365,Grown Ups,2010-06-24,2010,en,102,Comedy,80000000,271430189,13.2117,6.401,6435,Dennis Dugan,"Adam Sandler, Kevin James, Chris Rock","After their high school basketball coach passes away, five good friends and former teammates reunite for a Fourth of July holiday weekend.",Hit,Revenue >= 1.2x budget and decent ratings
82702,How to Train Your Dragon 2,2014-06-05,2014,en,102,"Fantasy, Action, Adventure, Animation, Comedy, Family",145000000,621537519,13.9472,7.676,10082,Dean DeBlois,"Jay Baruchel, Cate Blanchett, Gerard Butler","Five years have passed since Hiccup and Toothless united the dragons and Vikings of Berk. Now, they spend their time charting unmapped territories. During one of their adventures, the pair discover a secret cave that houses hundreds of wild dragons -- and a mysterious dragon rider. Hiccup and Toothless find themselves at the center of a battle to protect Berk from a power-hungry warrior.",Blockbuster,"Revenue >= 2x budget (621537519 >= 290000000), strong user ratings"
2105,American Pie,1999-07-09,1999,en,95,"Comedy, Romance",11000000,235483004,12.6141,6.599,7999,Paul Weitz,"Jason Biggs, Chris Klein, Thomas Ian Nicholas","At a high-school party, four friends find that losing their collective virginity isn't as easy as they had thought. But they still believe that they need to do so before college. To motivate themselves, they enter a pact to all ""score"" by their senior prom.",Hit,Revenue >= 1.2x budget and decent ratings
868759,Ghosted,2023-04-18,2023,en,117,"Action, Comedy, Romance",40000000,0,12.6207,6.923,2033,Dexter Fletcher,"Chris Evans, Ana de Armas, Adrien Brody","Salt-of-the-earth Cole falls head over heels for enigmatic Sadie—but then makes the shocking discovery that she's a secret agent. Before they can decide on a second date, Cole and Sadie are swept away on an international adventure to save the world.",Average/Positive,Decent user score (no financials)
642885,Hocus Pocus 2,2022-09-27,2022,en,107,"Fantasy, Comedy, Family",30000000,0,12.1055,7.181,1763,Anne Fletcher,"Bette Midler, Sarah Jessica Parker, Kathy Najimy","29 years since the Black Flame Candle was last lit, the 17th-century Sanderson sisters are resurrected, and they are looking for revenge. Now it's up to three high school students to stop the ravenous witches from wreaking a new kind of havoc on Salem before dawn on All Hallow's Eve.",Critically Good,High user score & significant votes (no financials)
1515395,Lego Disney Princess: Villains Unite,2025-08-24,2025,en,23,"Animation, Comedy, Fantasy, Adventure, Family",0,0,9.9197,7.8,9,Randi Rodrigues,"Jodi Benson, Anika Noni Rose, Mandy Moore","After Ariel, Moana, Tiana, Rapunzel, and Snow White thwarted Gaston's plan to take over all of their kingdoms, he calls upon Ursula, Jafar, and the Evil Queen to help take the Princesses down once and for all. The Princesses learn about Gaston's scheme and recruit a few friends of their own with the help of Magic Mirror: Aurora, Belle, and Cinderella! Together, the Princesses team up for an ultimate showdown of good versus evil.",Average/Positive,Decent user score (no financials)
11836,The SpongeBob SquarePants Movie,2004-11-19,2004,en,87,"Family, Comedy, Adventure, Animation",30000000,140161792,13.3903,7.1,3059,Stephen Hillenburg,"Tom Kenny, Clancy Brown, Rodger Bumpass","There's trouble brewing in Bikini Bottom. Someone has stolen King Neptune's crown, and it looks like Mr. Krab, SpongeBob's boss, is the culprit. Though he's just been passed over for the promotion of his dreams, SpongeBob stands by his boss, and along with his best pal Patrick, sets out on a treacherous mission to Shell City to reclaim the crown and save Mr. Krab's life.",Blockbuster,"Revenue >= 2x budget (140161792 >= 60000000), strong user ratings"
546554,Knives Out,2019-11-27,2019,en,131,"Comedy, Crime, Mystery",40000000,312897920,13.7976,7.843,13183,Rian Johnson,"Daniel Craig, Chris Evans, Ana de Armas","When renowned crime novelist Harlan Thrombey is found dead at his estate just after his 85th birthday, the inquisitive and debonair Detective Benoit Blanc is mysteriously enlisted to investigate. From Harlan's dysfunctional family to his devoted staff, Blanc sifts through a web of red herrings and self-serving lies to uncover the truth behind Harlan's untimely death.",Blockbuster,"Revenue >= 2x budget (312897920 >= 80000000), strong user ratings"
8839,Casper,1995-05-26,1995,en,100,"Fantasy, Comedy, Family",50000000,287928194,12.6001,6.332,4766,Brad Silberling,"Christina Ricci, Bill Pullman, Cathy Moriarty","Casper is a kind young ghost who peacefully haunts a mansion in Maine. When specialist James Harvey arrives to communicate with Casper and his fellow spirits, he brings along his teenage daughter, Kat. Casper quickly falls in love with Kat, but their budding relationship is complicated not only by his transparent state, but also by his troublemaking apparition uncles and their mischievous antics.",Hit,Revenue >= 1.2x budget and decent ratings
512200,Jumanji: The Next Level,2019-12-04,2019,en,123,"Adventure, Comedy, Fantasy",125000000,801693929,12.2297,6.887,9050,Jake Kasdan,"Dwayne Johnson, Kevin Hart, Jack Black","As the gang return to Jumanji to rescue one of their own, they discover that nothing is as they expect. The players will have to brave parts unknown and unexplored in order to escape the world’s most dangerous game.",Hit,Revenue >= 1.2x budget and decent ratings
214756,Ted 2,2015-06-25,2015,en,115,"Comedy, Fantasy",68000000,215863606,12.149,6.316,7767,Seth MacFarlane,"Mark Wahlberg, Seth MacFarlane, Amanda Seyfried","Newlywed couple Ted and Tami-Lynn want to have a baby, but in order to qualify to be a parent, Ted will have to prove he's a person in a court of law.",Hit,Revenue >= 1.2x budget and decent ratings
1396558,Bloody Axe Wound,2024-12-27,2024,en,83,"Horror, Comedy",0,76178,11.0153,5.22,25,Matthew John Lawrence,"Sari Arambulo, Jeffrey Dean Morgan, Billy Burke","Abbie Bladecut is a teenager torn between the macabre traditions of her family’s bloody trade and the tender stirrings of her first crush. In the small town of Clover Falls, Abbie’s father Roger has built an infamous legacy by capturing real-life killings on tape and selling them to eager customers, but as Abbie delves deeper into the grisly family business, she begins to wonder if it’s time to take the family tradition in a new direction.",Unknown,Insufficient financial data
550988,Free Guy,2021-08-11,2021,en,115,"Comedy, Adventure, Science Fiction",110000000,331526598,13.3378,7.5,9345,Shawn Levy,"Ryan Reynolds, Jodie Comer, Lil Rel Howery","A bank teller discovers he is actually a background player in an open-world video game, and decides to become the hero of his own story. Now, in a world where there are no limits, he is determined to be the guy who saves his world his way before it's too late.",Blockbuster,"Revenue >= 2x budget (331526598 >= 220000000), strong user ratings"
1337562,Splitsville,2025-08-21,2025,en,105,Comedy,20000000,3255315,12.7109,6.4,75,Michael Angelo Covino,"Dakota Johnson, Adria Arjona, Kyle Marvin","After Ashley asks for a divorce, good-natured Carey runs to his friends, Julie and Paul, for support. He’s shocked to discover that the secret to their happiness is an open marriage, that is until Carey crosses the line and throws all of their relationships into chaos.",Moderate,At least broke even or decent ratings
93456,Despicable Me 2,2013-06-26,2013,en,98,"Animation, Comedy, Family",76000000,970766005,12.3327,6.936,11681,Pierre Coffin,"Steve Carell, Kristen Wiig, Benjamin Bratt",Gru is recruited by the Anti-Villain League to help deal with a powerful new super criminal.,Hit,Revenue >= 1.2x budget and decent ratings
1137350,The Phoenician Scheme,2025-05-23,2025,en,102,"Comedy, Adventure",30000000,40313783,11.9641,6.7,580,Wes Anderson,"Benicio del Toro, Mia Threapleton, Michael Cera","Wealthy businessman Zsa-zsa Korda appoints his only daughter, a nun, as sole heir to his estate. As Korda embarks on a new enterprise, they soon become the target of scheming tycoons, foreign terrorists, and determined assassins.",Hit,Revenue >= 1.2x budget and decent ratings
384018,Fast & Furious Presents: Hobbs & Shaw,2019-07-31,2019,en,137,"Action, Adventure, Comedy",200000000,760098996,12.1543,6.846,7523,David Leitch,"Dwayne Johnson, Jason Statham, Idris Elba","Ever since US Diplomatic Security Service Agent Hobbs and lawless outcast Shaw first faced off, they just have traded smack talk and body blows. But when cyber-genetically enhanced anarchist Brixton's ruthless actions threaten the future of humanity, they join forces to defeat him.",Hit,Revenue >= 1.2x budget and decent ratings
2109,Rush Hour,1998-09-18,1998,en,97,"Action, Comedy, Crime",33000000,244721064,12.0689,7.1,5361,Brett Ratner,"Jackie Chan, Chris Tucker, Tom Wilkinson","When Hong Kong Inspector Lee is summoned to Los Angeles to investigate a kidnapping, the FBI doesn't want any outside help and assigns cocky LAPD Detective James Carter to distract Lee from the case. Not content to watch the action from the sidelines, Lee and Carter form an unlikely partnership and investigate the case themselves.",Blockbuster,"Revenue >= 2x budget (244721064 >= 66000000), strong user ratings"
335797,Sing,2016-11-23,2016,en,107,"Family, Comedy, Music, Animation",75000000,634151679,11.4674,7.119,8234,Garth Jennings,"Matthew McConaughey, Reese Witherspoon, Seth MacFarlane",A koala named Buster recruits his best friend to help him drum up business for his theater by hosting a singing competition.,Blockbuster,"Revenue >= 2x budget (634151679 >= 150000000), strong user ratings"
7512,Idiocracy,2006-09-01,2006,en,84,"Comedy, Science Fiction, Adventure",30000000,495303,11.3287,6.354,3285,Mike Judge,"Luke Wilson, Maya Rudolph, Dax Shepard","To test its top-secret Human Hibernation Project, the Pentagon picks the most average Americans it can find - an Army private and a prostitute - and sends them to the year 2505 after a series of freak events. But when they arrive, they find a civilization so dumbed-down that they're the smartest people around.",Moderate,At least broke even or decent ratings
1429739,Gold Rush Gang,2025-08-19,2025,th,120,"Action, Comedy, Drama, Western",0,0,11.5767,6.942,26,Wisit Sasanatieng,"Petchtai Wongkamlao, Thiti Mahayotaruk, Chingduang Duijkers","At the tail end of World War II, a bandit leader and his crew go up against his sworn enemy and the Japanese army to rob a train full of gold.",Average/Positive,Decent user score (no financials)
350,The Devil Wears Prada,2006-06-29,2006,en,109,"Drama, Comedy",35000000,326706115,12.3401,7.391,12559,David Frankel,"Meryl Streep, Anne Hathaway, Emily Blunt","Andy moves to New York to work in the fashion industry. Her boss is extremely demanding, cruel and won't let her succeed if she doesn't fit into the high class elegant look of their magazine.",Blockbuster,"Revenue >= 2x budget (326706115 >= 70000000), strong user ratings"
452030,Cinderella's Hot Night,2017-05-30,2017,en,80,"Fantasy, Comedy",0,0,12.3033,5.8,80,Dean McKendrick,"Karlie Montana, Christine Nguyen, Beverly Lynne","Cinderella's Hot Night presents a lively retelling of the classic fairy tale...with a slightly more mature, erotic twist. Follow the adventures of the bewildered Cindy as she falls prey to her wicked sex-crazed benefactor all the while pining for her secret love, a noble European Prince. With the help of her smoking hot Fairy Godmother, Cindy finally realizes her dream of becoming a real-life Princess.",Unknown,Insufficient financial data
616037,Thor: Love and Thunder,2022-07-06,2022,en,119,"Fantasy, Action, Comedy",250000000,760900000,13.0636,6.394,8172,Taika Waititi,"Chris Hemsworth, Natalie Portman, Christian Bale","After his retirement is interrupted by Gorr the God Butcher, a galactic killer who seeks the extinction of the gods, Thor Odinson enlists the help of King Valkyrie, Korg, and ex-girlfriend Jane Foster, who now wields Mjolnir as the Mighty Thor. Together they embark upon a harrowing cosmic adventure to uncover the mystery of the God Butcher’s vengeance and stop him before it’s too late.",Hit,Revenue >= 1.2x budget and decent ratings
383498,Deadpool 2,2018-05-15,2018,en,120,"Action, Comedy, Adventure",110000000,785896632,12.3271,7.489,18672,David Leitch,"Ryan Reynolds, Josh Brolin, Morena Baccarin",Wisecracking mercenary Deadpool battles the evil and powerful Cable and other bad guys to save a boy's life.,Blockbuster,"Revenue >= 2x budget (785896632 >= 220000000), strong user ratings"
1243341,Z-O-M-B-I-E-S 4: Dawn of the Vampires,2025-07-10,2025,en,89,"Music, Adventure, Romance, Comedy, Family",0,0,11.1212,6.8,121,Paul Hoen,"Milo Manheim, Meg Donnelly, Malachi Barton","A new adventure dawns for Zed and Addison when their summer road trip takes an unexpected detour, landing them in the middle of yet another monster rivalry: Daywalkers vs. Vampires. Tensions flare when Zed and Addison find themselves acting as camp counselors between the two opposing supernatural factions. With the help of Eliza and Willa, they must convince sworn enemies Nova and Victor to try to unite their warring worlds before an even greater threat endangers them all.",Average/Positive,Decent user score (no financials)
920,Cars,2006-06-08,2006,en,117,"Animation, Adventure, Comedy, Family",120000000,461983149,12.2203,7.013,14648,John Lasseter,"Owen Wilson, Paul Newman, Bonnie Hunt","Lightning McQueen, a hotshot rookie race car driven to succeed, discovers that life is about the journey, not the finish line, when he finds himself unexpectedly detoured in the sleepy Route 66 town of Radiator Springs. On route across the country to the big Piston Cup Championship in California to compete against two seasoned pros, McQueen gets to know the town's offbeat characters.",Blockbuster,"Revenue >= 2x budget (461983149 >= 240000000), strong user ratings"
1195506,Novocaine,2025-03-12,2025,en,110,"Action, Comedy, Thriller",18000000,34536061,11.348,6.876,1216,Dan Berk,"Jack Quaid, Amber Midthunder, Ray Nicholson","When the girl of his dreams is kidnapped, everyman Nate turns his inability to feel pain into an unexpected strength in his fight to get her back.",Hit,Revenue >= 1.2x budget and decent ratings
508442,Soul,2020-12-25,2020,en,101,"Animation, Family, Comedy, Fantasy, Drama",150000000,121977511,12.4601,8.103,10979,Pete Docter,"Jamie Foxx, Tina Fey, Graham Norton","Joe Gardner is a middle school teacher with a love for jazz music. After a successful audition at the Half Note Club, he suddenly gets into an accident that separates his soul from his body and is transported to the You Seminar, a center in which souls develop and gain passions before being transported to a newborn child. Joe must enlist help from the other souls-in-training, like 22, a soul who has spent eons in the You Seminar, in order to get back to Earth.",Moderate,At least broke even or decent ratings
1267,Meet the Robinsons,2007-03-23,2007,en,95,"Animation, Comedy, Family",150000000,169332978,10.6524,6.928,3018,Stephen J. Anderson,"Daniel Hansen, Jordan Fry, Wesley Singerman","Lewis, a brilliant young inventor, is keen on creating a time machine to find his mother, who abandoned him in an orphanage. Things take a turn when he meets Wilbur Robinson and his family.",Moderate,At least broke even or decent ratings
1079310,Holy Cow,2024-12-11,2024,fr,92,"Drama, Comedy",0,6587495,11.0135,7.0,271,Louise Courvoisier,"Clément Faveau, Maïwène Barthélémy, Luna Garret","In the western part of the French Alps: After the drunk driving death of his father, 18-year-old Totone must look after his younger sister. He pursues a €30k Comté cheese award he has no hope of winning. Good thing Marie-Lise takes a liking for him!",Average/Positive,Decent user score (no financials)
508943,Luca,2021-06-17,2021,en,95,"Animation, Comedy, Fantasy, Adventure, Family",200000000,51074773,12.0931,7.794,8702,Enrico Casarosa,"Jacob Tremblay, Jack Dylan Grazer, Emma Berman",Luca and his best friend Alberto experience an unforgettable summer on the Italian Riviera. But all the fun is threatened by a deeply-held secret: they are sea monsters from another world just below the water’s surface.,Moderate,At least broke even or decent ratings
1064486,Memoir of a Snail,2024-10-17,2024,en,94,"Animation, Drama, Comedy",4350000,7,11.0414,8.071,673,Adam Elliot,"Sarah Snook, Kodi Smit-McPhee, Jacki Weaver","Forcibly separated from her twin brother when they are orphaned, a melancholic misfit learns how to find confidence within herself amid the clutter of misfortunes and everyday life.",Moderate,At least broke even or decent ratings
787699,Wonka,2023-12-06,2023,en,117,"Comedy, Family, Fantasy",125000000,634502312,12.0639,7.056,4094,Paul King,"Timothée Chalamet, Calah Lane, Keegan-Michael Key","Willy Wonka – chock-full of ideas and determined to change the world one delectable bite at a time – is proof that the best things in life begin with a dream, and if you’re lucky enough to meet Willy Wonka, anything is possible.",Blockbuster,"Revenue >= 2x budget (634502312 >= 250000000), strong user ratings"
926670,Henry Danger: The Movie,2025-01-17,2025,en,86,"Action, Comedy, Family, Science Fiction",0,0,9.8527,7.716,243,Joe Menendez,"Jace Norman, Sean Ryan Fox, Ella Anderson","Henry Hart meets a superfan—eager to fight crime with Kid Danger—who comes into possession of a device that can open up alternate realities. Facing a wild ride, Henry will need his best friend Jasper and his new superfan sidekick to find his way out or be stuck in another dimension forever.",Average/Positive,Decent user score (no financials)
1267116,Bad Man,2025-09-05,2025,en,98,"Action, Comedy, Crime",0,0,10.7995,5.8,6,Michael Diliberti,"Seann William Scott, Johnny Simmons, Lovi Poe","In Colt Lake Tennessee, Sam Evans tackles a meth epidemic. He is side-lined on arrival of Bobby Gaines, an undercover agent. Despite Evans' local ties, Gaines is hailed as hero. Suspicions arise on Gaines which unravels a complex narrative.",Unknown,Insufficient financial data
11932,Bride of Chucky,1998-10-15,1998,en,89,"Horror, Comedy",25000000,50671850,10.4422,6.11,2036,Ronny Yu,"Brad Dourif, Jennifer Tilly, Katherine Heigl","Chucky is reborn when his old flame, Tiffany, rescues his battered doll parts from a police impound.",Hit,Revenue >= 1.2x budget and decent ratings
2907,The Addams Family,1991-11-22,1991,en,100,"Comedy, Fantasy",30000000,191502426,12.1242,7.068,4849,Barry Sonnenfeld,"Raúl Juliá, Anjelica Huston, Christopher Lloyd","When a man claiming to be long-lost Uncle Fester reappears after 25 years lost, the family plans a celebration to wake the dead. But the kids barely have time to warm up the electric chair before Morticia begins to suspect Fester is fraud when he can't recall any of the details of Fester's life.",Blockbuster,"Revenue >= 2x budget (191502426 >= 60000000), strong user ratings"
82690,Wreck-It Ralph,2012-11-01,2012,en,101,"Family, Animation, Comedy, Adventure",165000000,471222889,11.904,7.351,12741,Rich Moore,"John C. Reilly, Sarah Silverman, Jack McBrayer","Wreck-It Ralph is the 9-foot-tall, 643-pound villain of an arcade video game named Fix-It Felix Jr., in which the game's titular hero fixes buildings that Ralph destroys. Wanting to prove he can be a good guy and not just a villain, Ralph escapes his game and lands in Hero's Duty, a first-person shooter where he helps the game's hero battle against alien invaders. He later enters Sugar Rush, a kart racing game set on tracks made of candies, cookies and other sweets. There, Ralph meets Vanellope von Schweetz who has learned that her game is faced with a dire threat that could affect the entire arcade, and one that Ralph may have inadvertently started.",Blockbuster,"Revenue >= 2x budget (471222889 >= 330000000), strong user ratings"
620,Ghostbusters,1984-06-08,1984,en,107,"Comedy, Fantasy",30000000,296640120,10.9539,7.495,9391,Ivan Reitman,"Bill Murray, Dan Aykroyd, Sigourney Weaver","After losing their academic posts at a prestigious university, a team of parapsychologists goes into business as proton-pack-toting ""ghostbusters"" who exterminate ghouls, hobgoblins and supernatural pests of all stripes. An ad campaign pays off when a knockout cellist hires the squad to purge her swanky digs of demons that appear to be living in her refrigerator.",Blockbuster,"Revenue >= 2x budget (296640120 >= 60000000), strong user ratings"
930564,Saltburn,2023-11-16,2023,en,131,"Drama, Comedy, Thriller",20000000,21013738,11.6332,6.969,2667,Emerald Fennell,"Barry Keoghan, Jacob Elordi, Rosamund Pike","Struggling to find his place at Oxford University, student Oliver Quick finds himself drawn into the world of the charming and aristocratic Felix Catton, who invites him to Saltburn, his eccentric family's sprawling estate, for a summer never to be forgotten.",Moderate,At least broke even or decent ratings
159824,Hotel Transylvania 2,2015-09-21,2015,en,89,"Animation, Comedy, Family, Fantasy",80000000,473200000,10.8878,6.767,5955,Genndy Tartakovsky,"Adam Sandler, Andy Samberg, Selena Gomez","When the old-old-old-fashioned vampire Vlad arrives at the hotel for an impromptu family get-together, Hotel Transylvania is in for a collision of supernatural old-school and modern day cool.",Hit,Revenue >= 1.2x budget and decent ratings
950,Ice Age: The Meltdown,2006-03-29,2006,en,91,"Animation, Family, Comedy, Adventure",80000000,660998756,11.0912,6.715,10075,Carlos Saldanha,"Ray Romano, John Leguizamo, Denis Leary","Diego, Manny and Sid return in this sequel to the hit animated movie Ice Age. This time around, the deep freeze is over, and the ice-covered earth is starting to melt, which will destroy the trio's cherished valley. The impending disaster prompts them to reunite and warn all the other beasts about the desperate situation.",Hit,Revenue >= 1.2x budget and decent ratings
8871,How the Grinch Stole Christmas,2000-11-17,2000,en,104,"Family, Comedy",123000000,345800000,12.0876,6.773,7907,Ron Howard,"Jim Carrey, Taylor Momsen, Jeffrey Tambor",The Grinch decides to rob Whoville of Christmas - but a dash of kindness from little Cindy Lou Who and her family may be enough to melt his heart...,Hit,Revenue >= 1.2x budget and decent ratings
360920,The Grinch,2018-11-08,2018,en,85,"Family, Comedy, Animation",75000000,508600000,11.6863,6.866,4258,Yarrow Cheney,"Benedict Cumberbatch, Rashida Jones, Kenan Thompson",The Grinch hatches a scheme to ruin Christmas when the residents of Whoville plan their annual holiday celebration.,Hit,Revenue >= 1.2x budget and decent ratings
35,The Simpsons Movie,2007-07-25,2007,en,87,"Animation, Comedy, Family",75000000,527068851,11.164,7.017,8307,David Silverman,"Dan Castellaneta, Julie Kavner, Nancy Cartwright","After Homer accidentally pollutes the town's water supply, Springfield is encased in a gigantic dome by the EPA and the Simpsons are declared fugitives.",Blockbuster,"Revenue >= 2x budget (527068851 >= 150000000), strong user ratings"
257344,Pixels,2015-07-16,2015,en,106,"Action, Comedy, Science Fiction, Fantasy",88000000,244900000,12.943,5.759,7819,Chris Columbus,"Adam Sandler, Kevin James, Michelle Monaghan",Video game experts are recruited by the military to fight 1980s-era video game characters who've attacked New York.,Moderate,At least broke even or decent ratings
493529,Dungeons & Dragons: Honor Among Thieves,2023-03-23,2023,en,134,"Adventure, Fantasy, Comedy",151000000,208200000,11.7386,7.33,4200,John Francis Daley,"Chris Pine, Michelle Rodriguez, Justice Smith","A charming thief and a band of unlikely adventurers undertake an epic heist to retrieve a lost relic, but things go dangerously awry when they run afoul of the wrong people.",Hit,Revenue >= 1.2x budget and decent ratings
9637,Scooby-Doo,2002-06-14,2002,en,87,"Mystery, Adventure, Comedy",84000000,275650703,11.5942,6.1,4615,Raja Gosnell,"Freddie Prinze Jr., Sarah Michelle Gellar, Matthew Lillard","When the Mystery Inc. gang is invited to Spooky Island, a popular amusement park, they soon discover that the attractions aren't the only things that are spooky. Strange things are happening, and it's up to Scooby, Shaggy, Fred, Daphne, and Velma to uncover the truth behind the mysterious happenings.",Hit,Revenue >= 1.2x budget and decent ratings
181533,Night at the Museum: Secret of the Tomb,2014-12-17,2014,en,98,"Adventure, Comedy, Fantasy, Family",127000000,363204635,11.2325,6.217,6058,Shawn Levy,"Ben Stiller, Robin Williams, Owen Wilson","When the magic powers of The Tablet of Ahkmenrah begin to die out, Larry Daley spans the globe, uniting favorite and new characters while embarking on an epic quest to save the magic before it is gone forever.",Hit,Revenue >= 1.2x budget and decent ratings
2758,Addams Family Values,1993-11-19,1993,en,94,"Comedy, Family, Fantasy",47000000,48919043,11.051,6.97,3187,Barry Sonnenfeld,"Anjelica Huston, Raúl Juliá, Christopher Lloyd","Siblings Wednesday and Pugsley Addams will stop at nothing to get rid of Pubert, the new baby boy adored by parents Gomez and Morticia. Things go from bad to worse when the new ""black widow"" nanny, Debbie Jellinsky, launches her plan to add Fester to her collection of dead husbands.",Moderate,At least broke even or decent ratings
4256,Scary Movie 3,2003-10-24,2003,en,84,Comedy,48000000,220673217,11.1612,5.968,4270,David Zucker,"Anna Faris, Simon Rex, Anthony Anderson","In the third installment of the Scary Movie franchise, news anchorwoman Cindy Campbell has to investigate mysterious crop circles and killing video tapes, and help the President stop an alien invasion in the process.",Moderate,At least broke even or decent ratings
607,Men in Black,1997-07-02,1997,en,98,"Action, Adventure, Comedy, Science Fiction",90000000,589390539,11.1743,7.213,14347,Barry Sonnenfeld,"Tommy Lee Jones, Will Smith, Linda Fiorentino","After a police chase with an otherworldly being, a New York City cop is recruited as an agent in a top-secret organization established to monitor and police alien activity on Earth: the Men in Black. Agent K and new recruit Agent J find themselves in the middle of a deadly plot by an intergalactic terrorist who has arrived on Earth to assassinate two ambassadors from opposing galaxies.",Blockbuster,"Revenue >= 2x budget (589390539 >= 180000000), strong user ratings"
330457,Frozen II,2019-11-20,2019,en,103,"Family, Animation, Adventure, Comedy, Fantasy",150000000,1453683476,11.6862,7.243,10047,Jennifer Lee,"Idina Menzel, Kristen Bell, Josh Gad","Elsa, Anna, Kristoff and Olaf head far into the forest to learn the truth about an ancient mystery of their kingdom.",Blockbuster,"Revenue >= 2x budget (1453683476 >= 300000000), strong user ratings"
207703,Kingsman: The Secret Service,2015-01-24,2015,en,129,"Crime, Comedy, Action, Adventure",81000000,414351546,11.4239,7.623,17337,Matthew Vaughn,"Taron Egerton, Colin Firth, Samuel L. Jackson",The story of a super-secret spy organization that recruits an unrefined but promising street kid into the agency's ultra-competitive training program just as a global threat emerges from a twisted tech genius.,Blockbuster,"Revenue >= 2x budget (414351546 >= 162000000), strong user ratings"
227159,Horrible Bosses 2,2014-11-12,2014,en,108,Comedy,42000000,107645357,10.6138,6.18,4261,Sean Anders,"Jason Bateman, Jason Sudeikis, Charlie Day","Dale, Kurt and Nick decide to start their own business but things don't go as planned because of a slick investor, prompting the trio to pull off a harebrained and misguided kidnapping scheme.",Hit,Revenue >= 1.2x budget and decent ratings
11013,Secretary,2002-09-20,2002,en,111,"Romance, Drama, Comedy",4000000,9300000,11.6144,6.773,1761,Steven Shainberg,"James Spader, Maggie Gyllenhaal, Jeremy Davies","A young woman, recently released from a mental hospital, gets a job as a secretary to a demanding lawyer, where their employer-employee relationship turns into a sexual, sadomasochistic one.",Hit,Revenue >= 1.2x budget and decent ratings
301528,Toy Story 4,2019-06-19,2019,en,100,"Family, Comedy, Animation, Adventure",175000000,1073841394,11.0652,7.469,10192,Josh Cooley,"Tom Hanks, Tim Allen, Annie Potts","Woody has always been confident about his place in the world and that his priority is taking care of his kid, whether that's Andy or Bonnie. But when Bonnie adds a reluctant new toy called ""Forky"" to her room, a road trip adventure alongside old and new friends will show Woody how big the world can be for a toy.",Blockbuster,"Revenue >= 2x budget (1073841394 >= 350000000), strong user ratings"
897160,Brave Citizen,2023-10-25,2023,ko,112,"Action, Drama, Comedy",0,2116112,10.2588,7.421,89,Park Jin-pyo,"Shin Hye-sun, Lee Jun-young, Park Jung-woo","An expelled boxing champion, who now is a high-school teacher, witnesses intolerable violence and throws her first punch to build justice against it, while putting on a mask.",Average/Positive,Decent user score (no financials)
10591,The Girl Next Door,2004-04-09,2004,en,110,"Comedy, Romance",21000000,31635150,11.6021,6.732,3787,Luke Greenfield,"Emile Hirsch, Elisha Cuthbert, Timothy Olyphant","Exceptionally ambitious high schooler Matthew has aspirations for a career in politics when he falls in love with his gorgeous 19-year-old neighbor, Danielle. But Matthew's bright future is jeopardized when he finds Danielle was once a porn star. As Danielle's past catches up with her, Matthew's love for her forces him to re-evaluate his goals.",Hit,Revenue >= 1.2x budget and decent ratings
9614,Happy Gilmore,1996-02-16,1996,en,92,Comedy,12000000,41422354,11.3216,6.671,3127,Dennis Dugan,"Adam Sandler, Christopher McDonald, Julie Bowen","Failed hockey player-turned-golf whiz Happy Gilmore — whose unconventional approach and antics on the green courts the ire of rival Shooter McGavin — is determined to win a PGA tournament so he can save his granny's house with the prize money. Meanwhile, an attractive tour publicist tries to soften Happy's image.",Hit,Revenue >= 1.2x budget and decent ratings
9297,Monster House,2006-06-30,2006,en,91,"Animation, Comedy, Family, Fantasy",75000000,140175006,11.6839,6.692,4173,Gil Kenan,"Mitchel Musso, Sam Lerner, Spencer Locke","Monsters under the bed are scary enough, but what happens when an entire house is out to get you? Three teens aim to find out when they go up against a decrepit neighboring home and unlock its frightening secrets.",Hit,Revenue >= 1.2x budget and decent ratings
229005,The Bachelor Father,1931-01-10,1931,en,90,"Comedy, Drama, Romance",0,0,7.0032,6.0,6,Robert Z. Leonard,"Marion Davies, Ralph Forbes, C. Aubrey Smith","Lonely in his English country estate, Sir Basil decides to gather his grown (albeit illegitimate) children around him in his declining years. He uses a ledger which keeps track of the payments he has been making to ex-lovers to locate 2 of them, and a third is found by a lawyer in New York, her mother was too proud to accept any money. Sir Basil is a curmudgeon, and his three adult children have a hard time with him at first. Toni, the American, is a free spirit who had a budding career in show business. Jeffery is English and a semi-gentleman, and Maria is Italian, with a Latin temperament. They begin to bond, especially Sir Basil and Toni, whose outgoing personality finally wins over the old man. But past lives begin to creep back into the picture and threaten the old man's plans for a life filled with his children.",Average/Positive,Decent user score (no financials)
4011,Beetlejuice,1988-03-30,1988,en,92,"Fantasy, Comedy",15000000,84554197,12.8148,7.372,8107,Tim Burton,"Alec Baldwin, Geena Davis, Winona Ryder",A newly dead New England couple seeks help from a deranged demon exorcist to scare an affluent New York family out of their home.,Blockbuster,"Revenue >= 2x budget (84554197 >= 30000000), strong user ratings"
171274,Inherent Vice,2014-12-12,2014,en,149,"Drama, Mystery, Comedy",20000000,14710975,10.3315,6.5,2596,Paul Thomas Anderson,"Joaquin Phoenix, Josh Brolin, Owen Wilson","In Los Angeles at the turn of the 1970s, drug-fueled detective Larry ""Doc"" Sportello investigates the disappearance of an ex-girlfriend.",Moderate,At least broke even or decent ratings
988078,Through My Window: Across the Sea,2023-06-23,2023,es,110,"Romance, Drama, Comedy",0,0,10.8087,6.6,923,Marçal Forés,"Clara Galle, Julio Peña, Guillermo Lasheras","After a year of long-distance, Raquel and Ares reunite on a steamy beach trip. Faced with fresh flirtations and insecurities, will their love prevail?",Average/Positive,Decent user score (no financials)
8355,Ice Age: Dawn of the Dinosaurs,2009-06-26,2009,en,94,"Animation, Comedy, Family, Adventure",90000000,886686817,11.4631,6.762,8633,Carlos Saldanha,"Ray Romano, John Leguizamo, Denis Leary","Times are changing for Manny the moody mammoth, Sid the motor mouthed sloth and Diego the crafty saber-toothed tiger. Life heats up for our heroes when they meet some new and none-too-friendly neighbors – the mighty dinosaurs.",Hit,Revenue >= 1.2x budget and decent ratings
10555,Shark Tale,2004-09-20,2004,en,90,"Animation, Action, Comedy, Family",75000000,367300000,12.3701,6.026,6517,Vicky Jenson,"Will Smith, Robert De Niro, Renée Zellweger","Oscar is a small fish whose big aspirations often get him into trouble. Meanwhile, Lenny is a great white shark with a surprising secret that no sea creature would guess: He's a vegetarian. When a lie turns Oscar into an improbable hero and Lenny becomes an outcast, the two form an unlikely friendship.",Hit,Revenue >= 1.2x budget and decent ratings
1319969,Sketch,2025-08-06,2025,en,93,"Adventure, Fantasy, Comedy, Family",4800000,8324425,9.7176,7.1,63,Seth Worley,"Tony Hale, D'Arcy Carden, Bianca Belle","When a young girl’s sketchbook falls into a strange pond, her drawings come to life—chaotic, real, and on the loose. As the town descends into chaos, her family must reunite and stop the monsters they never meant to unleash.",Moderate,At least broke even or decent ratings
19994,Jennifer's Body,2009-09-18,2009,en,107,"Horror, Comedy",16000000,31556061,10.4516,5.98,4054,Karyn Kusama,"Megan Fox, Amanda Seyfried, Johnny Simmons","Jennifer, a gorgeous, seductive cheerleader takes evil to a whole new level after she's possessed by a sinister demon. Now it's up to her best friend to stop Jennifer's reign of terror before it's too late.",Moderate,At least broke even or decent ratings
744653,The Thursday Murder Club,2025-08-22,2025,en,118,"Comedy, Mystery, Crime",0,0,9.7146,6.658,665,Chris Columbus,"Helen Mirren, Pierce Brosnan, Ben Kingsley",A group of senior sleuths passionate about solving cold cases get plunged into a real-life murder mystery in this comic crime caper.,Average/Positive,Decent user score (no financials)
62213,Dark Shadows,2012-05-09,2012,en,113,"Comedy, Fantasy",150000000,245527149,10.1438,6.097,7427,Tim Burton,"Johnny Depp, Michelle Pfeiffer, Eva Green",Vampire Barnabas Collins is inadvertently freed from his tomb and emerges into the very changed world of 1972. He returns to Collinwood Manor to find that his once-grand estate and family have fallen into ruin.,Hit,Revenue >= 1.2x budget and decent ratings
509,Notting Hill,1999-05-21,1999,en,124,"Romance, Comedy",42000000,363889678,9.9201,7.264,6455,Roger Michell,"Julia Roberts, Hugh Grant, Gina McKee",London bookstore owner William Thacker's quiet life turns upside down when a chance encounter with famous actress Anna Scott sparks an unlikely romance challenged by their vastly different worlds.,Blockbuster,"Revenue >= 2x budget (363889678 >= 84000000), strong user ratings"
9820,The Parent Trap,1998-07-28,1998,en,128,"Comedy, Family, Romance",15000000,92108518,10.6804,7.218,4367,Nancy Meyers,"Lindsay Lohan, Dennis Quaid, Natasha Richardson","Hallie Parker and Annie James are identical twins who were separated at a young age due to their parents' divorce. Unbeknownst to their parents, the girls are sent to the same summer camp, where they meet, discover the truth about their relationship, and come up with a plan to switch places in an effort to reunite their mother and father.",Blockbuster,"Revenue >= 2x budget (92108518 >= 30000000), strong user ratings"
1226406,Love Hurts,2025-02-06,2025,en,83,"Action, Comedy, Romance",18000000,17669058,9.8179,5.754,278,Jonathan Eusebio,"Ke Huy Quan, Ariana DeBose, Daniel Wu","A realtor is pulled back into the life he left behind after his former partner-in-crime resurfaces with an ominous message. With his crime-lord brother also on his trail, he must confront his past and the history he never fully buried.",Flop,Revenue < budget and low ratings
173185,It Boy,2013-03-06,2013,fr,92,Comedy,0,0,10.17,6.471,1527,David Moreau,"Virginie Efira, Pierre Niney, Gilles Cohen","38-year-old Alice has everything to become the next editor-in-chief of Rebelle magazine except for her uptight image. But when the young and charming Balthazar, barely 20, crosses Alice's path, she realizes that he holds the key to her promotion.",Average/Positive,Decent user score (no financials)
614930,Teenage Mutant Ninja Turtles: Mutant Mayhem,2023-07-31,2023,en,100,"Animation, Comedy, Action, Science Fiction",75000000,180513586,11.1451,7.209,1483,Jeff Rowe,"Micah Abbey, Shamon Brown Jr., Nicolas Cantu","After years of being sheltered from the human world, the Turtle brothers set out to win the hearts of New Yorkers and be accepted as normal teenagers through heroic acts. Their new friend April O'Neil helps them take on a mysterious crime syndicate, but they soon get in over their heads when an army of mutants is unleashed upon them.",Hit,Revenue >= 1.2x budget and decent ratings
1083420,Adulthood,2025-09-19,2025,en,97,"Comedy, Crime, Drama, Mystery",0,0,11.2778,5.821,39,Alex Winter,"Josh Gad, Kaya Scodelario, Anthony Carrigan","The lives of two siblings are completely upended when they discover a dead body, long buried in their parent’s basement, sending them down a rabbit hole of crime and murder.",Unknown,Insufficient financial data
257211,The Intern,2015-09-23,2015,en,121,Comedy,35000000,194564672,11.2019,7.225,7048,Nancy Meyers,"Robert De Niro, Anne Hathaway, Rene Russo","70-year-old widower Ben Whittaker has discovered that retirement isn't all it's cracked up to be. Seizing an opportunity to get back in the game, he becomes a senior intern at an online fashion site, founded and run by Jules Ostin.",Blockbuster,"Revenue >= 2x budget (194564672 >= 70000000), strong user ratings"
454626,Sonic the Hedgehog,2020-02-12,2020,en,99,"Action, Science Fiction, Comedy, Family",85000000,319715683,11.6049,7.299,10118,Jeff Fowler,"Ben Schwartz, James Marsden, Tika Sumpter","Powered with incredible speed, Sonic The Hedgehog embraces his new home on Earth. That is, until Sonic sparks the attention of super-uncool evil genius Dr. Robotnik. Now it’s super-villain vs. super-sonic in an all-out race across the globe to stop Robotnik from using Sonic’s unique power for world domination.",Blockbuster,"Revenue >= 2x budget (319715683 >= 170000000), strong user ratings"
10330,Freaky Friday,2003-08-05,2003,en,96,"Family, Fantasy, Comedy",26000000,160846332,10.7789,6.56,4083,Mark Waters,"Lindsay Lohan, Jamie Lee Curtis, Harold Gould","Mother and daughter bicker over everything -- what Anna wears, whom she likes and what she wants to do when she's older. In turn, Anna detests Tess's fiancé. When a magical fortune cookie switches their personalities, they each get a peek at how the other person feels, thinks and lives.",Hit,Revenue >= 1.2x budget and decent ratings
138832,We're the Millers,2013-08-07,2013,en,110,"Comedy, Crime",37000000,270000000,11.6852,6.837,9191,Rawson Marshall Thurber,"Jennifer Aniston, Jason Sudeikis, Emma Roberts",A veteran pot dealer creates a fake family as part of his plan to move a huge shipment of weed into the U.S. from Mexico.,Hit,Revenue >= 1.2x budget and decent ratings
639720,IF,2024-05-08,2024,en,104,"Comedy, Fantasy, Family",110000000,190309707,10.7393,7.028,1443,John Krasinski,"Cailey Fleming, Ryan Reynolds, John Krasinski","After discovering she can see everyone's imaginary friends, a girl embarks on a magical adventure to reconnect forgotten imaginary friends with their kids.",Hit,Revenue >= 1.2x budget and decent ratings
593643,The Menu,2022-11-17,2022,en,107,"Comedy, Horror, Thriller",35000000,79628200,10.7015,7.173,5652,Mark Mylod,"Anya Taylor-Joy, Ralph Fiennes, Nicholas Hoult","A young couple travels to a remote island to eat at an exclusive restaurant where the chef has prepared a lavish menu, with some shocking surprises.",Blockbuster,"Revenue >= 2x budget (79628200 >= 70000000), strong user ratings"
19404,Dilwale Dulhania Le Jayenge,1995-10-20,1995,hi,190,"Comedy, Drama, Romance",13200000,100000000,10.546,8.5,4510,Aditya Chopra,"Kajol, Shah Rukh Khan, Amrish Puri","Raj is a rich, carefree, happy-go-lucky second generation NRI. Simran is the daughter of Chaudhary Baldev Singh, who in spite of being an NRI is very strict about adherence to Indian values. Simran has left for India to be married to her childhood fiancé. Raj leaves for India with a mission at his hands, to claim his lady love under the noses of her whole family. Thus begins a saga.",Blockbuster,"Revenue >= 2x budget (100000000 >= 26400000), strong user ratings"
893723,PAW Patrol: The Mighty Movie,2023-09-21,2023,en,87,"Family, Comedy, Adventure, Animation",30000000,202231360,11.0819,7.0,513,Cal Brunker,"Mckenna Grace, Taraji P. Henson, Marsai Martin","A magical meteor crash lands in Adventure City and gives the PAW Patrol pups superpowers, transforming them into The Mighty Pups.",Hit,Revenue >= 1.2x budget and decent ratings
9487,A Bug's Life,1998-11-25,1998,en,95,"Family, Animation, Adventure, Comedy, Drama",80000000,363258859,10.6828,6.972,9488,John Lasseter,"Dave Foley, Kevin Spacey, Julia Louis-Dreyfus","On behalf of ""oppressed bugs everywhere,"" an inventive ant named Flik hires a troupe of warrior bugs to defend his bustling colony from a horde of freeloading grasshoppers led by the evil-minded Hopper.",Hit,Revenue >= 1.2x budget and decent ratings
787,Mr. & Mrs. Smith,2005-06-07,2005,en,120,"Action, Comedy, Drama, Thriller",110000000,487287646,11.8883,6.686,10844,Doug Liman,"Brad Pitt, Angelina Jolie, Vince Vaughn","A husband and wife struggle to keep their marriage alive until they realize they are both secretly working as assassins. Now, their respective assignments require them to kill each other.",Hit,Revenue >= 1.2x budget and decent ratings
810,Shrek the Third,2007-05-17,2007,en,93,"Fantasy, Adventure, Animation, Comedy, Family",160000000,813367380,12.4709,6.299,9437,Chris Miller,"Mike Myers, Eddie Murphy, Cameron Diaz","The King of Far Far Away has died and Shrek and Fiona are to become King & Queen. However, Shrek wants to return to his cozy swamp and live in peace and quiet, so when he finds out there is another heir to the throne, they set off to bring him back to rule the kingdom.",Hit,Revenue >= 1.2x budget and decent ratings
746036,The Fall Guy,2024-04-24,2024,en,127,"Action, Comedy, Romance",125000000,181073291,11.2894,6.992,3240,David Leitch,"Ryan Gosling, Emily Blunt, Aaron Taylor-Johnson","Fresh off an almost career-ending accident, stuntman Colt Seavers has to track down a missing movie star, solve a conspiracy and try to win back the love of his life while still doing his day job.",Hit,Revenue >= 1.2x budget and decent ratings
5174,Rush Hour 3,2007-08-08,2007,en,90,"Action, Comedy, Crime",140000000,258097122,9.7321,6.484,3521,Brett Ratner,"Jackie Chan, Chris Tucker, Hiroyuki Sanada","After a botched assassination attempt, the mismatched duo finds themselves in Paris, struggling to retrieve a precious list of names, as the murderous crime syndicate's henchmen try their best to stop them. Once more, Lee and Carter must fight their way through dangerous gangsters; however, this time, the past has come back to haunt Lee. Will the boys get the job done once and for all?",Hit,Revenue >= 1.2x budget and decent ratings
45243,The Hangover Part II,2011-05-25,2011,en,102,Comedy,80000000,586764305,11.3784,6.497,10912,Todd Phillips,"Bradley Cooper, Ed Helms, Zach Galifianakis","The Hangover crew heads to Thailand for Stu's wedding. After the disaster of a bachelor party in Las Vegas last year, Stu is playing it safe with a mellow pre-wedding brunch. However, nothing goes as planned and Bangkok is the perfect setting for another adventure with the rowdy group.",Hit,Revenue >= 1.2x budget and decent ratings
587792,Palm Springs,2020-07-10,2020,en,90,"Comedy, Romance, Science Fiction",5000000,1818417,9.9326,7.334,3434,Max Barbakow,"Andy Samberg, Cristin Milioti, J.K. Simmons","When carefree Nyles and reluctant maid of honor Sarah have a chance encounter at a Palm Springs wedding, things get complicated when they find themselves unable to escape the venue, themselves, or each other.",Moderate,At least broke even or decent ratings
37247,The Graduate,1967-12-21,1967,en,106,"Drama, Romance, Comedy",3000000,104945305,10.6082,7.634,3531,Mike Nichols,"Dustin Hoffman, Anne Bancroft, Katharine Ross",A disillusioned college graduate finds himself torn between his older lover and her daughter.,Blockbuster,"Revenue >= 2x budget (104945305 >= 6000000), strong user ratings"
417859,Puss in Boots,2011-10-27,2011,en,90,"Animation, Family, Fantasy, Adventure, Comedy, Action",130000000,554987477,10.872,6.581,4323,Chris Miller,"Antonio Banderas, Salma Hayek Pinault, Zach Galifianakis","Long before he even met Shrek, the notorious fighter, lover and outlaw Puss in Boots becomes a hero when he sets off on an adventure with the tough and street smart Kitty Softpaws and the mastermind Humpty Dumpty to save his town. This is the true story of The Cat, The Myth, The Legend... The Boots.",Hit,Revenue >= 1.2x budget and decent ratings
974262,Descendants: The Rise of Red,2024-07-11,2024,en,92,"Fantasy, Adventure, Family, Comedy",0,0,10.0651,6.776,441,Jennifer Phang,"Kylie Cantrall, Malia Baker, Ruby Rose Turner","After the Queen of Hearts incites a coup on Auradon, her rebellious daughter Red and Cinderella's perfectionist daughter Chloe join forces and travel back in time to try to undo the traumatic event that set Red's mother down her villainous path.",Average/Positive,Decent user score (no financials)
80295,14 and Under,1973-08-16,1973,de,87,"Comedy, Romance",0,0,8.9442,5.5,46,Ernst Hofbauer,"Harald Baerow, Ulrike Butz, Elke Deuringer","This episodic film is a close relative of Wolf Hartwig's schoolgirl report movies, made by the same people, in a similar style, around similar topics. However, this one specifically focuses on the coming-of-age aspects, to an extent that it also touches on delicate issues such as paedophilia.",Unknown,Insufficient financial data
8363,Superbad,2007-08-17,2007,en,113,Comedy,20000000,170800000,11.1755,7.259,7717,Greg Mottola,"Jonah Hill, Michael Cera, Christopher Mintz-Plasse",Two co-dependent high school seniors are forced to deal with separation anxiety after their plan to stage a booze-soaked party goes awry.,Blockbuster,"Revenue >= 2x budget (170800000 >= 40000000), strong user ratings"
1321439,The Wrong Paris,2025-09-11,2025,en,107,"Romance, Comedy",0,0,9.9987,6.59,201,Janeen Damian,"Miranda Cosgrove, Pierson Fodé, Madison Pettis","Dawn thinks she's joining a dating show in Paris, France, only to land in Paris, Texas. She has an exit plan — until sparks fly with the cowboy bachelor.",Average/Positive,Decent user score (no financials)
49444,Kung Fu Panda 2,2011-05-25,2011,en,91,"Animation, Family, Comedy",150000000,665692281,11.5766,7.049,7573,Jennifer Yuh Nelson,"Jack Black, Angelina Jolie, Dustin Hoffman","Po and his friends fight to stop a peacock villain from conquering China with a deadly new weapon, but first the Dragon Warrior must come to terms with his past.",Blockbuster,"Revenue >= 2x budget (665692281 >= 300000000), strong user ratings"
10527,Madagascar: Escape 2 Africa,2008-10-30,2008,en,89,"Adventure, Animation, Comedy, Family",150000000,603900354,10.9381,6.5,7182,Tom McGrath,"Ben Stiller, Chris Rock, David Schwimmer","Alex, Marty, and other zoo animals find a way to escape from Madagascar when the penguins reassemble a wrecked airplane. The precariously repaired craft stays airborne just long enough to make it to the African continent. There the New Yorkers encounter members of their own species for the first time. Africa proves to be a wild place, but Alex and company wonder if it is better than their Central Park home.",Hit,Revenue >= 1.2x budget and decent ratings
974931,Totally Killer,2023-09-28,2023,en,105,"Horror, Comedy, Science Fiction",0,0,11.1569,6.803,1009,Nahnatchka Khan,"Kiernan Shipka, Olivia Holt, Troy Leigh-Anne Johnson","When the infamous ""Sweet Sixteen Killer"" returns 35 years after his first murder spree to claim another victim, 17-year-old Jamie accidentally travels back in time to 1987, determined to stop the killer before he can start.",Average/Positive,Decent user score (no financials)
137,Groundhog Day,1993-02-11,1993,en,101,"Romance, Fantasy, Drama, Comedy",14600000,71108778,10.0875,7.618,8454,Harold Ramis,"Bill Murray, Andie MacDowell, Chris Elliott","A narcissistic TV weatherman, along with his attractive-but-distant producer, and his mawkish cameraman, is sent to report on Groundhog Day in the small town of Punxsutawney, where he finds himself repeating the same day over and over.",Blockbuster,"Revenue >= 2x budget (71108778 >= 29200000), strong user ratings"
66485,Viva Max!,1969-12-01,1969,en,93,Comedy,0,0,8.782,5.5,6,Jerry Paris,"Peter Ustinov, Jonathan Winters, John Astin","In order to prove his greatness to his unimpressed girlfriend, Mexican general Max takes a group of men across the border and recaptures the Alamo - international hijinks ensue!",Unknown,Insufficient financial data
114,Pretty Woman,1990-03-23,1990,en,120,"Romance, Comedy",14000000,463406268,9.9973,7.459,8659,Garry Marshall,"Richard Gere, Julia Roberts, Ralph Bellamy","While on a business trip in Los Angeles, Edward Lewis, a millionaire entrepreneur who makes a living buying and breaking up companies, picks up a prostitute, Vivian, while asking for directions; after, Edward hires Vivian to stay with him for the weekend to accompany him to a few social events, and the two get closer only to discover there are significant hurdles to overcome as they try to bridge the gap between their very different worlds.",Blockbuster,"Revenue >= 2x budget (463406268 >= 28000000), strong user ratings"
79871,Crazy Love,1993-04-17,1993,cn,77,"Comedy, Romance, Drama",0,1575158,9.6148,6.308,39,Roman Cheung,"Loletta Lee Lai-Chun, Tom Poon, Tommy Wong","What was supposed to be summer school in England becomes an adventurous exotic and romantic journey for a beautiful teenage girl. [from the Tai Seng Catalog] A nice story of a free-sprited (or, depending on your viewpoint, prick-teasing) young woman on a short journey of discovery.",Average/Positive,Decent user score (no financials)
1824,50 First Dates,2004-02-13,2004,en,99,"Comedy, Romance",75000000,196482882,10.9674,6.871,7472,Peter Segal,"Adam Sandler, Drew Barrymore, Rob Schneider","Henry is a player skilled at seducing women. But when this veterinarian meets Lucy, a girl with a quirky problem when it comes to total recall, he realizes it's possible to fall in love all over again…and again, and again. That's because the delightful Lucy has no short-term memory, so Henry must woo her day after day until he finally sweeps her off her feet.",Hit,Revenue >= 1.2x budget and decent ratings
9470,Kung Fu Hustle,2004-02-10,2004,cn,99,"Action, Comedy, Crime, Fantasy",20000000,102034104,10.734,7.479,2998,Stephen Chow,"Stephen Chow, Yuen Qiu, Yuen Wah","It's the 1940s, and the notorious Axe Gang terrorizes Shanghai. Small-time criminals Sing and Bone hope to join, but they only manage to make lots of very dangerous enemies. Fortunately for them, kung fu masters and hidden strength can be found in unlikely places. Now they just have to take on the entire Axe Gang.",Blockbuster,"Revenue >= 2x budget (102034104 >= 40000000), strong user ratings"
585511,Luck,2022-08-05,2022,en,105,"Animation, Adventure, Comedy, Fantasy",0,0,10.6974,7.75,1855,Peggy Holmes,"Eva Noblezada, Simon Pegg, Jane Fonda","Suddenly finding herself in the never-before-seen Land of Luck, the unluckiest person in the world must unite with the magical creatures there to turn her luck around.",Critically Good,High user score & significant votes (no financials)
402900,Ocean's Eight,2018-06-07,2018,en,111,"Crime, Comedy, Action",70000000,297718711,10.4082,6.967,8551,Gary Ross,"Sandra Bullock, Cate Blanchett, Anne Hathaway","Debbie Ocean, a criminal mastermind, gathers a crew of female thieves to pull off the heist of the century at New York's annual Met Gala.",Hit,Revenue >= 1.2x budget and decent ratings
22970,The Cabin in the Woods,2012-04-12,2012,en,95,"Horror, Mystery, Comedy",30000000,71038838,11.1874,6.641,8226,Drew Goddard,"Kristen Connolly, Fran Kranz, Chris Hemsworth","Five friends set out for a weekend at a remote cabin in the woods, expecting nothing more than fun and relaxation. As night falls, they discover that something far more unsettling is at work and that nothing about their getaway is what it seems.",Hit,Revenue >= 1.2x budget and decent ratings
193893,Let's Be Cops,2014-08-13,2014,en,104,Comedy,17000000,136600000,10.5576,6.464,2885,Luke Greenfield,"Jake Johnson, Damon Wayans Jr., Rob Riggle","Best pals Ryan and Justin are stalled in their respective careers -- a fact that is painfully driven home when they go to a college reunion. Dressed as police in the mistaken belief that they were to attend a costume party, Ryan and Justin find that the uniforms earn them much respect and attention. Although Justin is uncomfortable with the idea, Ryan decides to continue with the charade, putting them both in increasingly dangerous situations. When these newly-minted “heroes” get tangled in a real life web of mobsters and dirty detectives, they must put their fake badges on the line.",Hit,Revenue >= 1.2x budget and decent ratings
947478,The Green Dinosaur,2024-10-04,2024,en,94,"Animation, Family, Adventure, Fantasy, Comedy",0,1371824,10.436,7.2,10,Wojtek Wawszczyk,"Mikołaj Wachowski, Borys Szyc, Małgorzata Kożuchowska","When the world around him is mysteriously erased, a little green dinosaur named Diplodocus must travel through the pages of a comic book and adventure through time to bring color back to his land. Alongside a wizard and two scientists, Diplo’s plans go awry as he learns that there may be a dimension to his world that he never considered.",Average/Positive,Decent user score (no financials)
6477,Alvin and the Chipmunks,2007-12-13,2007,en,92,"Comedy, Family, Fantasy",60000000,361366633,9.5516,5.827,4626,Tim Hill,"Jason Lee, David Cross, Cameron Richardson","A struggling songwriter named Dave Seville finds success when he comes across a trio of singing chipmunks: mischievous leader Alvin, brainy Simon, and chubby, impressionable Theodore.",Moderate,At least broke even or decent ratings
45933,The Nurse on a Military Tour,1977-09-02,1977,it,84,Comedy,0,0,10.9235,4.9,38,Nando Cicero,"Edwige Fenech, Renzo Montagnani, Fiorenzo Fiorentini","Army Doctor Eva Marini wants to join a regiment to secure equal rights for women. So her commanding officer sends her off to a boot camp led by Renzo Montagnani, where only the most unruly soldiers end up.",Unknown,Insufficient financial data
12208,Casino Royale,1967-04-13,1967,en,131,"Adventure, Action, Comedy",12000000,41744718,10.2045,5.256,772,Robert Parrish,"David Niven, Peter Sellers, Ursula Andress","Sir James Bond is called back out of retirement to stop SMERSH. In order to trick SMERSH, James thinks up the ultimate plan - that every agent will be named 'James Bond'. One of the Bonds, whose real name is Evelyn Tremble is sent to take on Le Chiffre in a game of baccarat, but all the Bonds get more than they can handle.",Moderate,At least broke even or decent ratings
1084153,Sneaks,2025-04-17,2025,en,93,"Family, Comedy, Adventure, Animation",30000000,876150,9.5494,6.0,27,Rob Edwards,"Anthony Mackie, Martin Lawrence, Swae Lee","Ty, a misguided, one-of-a-kind designer sneaker, doesn’t know life outside the comforts of his velvet-lined shoebox. After his sister is stolen by a shady collector, Ty must venture into New York City to find and rescue her. In his adventure, Ty meets a ragtag group of footwear friends from all walks of life who help him find the courage to step outside of his shoebox and find his sole-mate.",Moderate,At least broke even or decent ratings
77174,ParaNorman,2012-08-03,2012,en,90,"Family, Animation, Adventure, Comedy",60000000,107139399,10.9313,7.012,2654,Sam Fell,"Kodi Smit-McPhee, Tucker Albrizzi, Anna Kendrick","In the town of Blithe Hollow, Norman Babcock can speak to the dead, but no one other than his eccentric new friend believes his ability is real. One day, Norman's eccentric uncle tells him of a ritual he must perform to protect the town from a curse cast by a witch centuries ago.",Hit,Revenue >= 1.2x budget and decent ratings
50544,Friends with Benefits,2011-07-21,2011,en,110,"Romance, Comedy",35000000,149500000,9.5331,6.7,8178,Will Gluck,"Justin Timberlake, Mila Kunis, Jenna Elfman",Dylan is done with relationships. Jamie decides to stop buying into the Hollywood clichés of true love. When the two become friends they decide to try something new and take advantage of their mutual attraction - but without any emotional attachment.,Hit,Revenue >= 1.2x budget and decent ratings
1094138,Jackpot!,2024-08-13,2024,en,107,"Comedy, Action",0,0,9.663,6.402,732,Paul Feig,"Awkwafina, John Cena, Simu Liu","In the near future, a 'Grand Lottery' has been established - the catch: kill the winner before sundown to legally claim their multi-billion dollar jackpot. When Katie Kim mistakenly finds herself with the winning ticket, she reluctantly joins forces with amateur lottery protection agent Noel Cassidy who must get her to sundown in exchange for a piece of her prize.",Average/Positive,Decent user score (no financials)
99984,Rosie Dixon - Night Nurse,1978-02-01,1978,en,90,Comedy,0,0,12.4165,4.5,6,Justin Cartwright,"Debbie Ash, Carolyne Argyle, Beryl Reid","Young Rosie Dixon starts her nurse training at St Adelaide's Hospital, but the student doctors and randy male patients just can't keep their hands off her.",Unknown,Insufficient financial data
1593,Night at the Museum,2006-12-20,2006,en,108,"Action, Adventure, Comedy, Family, Fantasy",110000000,574480841,9.9567,6.593,10611,Shawn Levy,"Ben Stiller, Carla Gugino, Dick Van Dyke","Chaos reigns at the natural history museum when night watchman Larry Daley accidentally stirs up an ancient curse, awakening Attila the Hun, an army of gladiators, a Tyrannosaurus rex and other exhibits.",Hit,Revenue >= 1.2x budget and decent ratings
46195,Rio,2011-04-03,2011,en,96,"Animation, Adventure, Comedy, Family",90000000,483866772,9.7423,6.754,6956,Carlos Saldanha,"Jesse Eisenberg, Anne Hathaway, Leslie Mann","Captured by smugglers when he was just a hatchling, a macaw named Blu never learned to fly and lives a happily domesticated life in Minnesota with his human friend, Linda. Blu is thought to be the last of his kind, but when word comes that Jewel, a lone female, lives in Rio de Janeiro, Blu and Linda go to meet her. Animal smugglers kidnap Blu and Jewel, but the pair soon escape and begin a perilous adventure back to freedom -- and Linda.",Hit,Revenue >= 1.2x budget and decent ratings
338967,Zombieland: Double Tap,2019-10-09,2019,en,99,"Horror, Comedy, Action",42000000,122800000,9.7983,6.912,6003,Ruben Fleischer,"Woody Harrelson, Jesse Eisenberg, Emma Stone","Columbus, Tallahassee, Wichita, and Little Rock move to the American heartland as they face off against evolved zombies, fellow survivors, and the growing pains of the snarky makeshift family.",Hit,Revenue >= 1.2x budget and decent ratings
23202,Trick 'r Treat,2007-12-09,2007,en,82,"Horror, Comedy",12000000,27909,9.2811,6.99,1980,Michael Dougherty,"Brian Cox, Quinn Lord, Anna Paquin","Four interwoven stories that occur on Halloween: an everyday high school principal has a secret life as a serial killer; a college virgin might have just met the one guy for her; a group of teenagers pull a mean prank, and a bitter old recluse receives an uninvited guest.",Moderate,At least broke even or decent ratings
1072790,Anyone But You,2023-12-21,2023,en,103,"Romance, Comedy",25000000,214891370,10.0074,6.832,2757,Will Gluck,"Sydney Sweeney, Glen Powell, Mia Artemis","After an amazing first date, Bea and Ben’s fiery attraction turns ice cold — until they find themselves unexpectedly reunited at a destination wedding in Australia. So they do what any two mature adults would do: pretend to be a couple.",Hit,Revenue >= 1.2x budget and decent ratings
4257,Scary Movie 4,2006-04-12,2006,en,83,Comedy,45000000,178262620,11.0876,5.492,3413,David Zucker,"Anna Faris, Regina Hall, Craig Bierko","Cindy finds out the house she lives in is haunted by a little boy and goes on a quest to find out who killed him and why. Also, Alien ""Tr-iPods"" are invading the world and she has to uncover the secret in order to stop them.",Moderate,At least broke even or decent ratings
11770,Shaolin Soccer,2001-07-05,2001,cn,113,"Action, Comedy",10000005,42776760,10.0349,7.149,2407,Stephen Chow,"Stephen Chow, Ng Man-Tat, Zhao Wei",A young Shaolin follower reunites with his discouraged brothers to form a soccer team using their martial art skills to their advantage.,Blockbuster,"Revenue >= 2x budget (42776760 >= 20000010), strong user ratings"
228326,The Book of Life,2014-10-01,2014,en,95,"Animation, Adventure, Comedy, Family, Fantasy",50000000,97437106,10.1484,7.531,2820,Jorge R. Gutierrez,"Diego Luna, Channing Tatum, Zoe Saldaña","The journey of Manolo, a young man who is torn between fulfilling the expectations of his family and following his heart. Before choosing which path to follow, he embarks on an incredible adventure that spans three fantastical worlds where he must face his greatest fears.",Hit,Revenue >= 1.2x budget and decent ratings
9880,The Princess Diaries,2001-08-03,2001,en,115,"Comedy, Family, Romance",37000000,165335153,10.4321,6.964,5125,Garry Marshall,"Anne Hathaway, Julie Andrews, Heather Matarazzo","A socially awkward but very bright 15-year-old girl being raised by a single mom discovers that she is the princess of a small European country because of the recent death of her long-absent father, who, unknown to her, was the crown prince of Genovia. She must make a choice between continuing the life of a San Francisco teen or stepping up to the throne.",Hit,Revenue >= 1.2x budget and decent ratings
901362,Trolls Band Together,2023-10-12,2023,en,91,"Animation, Family, Music, Fantasy, Comedy",95000000,209646030,10.1835,7.3,940,Walt Dohrn,"Anna Kendrick, Justin Timberlake, Camila Cabello","When Branch's brother, Floyd, is kidnapped for his musical talents by a pair of nefarious pop-star villains, Branch and Poppy embark on a harrowing and emotional journey to reunite the other brothers and rescue Floyd from a fate even worse than pop-culture obscurity.",Hit,Revenue >= 1.2x budget and decent ratings
774370,Dog Man,2025-01-24,2025,en,89,"Family, Comedy, Adventure, Animation",40000000,145550471,10.085,7.664,302,Peter Hastings,"Peter Hastings, Pete Davidson, Lil Rel Howery","When a faithful police dog and his human police officer owner are injured together on the job, a harebrained but life-saving surgery fuses the two of them together and Dog Man is born. Dog Man is sworn to protect and serve—and fetch, sit and roll over. As Dog Man embraces his new identity and strives to impress his Chief, he must stop the pretty evil plots of feline supervillain Petey the Cat.",Moderate,At least broke even or decent ratings
19908,Zombieland,2009-10-02,2009,en,88,"Comedy, Horror",23600000,102391540,9.4974,7.258,12736,Ruben Fleischer,"Jesse Eisenberg, Woody Harrelson, Emma Stone","Columbus has made a habit of running from what scares him. Tallahassee doesn't have fears. If he did, he'd kick their ever-living ass. In a world overrun by zombies, these two are perfectly evolved survivors. But now, they're about to stare down the most terrifying prospect of all: each other.",Blockbuster,"Revenue >= 2x budget (102391540 >= 47200000), strong user ratings"
974573,Another Simple Favor,2025-03-07,2025,en,123,"Comedy, Thriller, Mystery",0,0,9.4509,5.797,448,Paul Feig,"Anna Kendrick, Blake Lively, Michele Morrone","Stephanie and Emily reunite on the beautiful island of Capri, Italy for Emily's extravagant wedding to a rich Italian businessman. Along with the glamorous guests, expect murder and betrayal to RSVP for a wedding with more twists and turns than the road from the Marina Grande to the Capri town square.",Unknown,Insufficient financial data
400155,Hotel Transylvania 3: Summer Vacation,2018-06-28,2018,en,97,"Animation, Comedy, Family, Fantasy",80000000,528600000,9.8004,6.852,4591,Genndy Tartakovsky,"Adam Sandler, Andy Samberg, Selena Gomez","Dracula, Mavis, Johnny and the rest of the Drac Pack take a vacation on a luxury Monster Cruise Ship, where Dracula falls in love with the ship’s captain, Ericka, who’s secretly a descendant of Abraham Van Helsing, the notorious monster slayer.",Hit,Revenue >= 1.2x budget and decent ratings
512195,Red Notice,2021-11-04,2021,en,118,"Action, Comedy, Crime",160000000,178143,9.9149,6.754,6148,Rawson Marshall Thurber,"Dwayne Johnson, Ryan Reynolds, Gal Gadot","An Interpol-issued Red Notice is a global alert to hunt and capture the world's most wanted. But when a daring heist brings together the FBI's top profiler and two rival criminals, there's no telling what will happen.",Moderate,At least broke even or decent ratings
459151,The Boss Baby: Family Business,2021-07-01,2021,en,107,"Animation, Comedy, Adventure, Family",82000000,146745280,8.5471,7.346,2630,Tom McGrath,"Alec Baldwin, James Marsden, Amy Sedaris",The Templeton brothers — Tim and his Boss Baby little bro Ted — have become adults and drifted away from each other. But a new boss baby with a cutting-edge approach and a can-do attitude is about to bring them together again … and inspire a new family business.,Hit,Revenue >= 1.2x budget and decent ratings
1075794,Leo,2023-11-17,2023,en,102,"Animation, Comedy, Family",0,0,10.1333,7.392,1277,Robert Smigel,"Adam Sandler, Bill Burr, Cecily Strong","Jaded 74-year-old lizard Leo has been stuck in the same Florida classroom for decades with his terrarium-mate turtle. When he learns he only has one year left to live, he plans to escape to experience life on the outside but instead gets caught up in the problems of his anxious students — including an impossibly mean substitute teacher.",Critically Good,High user score & significant votes (no financials)
8467,Dumb and Dumber,1994-12-16,1994,en,107,Comedy,16000000,247275374,10.4108,6.638,6419,Peter Farrelly,"Jim Carrey, Jeff Daniels, Lauren Holly","Lloyd and Harry are two men whose stupidity is really indescribable. When Mary, a beautiful woman, loses an important suitcase with money before she leaves for Aspen, the two friends (who have found the suitcase) decide to return it to her. After some ""adventures"" they finally get to Aspen where, using the lost money they live it up and fight for Mary's heart.",Hit,Revenue >= 1.2x budget and decent ratings
11011,Ri¢hie Ri¢h,1994-12-19,1994,en,95,"Comedy, Family",40000000,38087756,9.5171,5.942,2347,Donald Petrie,"Macaulay Culkin, John Larroquette, Edward Herrmann","Billionaire heir Richie Rich has it all, including Reggie Jackson as a batting coach and Claudia Schiffer as a personal trainer -- but no playmates. What's more, scoundrel Laurence Van Dough is scheming to take over the family empire. Uh-oh! Enter faithful butler Cadbury to save the day.",Flop,Revenue < budget and low ratings
481084,The Addams Family,2019-10-10,2019,en,87,"Family, Animation, Comedy, Fantasy",40000000,204394183,8.9383,6.606,2421,Conrad Vernon,"Oscar Isaac, Charlize Theron, Chloë Grace Moretz","The Addams family's lives begin to unravel when they face-off against a treacherous, greedy crafty reality-TV host while also preparing for their extended family to arrive for a major celebration.",Hit,Revenue >= 1.2x budget and decent ratings
1104845,Plankton: The Movie,2025-03-08,2025,en,83,"Family, Comedy, Adventure, Animation",0,0,9.7652,6.697,127,Dave Needham,"Mr. Lawrence, Jill Talley, Tom Kenny",Plankton's tangled love story with his sentient computer wife goes sideways when she takes a stand — and decides to destroy the world without him.,Average/Positive,Decent user score (no financials)
36685,The Rocky Horror Picture Show,1975-08-14,1975,en,100,"Comedy, Science Fiction, Fantasy, Horror",1400000,171181400,9.3325,7.449,2976,Jim Sharman,"Tim Curry, Susan Sarandon, Barry Bostwick","After getting a flat tire in the middle of nowhere, newly engaged couple Brad and Janet encounter the eerie mansion of the flamboyant, seductive Dr. Frank-N-Furter and a variety of eccentric characters. Through elaborate dance and rock music, the mad scientist unveils his latest creation: a perfect, muscular man.",Blockbuster,"Revenue >= 2x budget (171181400 >= 2800000), strong user ratings"
516729,Paddington in Peru,2024-11-08,2024,en,106,"Family, Comedy, Adventure",90000000,170116764,11.2958,6.844,543,Dougal Wilson,"Ben Whishaw, Hugh Bonneville, Emily Mortimer","Paddington travels to Peru to visit his beloved Aunt Lucy, who now resides at the Home for Retired Bears. With the Brown Family in tow, a thrilling adventure ensues when a mystery plunges them into an unexpected journey through the Amazon rainforest and up to the mountain peaks of Peru.",Hit,Revenue >= 1.2x budget and decent ratings
1225572,Screamboat,2025-03-20,2025,en,102,"Horror, Comedy",2000000,393011,8.7289,4.989,89,Steven LaMorte,"David Howard Thornton, Allison Pittel, Amy Schumacher",A late-night boat ride turns into a desperate fight for survival in New York City when a mischievous mouse becomes a monstrous reality.,Flop,Revenue < budget and low ratings
529203,The Croods: A New Age,2020-11-25,2020,en,95,"Animation, Family, Adventure, Fantasy, Comedy",65000000,215905815,9.8769,7.459,3999,Joel Crawford,"Nicolas Cage, Emma Stone, Ryan Reynolds","Searching for a safer habitat, the prehistoric Crood family discovers an idyllic, walled-in paradise that meets all of its needs. Unfortunately, they must also learn to live with the Bettermans -- a family that's a couple of steps above the Croods on the evolutionary ladder. As tensions between the new neighbors start to rise, a new threat soon propels both clans on an epic adventure that forces them to embrace their differences, draw strength from one another, and survive together.",Blockbuster,"Revenue >= 2x budget (215905815 >= 130000000), strong user ratings"
138697,Don Jon,2013-09-12,2013,en,90,"Romance, Comedy, Drama",3000000,0,9.8033,6.017,4445,Joseph Gordon-Levitt,"Joseph Gordon-Levitt, Scarlett Johansson, Julianne Moore","A New Jersey guy dedicated to his family, friends, and church, develops unrealistic expectations from watching porn and works to find happiness and intimacy with his potential true love.",Average/Positive,Decent user score (no financials)
9737,Bad Boys,1995-04-07,1995,en,119,"Action, Comedy, Crime, Thriller",19000000,141407024,9.7277,6.825,6686,Michael Bay,"Will Smith, Martin Lawrence, Téa Leoni","Marcus Burnett is a henpecked family man. Mike Lowrey is a footloose and fancy free ladies' man. Both Miami policemen, they have 72 hours to reclaim a consignment of drugs stolen from under their station's nose. To complicate matters, in order to get the assistance of the sole witness to a murder, they have to pretend to be each other.",Hit,Revenue >= 1.2x budget and decent ratings
1217602,London Calling,2025-09-18,2025,en,114,"Action, Crime, Comedy, Thriller",0,0,8.6028,7.328,32,Allan Ungar,"Josh Duhamel, Aidan Gillen, Jeremy Ray Taylor","After fleeing the UK from a job gone wrong, a down on his luck hitman is forced to babysit the son of his new crime boss and show him how to become a man.",Average/Positive,Decent user score (no financials)
637,Life Is Beautiful,1997-12-20,1997,it,116,"Comedy, Drama",20000000,230098753,10.2958,8.441,13587,Roberto Benigni,"Roberto Benigni, Nicoletta Braschi, Giorgio Cantarini",A touching story of an Italian book seller of Jewish ancestry who lives in his own little fairy tale. His creative and happy life would come to an abrupt halt when his entire family is deported to a concentration camp during World War II. While locked up he tries to convince his son that the whole thing is just a game.,Blockbuster,"Revenue >= 2x budget (230098753 >= 40000000), strong user ratings"
1355666,Love Untangled,2025-08-28,2025,ko,121,"Romance, Drama, Comedy",0,0,8.5536,8.446,121,Namkoong Sun,"Shin Eun-soo, Gong Myoung, Cha Woo-min",A lovestruck teen plans to win the school heartthrob by going from curly to straight hair — until a new transfer student changes everything.,Average/Positive,Decent user score (no financials)
813,Airplane!,1980-06-27,1980,en,88,Comedy,3500000,83453539,9.456,7.309,4817,Jerry Zucker,"Robert Hays, Julie Hagerty, Leslie Nielsen",An ex-fighter pilot forced to take over the controls of an airliner when the flight crew succumbs to food poisoning.,Blockbuster,"Revenue >= 2x budget (83453539 >= 7000000), strong user ratings"
286687,Love Lesson,2013-12-05,2013,ko,80,"Romance, Drama, Comedy",0,0,9.6556,6.9,41,Ko Kyeong-Ah,"Kim Sun-young, Byun Jun-suk, Oh Cho-hee","Korea's most popular song writer Hee-soo runs into a nineteen-year-old boy in the elevator. Hee-soo is inspired by a new song watching him shake at her figure. She starts to tell him about women under the excuse that she's teaching him music. They fall for each other but things get complicated when her life teacher, Joon-ho who taught her about life and music comes back.",Average/Positive,Decent user score (no financials)
50646,"Crazy, Stupid, Love.",2011-07-29,2011,en,118,"Comedy, Drama, Romance",50000000,145079584,9.3398,7.269,8926,Glenn Ficarra,"Steve Carell, Ryan Gosling, Julianne Moore","Cal Weaver is living the American dream. He has a good job, a beautiful house, great children and a beautiful wife, named Emily. Cal's seemingly perfect life unravels, however, when he learns that Emily has been unfaithful and wants a divorce. Over 40 and suddenly single, Cal is adrift in the fickle world of dating. Enter, Jacob Palmer, a self-styled player who takes Cal under his wing and teaches him how to be a hit with the ladies.",Blockbuster,"Revenue >= 2x budget (145079584 >= 100000000), strong user ratings"
57800,Ice Age: Continental Drift,2012-06-27,2012,en,88,"Animation, Comedy, Adventure, Family",95000000,877244782,10.2799,6.388,7886,Mike Thurmeier,"Ray Romano, John Leguizamo, Denis Leary","Manny, Diego, and Sid embark upon another adventure after their continent is set adrift. Using an iceberg as a ship, they encounter sea creatures and battle pirates as they explore a new world.",Hit,Revenue >= 1.2x budget and decent ratings
964877,Meet the Leroys,2024-04-10,2024,fr,102,"Comedy, Drama",0,0,8.0442,6.269,271,Florent Bernard,"Charlotte Gainsbourg, José Garcia, Lili Aubry",A man takes his wife and their teenage children on a road trip down memory lane while facing divorce.,Average/Positive,Decent user score (no financials)
412117,The Secret Life of Pets 2,2019-05-24,2019,en,86,"Family, Comedy, Adventure, Animation",80000000,429434163,8.9229,7.0,3219,Chris Renaud,"Patton Oswalt, Kevin Hart, Eric Stonestreet","Max the terrier must cope with some major life changes when his owner gets married and has a baby. When the family takes a trip to the countryside, nervous Max has numerous run-ins with canine-intolerant cows, hostile foxes and a scary turkey. Luckily for Max, he soon catches a break when he meets Rooster, a gruff farm dog who tries to cure the lovable pooch of his neuroses.",Blockbuster,"Revenue >= 2x budget (429434163 >= 160000000), strong user ratings"
153518,The Angry Birds Movie,2016-05-11,2016,en,97,"Animation, Adventure, Comedy, Family",73000000,349779543,8.9223,6.244,3828,Clay Kaytis,"Jason Sudeikis, Josh Gad, Danny McBride","An island populated entirely by happy, flightless birds or almost entirely. In this paradise, Red, a bird with a temper problem, speedy Chuck, and the volatile Bomb have always been outsiders. But when the island is visited by mysterious green piggies, it’s up to these unlikely outcasts to figure out what the pigs are up to.",Hit,Revenue >= 1.2x budget and decent ratings
10022,The Pacifier,2005-03-04,2005,en,95,"Comedy, Family, Action",56000000,198636868,9.2895,6.067,3129,Adam Shankman,"Vin Diesel, Lauren Graham, Faith Ford",Navy SEAL Shane Wolfe is handed a new assignment: Protect the five Plummer kids from enemies of their recently deceased father -- a government scientist whose top-secret experiment remains hidden in the kids' house.,Hit,Revenue >= 1.2x budget and decent ratings
993710,Back in Action,2025-01-15,2025,en,114,"Action, Comedy",0,0,9.3654,6.452,1364,Seth Gordon,"Jamie Foxx, Cameron Diaz, McKenna Roberts","Fifteen years after vanishing from the CIA to start a family, elite spies Matt and Emily jump back into the world of espionage when their cover is blown.",Average/Positive,Decent user score (no financials)
774825,The Ice Age Adventures of Buck Wild,2022-01-28,2022,en,82,"Animation, Comedy, Family, Adventure",0,0,8.9361,6.592,1773,John C. Donkin,"Simon Pegg, Vincent Tong, Aaron Harris",The fearless one-eyed weasel Buck teams up with mischievous possum brothers Crash & Eddie as they head off on a new adventure into Buck's home: The Dinosaur World.,Average/Positive,Decent user score (no financials)
49519,The Croods,2013-03-15,2013,en,98,"Animation, Adventure, Family, Comedy",135000000,587204668,9.4529,6.927,7321,Chris Sanders,"Nicolas Cage, Emma Stone, Ryan Reynolds","The prehistoric Croods family live in a particularly dangerous moment in time. Patriarch Grug, his mate Ugga, teenage daughter Eep, son Thunk, and feisty Gran gather food by day and huddle together in a cave at night. When a more evolved caveman named Guy arrives on the scene, Grug is distrustful, but it soon becomes apparent that Guy is correct about the impending destruction of their world.",Hit,Revenue >= 1.2x budget and decent ratings
184345,A Haunted House 2,2014-04-17,2014,en,87,"Comedy, Horror",4000000,25343661,9.2684,6.177,1524,Michael Tiddes,"Marlon Wayans, Jaime Pressly, Essence Atkins","After exorcising the demons of his ex, Malcolm starts afresh with his new girlfriend and her two children. After moving into their dream home, Malcolm is once again plagued by bizarre paranormal events.",Hit,Revenue >= 1.2x budget and decent ratings
313369,La La Land,2016-12-01,2016,en,129,"Comedy, Drama, Romance",30000000,509183536,9.5372,7.899,17568,Damien Chazelle,"Ryan Gosling, Emma Stone, John Legend","Mia, an aspiring actress, serves lattes to movie stars in between auditions and Sebastian, a jazz musician, scrapes by playing cocktail party gigs in dingy bars, but as success mounts they are faced with decisions that begin to fray the fragile fabric of their love affair, and the dreams they worked so hard to maintain in each other threaten to rip them apart.",Blockbuster,"Revenue >= 2x budget (509183536 >= 60000000), strong user ratings"
507241,The Killer's Game,2024-09-12,2024,en,104,"Action, Comedy, Thriller",30000000,5928351,9.5379,6.392,480,J.J. Perry,"Dave Bautista, Sofia Boutella, Terry Crews","When top hitman Joe Flood is diagnosed with a terminal illness, he decides to take matters into his own hands – by taking a hit out on himself. But when the very hitmen he hired also target his ex-girlfriend, he must fend off an army of assassin colleagues and win back the love of his life before it's too late.",Moderate,At least broke even or decent ratings
615777,Babylon,2022-12-22,2022,en,189,"Drama, Comedy",78000000,65267446,9.2527,7.38,3512,Damien Chazelle,"Diego Calva, Margot Robbie, Brad Pitt","A tale of outsized ambition and outrageous excess, tracing the rise and fall of multiple characters in an era of unbridled decadence and depravity during Hollywood's transition from silent films to sound films in the late 1920s.",Moderate,At least broke even or decent ratings
1131494,"Locos de amor, mi primer amor",2025-06-26,2025,es,110,"Music, Comedy",0,0,8.6299,4.0,1,Miguel Valladares,"Ray del Castillo, Quique Niza, Arianna Fernández","It’s the final school year, and with it comes the long-awaited graduation trip to Uruguay, the last chance for everyone to be together before each one goes their own way. The story follows six teenage friends as they experience the first sparks of love and heartbreak, all while expressing a passion for music, tropical vibes, and Latin culture.",Unknown,Insufficient financial data
18240,The Proposal,2009-06-02,2009,en,108,"Comedy, Romance, Drama",40000000,317400000,9.5639,7.154,7186,Anne Fletcher,"Sandra Bullock, Ryan Reynolds, Malin Åkerman","When she learns she's in danger of losing her visa status and being deported, overbearing book editor Margaret Tate forces her put-upon assistant, Andrew Paxton, to marry her.",Blockbuster,"Revenue >= 2x budget (317400000 >= 80000000), strong user ratings"
531219,Roald Dahl's The Witches,2020-10-26,2020,en,106,"Comedy, Fantasy, Family, Horror",0,29303571,8.7609,6.356,2898,Robert Zemeckis,"Anne Hathaway, Octavia Spencer, Stanley Tucci","In late 1967, a young orphaned boy goes to live with his loving grandma in the rural Alabama town of Demopolis. As the boy and his grandmother encounter some deceptively glamorous but thoroughly diabolical witches, she wisely whisks him away to a seaside resort. Regrettably, they arrive at precisely the same time that the world's Grand High Witch has gathered.",Average/Positive,Decent user score (no financials)
297090,The Torture Club,2014-07-19,2014,ja,97,"Drama, Comedy",0,0,9.0927,5.3,45,Kōta Yoshida,"Noriko Kohara, Haruna Yoshizumi, Yuki Mamiya","The ""Torture Club"" is an official after-school activity at the private school Saint Honesty Gakuen. Yuzuki has no idea about the club when she enrolls, and gets abducted by the club members and hauled off the club-room. There, she finds out that upper-class student Aoi, her secret idol, is in the club, and decides to join, but…",Unknown,Insufficient financial data
935,Dr. Strangelove or: How I Learned to Stop Worrying and Love the Bomb,1964-01-29,1964,en,95,"Comedy, War",1800000,9500000,8.7708,8.1,5915,Stanley Kubrick,"Peter Sellers, George C. Scott, Sterling Hayden","After the insane General Jack D. Ripper initiates a nuclear strike on the Soviet Union, a war room full of politicians, generals and a Russian diplomat all frantically try to stop it.",Blockbuster,"Revenue >= 2x budget (9500000 >= 3600000), strong user ratings"
1188738,The Weedhacker Massacre,2025-10-17,2025,en,95,"Horror, Comedy",0,0,9.7983,0.0,0,Jody Stelzig,"Allen Danziger, Bobbie Grace, Parrish Randall","How many remakes of a bad horror movie can you remake? The cast and crew of ""The WeedHacker Massacre"" boldly film where gruesome murders occurred years ago and the masked killer has returned. It’s going to be their worst movie ever.",Unknown,Insufficient financial data
310,Bruce Almighty,2003-05-23,2003,en,101,"Fantasy, Comedy",80000000,484592874,10.2469,6.722,11126,Tom Shadyac,"Jim Carrey, Morgan Freeman, Jennifer Aniston","Bruce Nolan toils as a ""human interest"" television reporter in Buffalo, NY, but despite his high ratings and the love of his beautiful girlfriend, Bruce remains unfulfilled. At the end of the worst day in his life, he angrily ridicules God — and the Almighty responds, endowing Bruce with all of His divine powers.",Hit,Revenue >= 1.2x budget and decent ratings
8961,Bad Boys II,2003-07-18,2003,en,146,"Action, Crime, Comedy",130000000,273339556,9.7135,6.654,5727,Michael Bay,"Martin Lawrence, Will Smith, Jordi Mollà","Detectives Marcus Burnett and Mike Lowrey of the Miami Narcotics Task Force are tasked with stopping the flow of the drug Ecstasy into Miami. They track the drugs to the whacked-out Cuban drug lord Johnny Tapia, who is also involved in a bloody war with Russian and Haitian mobsters. If that isn't bad enough, there's tension between the two detectives when Marcus discovers that playboy Mike is secretly romancing Marcus’ sister, Syd.",Hit,Revenue >= 1.2x budget and decent ratings
43347,Love & Other Drugs,2010-11-22,2010,en,112,"Drama, Comedy, Romance",30000000,102800000,9.4291,7.04,5393,Edward Zwick,"Jake Gyllenhaal, Anne Hathaway, Oliver Platt","Maggie is an alluring free spirit who won't let anyone – or anything – tie her down. But she meets her match in Jamie, whose relentless and nearly infallible charm serves him well with the ladies and the cutthroat world of pharmaceutical sales. Maggie and Jamie's evolving relationship takes them both by surprise, as they find themselves under the influence of the ultimate drug: love.",Blockbuster,"Revenue >= 2x budget (102800000 >= 60000000), strong user ratings"
541642,Loving Cuba,2019-06-19,2019,nl,105,"Comedy, Romance",0,0,10.7678,4.5,11,Johan Nijenhuis,"Susan Visser, Abbey Hoes, Jan Kooijman","While a mother only just finds out that her daughter's dating a Cuban, she realises her daughter will get married on Cuba too. To hinder the failure-designated marriage, she immediately gets on a flight to Cuba.",Unknown,Insufficient financial data
137106,The Lego Movie,2014-02-06,2014,en,100,"Animation, Family, Adventure, Comedy, Fantasy",60000000,470759687,9.2258,7.421,8171,Phil Lord,"Chris Pratt, Elizabeth Banks, Will Ferrell","An ordinary Lego mini-figure, mistakenly thought to be the extraordinary MasterBuilder, is recruited to join a quest to stop an evil Lego tyrant from conquering the universe.",Blockbuster,"Revenue >= 2x budget (470759687 >= 120000000), strong user ratings"
10096,13 Going on 30,2004-04-13,2004,en,98,"Comedy, Fantasy, Romance",37000000,96500000,9.379,6.763,5373,Gary Winick,"Jennifer Garner, Mark Ruffalo, Judy Greer","After total humiliation at her thirteenth birthday party, Jenna Rink wants to just hide until she's thirty. Thanks to some magic wishing dust, Jenna's prayer has been answered. With a knockout body, a fabulous wardrobe, an athlete boyfriend, a dream job, and superstar friends, this can't be a better life. But soon Jenna realizes that adult life isn’t as easy as she hoped for.",Hit,Revenue >= 1.2x budget and decent ratings
4327,Charlie's Angels,2000-11-02,2000,en,98,"Action, Adventure, Comedy, Crime, Thriller",92000000,264105545,8.4834,5.847,4341,McG,"Cameron Diaz, Drew Barrymore, Lucy Liu","The captivating crime-fighting trio who are masters of disguise, espionage and martial arts are back! When a devious mastermind embroils them in a plot to destroy individual privacy, the Angels, aided by their loyal sidekick Bosley, set out to bring down the bad guys. But when a terrible secret is revealed, it makes the Angels targets for assassination.",Moderate,At least broke even or decent ratings
196,Back to the Future Part III,1990-05-25,1990,en,119,"Adventure, Comedy, Science Fiction",40000000,244527583,9.1927,7.49,11110,Robert Zemeckis,"Michael J. Fox, Christopher Lloyd, Mary Steenburgen","The final installment finds Marty digging the trusty DeLorean out of a mineshaft and looking for Doc in the Wild West of 1885. But when their time machine breaks down, the travelers are stranded in a land of spurs. More problems arise when Doc falls for pretty schoolteacher Clara Clayton, and Marty tangles with Buford Tannen.",Blockbuster,"Revenue >= 2x budget (244527583 >= 80000000), strong user ratings"
232672,Blended,2014-05-21,2014,en,117,"Comedy, Romance",40000000,128000000,9.9575,6.896,3689,Frank Coraci,"Adam Sandler, Drew Barrymore, Kevin Nealon","Recently divorced mom Lauren and widowed dad Jim let their friends push them into a blind date, which goes disastrously wrong. Unsurprisingly, neither wants to see the other ever again. However, fate intervenes when both Jim and Lauren, unbeknownst to each other, purchase one-half of the same vacation package at a South African resort for families, during spring break. They and their children are forced to share the same romantic suite and participate in a slew of family activities together.",Hit,Revenue >= 1.2x budget and decent ratings
11970,Hercules,1997-06-13,1997,en,93,"Animation, Family, Fantasy, Adventure, Comedy, Romance",85000000,252712101,9.863,7.5,7715,John Musker,"Tate Donovan, Josh Keaton, Roger Bart","Bestowed with superhuman strength, a young mortal named Hercules sets out to prove himself a hero in the eyes of his father, the great god Zeus. Along with his friends Pegasus, a flying horse, and Phil, a personal trainer, Hercules is tricked by the hilarious, hotheaded villain Hades, who's plotting to take over Mount Olympus!",Blockbuster,"Revenue >= 2x budget (252712101 >= 170000000), strong user ratings"
9273,Ace Ventura: When Nature Calls,1995-11-10,1995,en,90,"Crime, Comedy, Adventure",30000000,212385533,9.2112,6.3,4355,Steve Oedekerk,"Jim Carrey, Ian McNeice, Simon Callow","Summoned from an ashram in Tibet, Ace finds himself on a perilous journey into the jungles of Africa to find Shikaka, the missing sacred animal of the friendly Wachati tribe. He must accomplish this before the wedding of the Wachati's Princess to the prince of the warrior Wachootoos. If Ace fails, the result will be a vicious tribal war.",Hit,Revenue >= 1.2x budget and decent ratings
115,The Big Lebowski,1998-03-06,1998,en,117,"Comedy, Crime",15000000,47010480,9.4294,7.84,11723,Joel Coen,"Jeff Bridges, John Goodman, Julianne Moore","Jeffrey 'The Dude' Lebowski, a Los Angeles slacker who only wants to bowl and drink White Russians, is mistaken for another Jeffrey Lebowski, a wheelchair-bound millionaire, and finds himself dragged into a strange series of events involving nihilists, adult film producers, ferrets, errant toes, and large sums of money.",Blockbuster,"Revenue >= 2x budget (47010480 >= 30000000), strong user ratings"
947891,My Old Ass,2024-09-13,2024,en,89,"Comedy, Drama",3000000,5705895,8.9913,6.845,403,Megan Park,"Maisy Stella, Aubrey Plaza, Percy Hynes White","An 18th birthday mushroom trip brings free-spirited Elliott face-to-face with her wisecracking 39-year-old self. But when Elliott’s ""old ass"" starts handing out warnings about what her younger self should and shouldn't do, Elliott realizes she has to rethink everything about family, love, and what's becoming a transformative summer.",Moderate,At least broke even or decent ratings
140300,Kung Fu Panda 3,2016-01-23,2016,en,95,"Animation, Action, Adventure, Comedy, Family",145000000,521170825,9.1451,6.917,6341,Jennifer Yuh Nelson,"Jack Black, Bryan Cranston, Dustin Hoffman","While Po and his father are visiting a secret panda village, an evil spirit threatens all of China, forcing Po to form a ragtag army to fight back.",Hit,Revenue >= 1.2x budget and decent ratings
10315,Fantastic Mr. Fox,2009-10-14,2009,en,87,"Adventure, Animation, Comedy, Family",40000000,46471023,9.9035,7.812,5813,Wes Anderson,"George Clooney, Robin Hurlstone, Meryl Streep","The Fantastic Mr. Fox, bored with his current life, plans a heist against the three local farmers. The farmers, tired of sharing their chickens with the sly fox, seek revenge against him and his family.",Moderate,At least broke even or decent ratings
9655,She's the Man,2006-03-17,2006,en,105,"Comedy, Romance",20000000,57194667,9.6616,6.819,3190,Andy Fickman,"Amanda Bynes, Channing Tatum, Laura Ramsey","Viola Hastings is in a real jam. Complications threaten her scheme to pose as her twin brother, Sebastian, and take his place at a new boarding school. She falls in love with her handsome roommate, Duke, who loves beautiful Olivia, who has fallen for Sebastian! As if that were not enough, Viola's twin returns from London ahead of schedule but has no idea that his sister has already replaced him on campus.",Hit,Revenue >= 1.2x budget and decent ratings
1302916,Heart Eyes,2025-02-06,2025,en,97,"Horror, Comedy, Romance",18000000,33129099,9.0334,6.5,357,Josh Ruben,"Olivia Holt, Mason Gooding, Gigi Zumbado","When the ""Heart Eyes Killer"" strikes Seattle, a pair of co-workers pulling overtime on Valentine's Day are mistaken for a couple by the elusive couple-hunting killer. Now, they must spend the most romantic night of the year running for their lives.",Moderate,At least broke even or decent ratings
9794,Employee of the Month,2006-10-06,2006,en,103,"Comedy, Romance",12000000,38528984,8.6753,5.608,669,Greg Coolidge,"Dane Cook, Jessica Simpson, Dax Shepard","When he hears that the new female employee digs ambitious men who are the store employee of the month, a slacker gets his act together but finds himself in competition with his rival, an ambitious co-worker.",Moderate,At least broke even or decent ratings
6957,The 40 Year Old Virgin,2005-08-11,2005,en,116,"Comedy, Romance",26000000,177400000,8.5691,6.413,6980,Judd Apatow,"Steve Carell, Catherine Keener, Paul Rudd","Andy Stitzer has a pleasant life with a nice apartment and a job stamping invoices at an electronics store. But at age 40, there's one thing Andy hasn't done, and it's really bothering his sex-obsessed male co-workers: Andy is still a virgin. Determined to help Andy get laid, the guys make it their mission to de-virginize him. But it all seems hopeless until Andy meets small business owner Trish, a single mom.",Hit,Revenue >= 1.2x budget and decent ratings
445571,Game Night,2018-02-15,2018,en,100,"Mystery, Comedy, Crime",37000000,117501013,9.8543,6.848,6045,John Francis Daley,"Jason Bateman, Rachel McAdams, Kyle Chandler","Max and Annie's weekly game night gets kicked up a notch when Max's brother Brooks arranges a murder mystery party -- complete with fake thugs and federal agents. So when Brooks gets kidnapped, it's all supposed to be part of the game. As the competitors set out to solve the case, they start to learn that neither the game nor Brooks are what they seem to be. The friends soon find themselves in over their heads as each twist leads to another unexpected turn over the course of one chaotic night.",Hit,Revenue >= 1.2x budget and decent ratings
537996,The Ballad of Buster Scruggs,2018-11-09,2018,en,132,"Western, Comedy, Drama, Music, Mystery, Romance",0,0,10.7048,7.132,4244,Joel Coen,"Tim Blake Nelson, Willie Watson, Clancy Brown","Vignettes weaving together the stories of six individuals in the old West at the end of the Civil War. Following the tales of a sharp-shooting songster, a wannabe bank robber, two weary traveling performers, a lone gold prospector, a woman traveling the West to an uncertain future, and a motley crew of strangers undertaking a carriage ride.",Critically Good,High user score & significant votes (no financials)
44896,Rango,2011-03-02,2011,en,112,"Animation, Comedy, Family, Western, Adventure",135000000,245700000,9.0987,6.884,6837,Gore Verbinski,"Johnny Depp, Isla Fisher, Ned Beatty","When Rango, a lost family pet, accidentally winds up in the gritty, gun-slinging town of Dirt, the less-than-courageous lizard suddenly finds he stands out. Welcomed as the last hope the town has been waiting for, new Sheriff Rango is forced to play his new role to the hilt.",Hit,Revenue >= 1.2x budget and decent ratings
1160956,Panda Plan,2024-10-01,2024,zh,99,"Action, Comedy",25000000,42238170,8.3118,6.8,235,Zhang Luan,"Jackie Chan, Shi Ce, Wei Xiang","International action star Jackie Chan is invited to the adoption ceremony of a rare baby panda, but after an international crime syndicate attempts to kidnap the bear, Jackie has to save the bear using his stunt work skills.",Moderate,At least broke even or decent ratings
404368,Ralph Breaks the Internet,2018-11-20,2018,en,112,"Family, Animation, Comedy, Adventure",175000000,529323962,8.7172,7.169,7858,Rich Moore,"John C. Reilly, Sarah Silverman, Gal Gadot","Video game bad guy Ralph and fellow misfit Vanellope von Schweetz must risk it all by traveling to the World Wide Web in search of a replacement part to save Vanellope's video game, Sugar Rush. In way over their heads, Ralph and Vanellope rely on the citizens of the internet — the netizens — to help navigate their way, including an entrepreneur named Yesss, who is the head algorithm and the heart and soul of trend-making site BuzzzTube.",Blockbuster,"Revenue >= 2x budget (529323962 >= 350000000), strong user ratings"
120467,The Grand Budapest Hotel,2014-02-26,2014,en,100,"Comedy, Drama",30000000,174600318,9.5214,8.034,15480,Wes Anderson,"Ralph Fiennes, F. Murray Abraham, Mathieu Amalric","The Grand Budapest Hotel tells of a legendary concierge at a famous European hotel between the wars and his friendship with a young employee who becomes his trusted protégé. The story involves the theft and recovery of a priceless Renaissance painting, the battle for an enormous family fortune and the slow and then sudden upheavals that transformed Europe during the first half of the 20th century.",Blockbuster,"Revenue >= 2x budget (174600318 >= 60000000), strong user ratings"
223702,Sausage Party,2016-07-11,2016,en,89,"Adventure, Animation, Comedy, Fantasy",19000000,140705322,8.438,5.748,7532,Greg Tiernan,"Seth Rogen, Kristen Wiig, Jonah Hill",Hot dog Frank leads a group of supermarket products on a quest to discover the truth about their existence and what really happens when they become chosen to leave the grocery store.,Moderate,At least broke even or decent ratings
454983,The Kissing Booth,2018-05-11,2018,en,105,"Romance, Comedy",0,0,8.8793,7.2,7342,Vince Marcello,"Joey King, Joel Courtney, Jacob Elordi","When teenager Elle's first kiss leads to a forbidden romance with the hottest boy in high school, she risks her relationship with her best friend.",Critically Good,High user score & significant votes (no financials)
187017,22 Jump Street,2014-06-05,2014,en,112,"Crime, Comedy, Action",50000000,331333876,8.7438,6.829,8226,Phil Lord,"Jonah Hill, Channing Tatum, Peter Stormare","After making their way through high school (twice), big changes are in store for officers Schmidt and Jenko when they go deep undercover at a local college. But when Jenko meets a kindred spirit on the football team, and Schmidt infiltrates the bohemian art major scene, they begin to question their partnership. Now they don't have to just crack the case - they have to figure out if they can have a mature relationship. If these two overgrown adolescents can grow from freshmen into real men, college might be the best thing that ever happened to them.",Hit,Revenue >= 1.2x budget and decent ratings
1078023,The King of Snipers,2023-01-24,2023,zh,98,"Action, Crime, Comedy, War",0,0,7.8635,5.6,10,Chris Huo,"Yang Xing, Henry Prince Mak, Li Donghe","The genius sniper Anna is forced to accept an assassination assignment. In the process, she gradually finds her true calling to fight for kindness and to defend a greater love. Tai, a special agent for the UN army, stands up for justice when drug lords try to harm innocent citizens. The two join forces to block the bill to legalize drug cultivation and distribution in Libiwala. They fight to the death with the drug lord Luo Jie and eventually foil his plans, protecting the people from the drugs. This is the exciting story of them working together to save a nation.",Unknown,Insufficient financial data
280180,Beverly Hills Cop: Axel F,2024-06-20,2024,en,118,"Action, Comedy, Crime",150000000,0,9.3361,6.677,1315,Mark Molloy,"Eddie Murphy, Joseph Gordon-Levitt, Taylour Paige","Forty years after his unforgettable first case in Beverly Hills, Detroit cop Axel Foley returns to do what he does best: solve crimes and cause chaos.",Average/Positive,Decent user score (no financials)
22794,Cloudy with a Chance of Meatballs,2009-09-17,2009,en,90,"Animation, Comedy, Family",100000000,242988466,9.5887,6.648,6241,Phil Lord,"Bill Hader, Anna Faris, James Caan","Inventor Flint Lockwood creates a machine that makes clouds rain food, enabling the down-and-out citizens of Chewandswallow to feed themselves. But when the falling food reaches gargantuan proportions, Flint must scramble to avert disaster. Can he regain control of the machine and put an end to the wild weather before the town is destroyed?",Hit,Revenue >= 1.2x budget and decent ratings
522627,The Gentlemen,2020-01-01,2020,en,113,"Comedy, Crime",22000000,115171795,9.262,7.669,6252,Guy Ritchie,"Matthew McConaughey, Charlie Hunnam, Michelle Dockery","American expat Mickey Pearson has built a highly profitable marijuana empire in London. When word gets out that he’s looking to cash out of the business forever it triggers plots, schemes, bribery and blackmail in an attempt to steal his domain out from under him.",Blockbuster,"Revenue >= 2x budget (115171795 >= 44000000), strong user ratings"
116745,The Secret Life of Walter Mitty,2013-12-18,2013,en,114,"Adventure, Comedy, Drama, Fantasy",90000000,188133322,9.3391,7.206,7946,Ben Stiller,"Ben Stiller, Kristen Wiig, Sean Penn",A timid magazine photo manager who lives life vicariously through daydreams embarks on a true-life adventure when a negative goes missing.,Blockbuster,"Revenue >= 2x budget (188133322 >= 180000000), strong user ratings"
37136,The Naked Gun: From the Files of Police Squad!,1988-12-02,1988,en,86,"Comedy, Crime",12000000,152356177,8.3759,7.267,4173,David Zucker,"Leslie Nielsen, Priscilla Presley, Ricardo Montalban","When the bumbling Lieutenant Frank Drebin investigates events following the shooting of his partner, he stumbles upon an attempt to assassinate Queen Elizabeth II.",Blockbuster,"Revenue >= 2x budget (152356177 >= 24000000), strong user ratings"
454640,The Angry Birds Movie 2,2019-08-02,2019,en,96,"Animation, Adventure, Comedy, Family",65000000,137792047,8.9853,7.052,1808,Thurop Van Orman,"Jason Sudeikis, Josh Gad, Danny McBride","Red, Chuck, Bomb and the rest of their feathered friends are surprised when a green pig suggests that they put aside their differences and unite to fight a common threat. Aggressive birds from an island covered in ice are planning to use an elaborate weapon to destroy the fowl and swine.",Hit,Revenue >= 1.2x budget and decent ratings
703,Annie Hall,1977-04-19,1977,en,93,"Comedy, Drama, Romance",4000000,43989445,8.2236,7.738,4073,Woody Allen,"Woody Allen, Diane Keaton, Tony Roberts",New York comedian Alvy Singer falls in love with the ditsy Annie Hall.,Blockbuster,"Revenue >= 2x budget (43989445 >= 8000000), strong user ratings"
107,Snatch,2000-09-01,2000,en,103,"Crime, Comedy",10000000,83557872,10.3741,7.816,9523,Guy Ritchie,"Jason Statham, Alan Ford, Stephen Graham","Unscrupulous boxing promoters, violent bookies, a Russian gangster, incompetent amateur robbers, and supposedly Jewish jewellers fight to track down a priceless stolen diamond.",Blockbuster,"Revenue >= 2x budget (83557872 >= 20000000), strong user ratings"
165,Back to the Future Part II,1989-11-22,1989,en,108,"Adventure, Comedy, Science Fiction",40000000,332000000,8.9726,7.774,13432,Robert Zemeckis,"Michael J. Fox, Christopher Lloyd, Lea Thompson","Marty and Doc are at it again as the time-traveling duo head to 2015 to nip some McFly family woes in the bud. But things go awry thanks to bully Biff Tannen and a pesky sports almanac. In a last-ditch attempt to set things straight, Marty finds himself bound for 1955 and face to face with his teenage parents -- again.",Blockbuster,"Revenue >= 2x budget (332000000 >= 80000000), strong user ratings"
1428213,Kontrabida Academy,2025-09-10,2025,tl,108,"Comedy, Fantasy",0,0,8.1363,7.208,12,Chris Martinez,"Eugene Domingo, Barbie Forteza, Jameson Blake","When a mysterious TV transports her to a school for on-screen villains, a restaurant worker finds new purpose — and a way to get back at her enemies.",Average/Positive,Decent user score (no financials)
10830,Matilda,1996-08-02,1996,en,98,"Comedy, Family, Fantasy",36000000,33500000,8.3237,7.166,4638,Danny DeVito,"Mara Wilson, Danny DeVito, Rhea Perlman","Matilda Wormwood is an exquisite and intelligent little girl. Unfortunately, her parents, Harry and Zinnia misunderstand her because they think she is so different. As time passes, she finally starts school and has a kind teacher, loyal friends, and a sadistic headmistress. As she gets fed up with the constant cruelty, she begins to realize that she has a gift of telekinetic powers. After some days of practice, she suddenly turns the tables to stand up to Harry and Zinnia and outwit the headmistress.",Moderate,At least broke even or decent ratings
365177,Borderlands,2024-08-07,2024,en,101,"Action, Science Fiction, Comedy",115000000,33017367,8.7791,5.615,1324,Eli Roth,"Cate Blanchett, Kevin Hart, Edgar Ramírez","Returning to her home planet, an infamous bounty hunter forms an unexpected alliance with a team of unlikely heroes. Together, they battle monsters and dangerous bandits to protect a young girl who holds the key to unimaginable power.",Flop,Revenue < budget and low ratings
814340,Cha Cha Real Smooth,2022-06-17,2022,en,108,"Comedy, Drama, Romance",0,0,8.388,7.1,368,Cooper Raiff,"Cooper Raiff, Dakota Johnson, Vanessa Burghardt","Fresh out of college and stuck at his New Jersey home without a clear path forward, 22-year-old Andrew begins working as a party starter for bar/bat mitzvahs—where he strikes up a unique friendship with a young mom and her teenage daughter.",Average/Positive,Decent user score (no financials)
967847,Ghostbusters: Frozen Empire,2024-03-20,2024,en,115,"Fantasy, Adventure, Comedy",100000000,201967521,9.5231,6.5,1952,Gil Kenan,"Mckenna Grace, Paul Rudd, Carrie Coon","When the discovery of an ancient artifact unleashes an evil force, Ghostbusters new and old must join forces to protect their home and save the world from a second Ice Age.",Hit,Revenue >= 1.2x budget and decent ratings
136795,The Heat,2013-06-27,2013,en,117,"Action, Comedy, Crime",43000000,158674180,9.0904,6.595,4061,Paul Feig,"Sandra Bullock, Melissa McCarthy, Demián Bichir","Uptight and straight-laced, FBI Special Agent Sarah Ashburn is a methodical investigator with a reputation for excellence--and hyper-arrogance. Shannon Mullins, one of Boston P.D.'s ""finest,"" is foul-mouthed and has a very short fuse, and uses her gut instinct and street smarts to catch the most elusive criminals. Neither has ever had a partner, or a friend for that matter. When these two wildly incompatible law officers join forces to bring down a ruthless drug lord, they become the last thing anyone expected: buddies.",Hit,Revenue >= 1.2x budget and decent ratings
7518,Over the Hedge,2006-05-17,2006,en,84,"Family, Comedy, Animation",80000000,343397247,10.066,6.582,4652,Karey Kirkpatrick,"Bruce Willis, Garry Shandling, Steve Carell","A scheming raccoon fools a mismatched family of forest creatures into helping him repay a debt of food, by invading the new suburban sprawl that popped up while they were hibernating – and learns a lesson about family himself.",Hit,Revenue >= 1.2x budget and decent ratings
487297,What Men Want,2019-02-08,2019,en,117,"Comedy, Romance",20000000,69766483,8.8234,6.213,1541,Adam Shankman,"Taraji P. Henson, Aldis Hodge, Josh Brener","Magically able to hear what men are thinking, a sports agent uses her newfound ability to turn the tables on her overbearing male colleagues.",Hit,Revenue >= 1.2x budget and decent ratings
37265,All Ladies Do It,1992-02-21,1992,it,93,"Comedy, Drama",0,0,7.711,5.0,403,Tinto Brass,"Claudia Koll, Paolo Lanza, Ornella Marcucci","After five years of marriage, Diana discovers the joys of adultery, claiming that she can save her failing relationship through betrayal.",Unknown,Insufficient financial data
109439,The Hangover Part III,2013-05-23,2013,en,100,Comedy,103000000,362000072,8.7875,6.21,8948,Todd Phillips,"Bradley Cooper, Ed Helms, Zach Galifianakis","This time, there's no wedding. No bachelor party. What could go wrong, right? But when the Wolfpack hits the road, all bets are off.",Hit,Revenue >= 1.2x budget and decent ratings
10184,He's Just Not That Into You,2009-02-06,2009,en,129,"Comedy, Romance, Drama",40000000,178866158,8.3724,6.615,3896,Ken Kwapis,"Ginnifer Goodwin, Justin Long, Jennifer Aniston","Have you ever sat by the phone wondering why he said he would call, but didn't, or you can't figure out why she doesn't want to sleep with you anymore, or why your relationship just isn't going to the next level... they're just not that into you. Gigi just wants a man who says he'll call—and does—while Alex advises her to stop waiting by the phone. Beth wants a proposal after years of a committed relationship with her boyfriend, Neil, who sees nothing  wrong with the status quo. Janine's not sure if she can trust her husband, Ben, who can't quite trust himself around Anna. Anna can't decide between the sexy married guy, or her straightforward, no-sparks standby, Conor, who can't get over the fact that he can't have her. And Mary, who's found an entire network of loving, supportive men, just needs to find one who's straight.",Hit,Revenue >= 1.2x budget and decent ratings
72105,Ted,2012-06-29,2012,en,107,"Comedy, Fantasy",50000000,549368315,9.5076,6.447,12803,Seth MacFarlane,"Mark Wahlberg, Mila Kunis, Seth MacFarlane","John Bennett, a man whose childhood wish of bringing his teddy bear to life came true, now must decide between keeping the relationship with the bear or his girlfriend, Lori.",Hit,Revenue >= 1.2x budget and decent ratings
3981,What Women Want,2000-12-15,2000,en,127,"Comedy, Romance",70000000,374100000,9.5586,6.443,4145,Nancy Meyers,"Mel Gibson, Helen Hunt, Marisa Tomei","Advertising executive Nick Marshall is as cocky as they come, but what happens to a chauvinistic guy when he can suddenly hear what women are thinking? Nick gets passed over for a promotion, but after an accident enables him to hear women's thoughts, he puts his newfound talent to work against Darcy, his new boss, who seems to be infatuated with him.",Hit,Revenue >= 1.2x budget and decent ratings
225886,Sex Tape,2014-07-17,2014,en,94,Comedy,40000000,126069509,8.4906,5.413,4141,Jake Kasdan,"Cameron Diaz, Jason Segel, Rob Corddry","When Jay and Annie first got together, their romantic connection was intense – but ten years and two kids later, the flame of their love needs a spark.  To kick things up a notch, they decide – why not? – to make a video of themselves trying out every position in The Joy of Sex in one marathon three-hour session.  It seems like a great idea – until they discover that their most private video is no longer private.  With their reputations on the line, they know they’re just one click away from being laid bare to the world... but as their race to reclaim their video leads to a night they'll never forget, they'll find that their video will expose even more than they bargained for.",Moderate,At least broke even or decent ratings
50546,Just Go with It,2011-02-10,2011,en,117,"Comedy, Romance",80000000,214945591,8.8497,6.706,5944,Dennis Dugan,"Adam Sandler, Jennifer Aniston, Brooklyn Decker","While romancing Palmer, a much younger schoolteacher, plastic surgeon Danny Maccabee enlists his loyal assistant Katherine to pretend to be his soon to be ex-wife, in order to cover up a careless lie. When more lies backfire, Katherine's kids become involved, and everyone heads off for a weekend in Hawaii that will change all their lives.",Hit,Revenue >= 1.2x budget and decent ratings
80794,Daughter of Darkness,1993-10-28,1993,zh,96,"Thriller, Horror, Comedy",0,0,8.6897,5.5,26,Ivan Lai Kai-Ming,"Lily Chung Suk-Wai, Hugo Ng Doi-Yung, William Ho",The police suspect a young teenager who was horrifically abused by her family and raped by her father of finally snapping and slaughtering them all.,Unknown,Insufficient financial data
9340,The Goonies,1985-06-07,1985,en,114,"Adventure, Comedy, Family",19000000,69649283,8.8956,7.513,5975,Richard Donner,"Sean Astin, Josh Brolin, Jeff Cohen",Young teen Mikey Walsh and his friends set off on a quest to find Pirate One-Eyed Willie's treasure in hopes of saving their homes from demolition.,Blockbuster,"Revenue >= 2x budget (69649283 >= 38000000), strong user ratings"
1161617,Code 3,2025-09-12,2025,en,104,"Action, Comedy",0,12140,7.5084,7.2,58,Christopher Leone,"Rainn Wilson, Lil Rel Howery, Aimee Carrero",A burned-out paramedic tries to survive his last 24 hours on the job while training a new recruit.,Average/Positive,Decent user score (no financials)
146216,RED 2,2013-07-18,2013,en,116,"Action, Comedy, Crime, Thriller",84000000,148075565,9.161,6.529,4172,Dean Parisot,"Bruce Willis, John Malkovich, Mary-Louise Parker",Retired C.I.A. agent Frank Moses reunites his unlikely team of elite operatives for a global quest to track down a missing portable nuclear device.,Hit,Revenue >= 1.2x budget and decent ratings
1239251,Megamind vs. the Doom Syndicate,2024-03-01,2024,en,83,"Animation, Comedy, Science Fiction",0,0,8.4779,5.094,309,Eric Fogel,"Keith Ferguson, Laura Post, Josh Brener","Megamind's former villain team, The Doom Syndicate, has returned. Our newly crowned blue hero must now keep up evil appearances until he can assemble his friends (Roxanne, Ol' Chum and Keiko) to stop his former evil teammates from launching Metro City to the Moon.",Unknown,Insufficient financial data
8920,Garfield,2004-06-10,2004,en,80,"Comedy, Family",50000000,200800000,8.2968,5.73,4149,Peter Hewitt,"Bill Murray, Breckin Meyer, Jennifer Love Hewitt","Garfield, the fat, lazy, lasagna lover, has everything a cat could want. But when Jon, in an effort to impress the Liz - the vet and an old high-school crush - adopts a dog named Odie and brings him home, Garfield gets the one thing he doesn't want. Competition.",Moderate,At least broke even or decent ratings
76494,What to Expect When You're Expecting,2012-05-17,2012,en,110,"Romance, Comedy, Drama",40000000,79700000,7.9141,5.998,1825,Kirk Jones,"Jennifer Lopez, Chace Crawford, Anna Kendrick","Challenges of impending parenthood turn the lives of five couples upside down. Two celebrities are unprepared for the surprise demands of pregnancy; hormones wreak havoc on a baby-crazy author, while her husband tries not to be outdone by his father, who's expecting twins with his young trophy wife; a photographer's husband isn't sure about his wife's adoption plans; a one-time hook-up results in a surprise pregnancy for rival food-truck owners.",Moderate,At least broke even or decent ratings
343668,Kingsman: The Golden Circle,2017-09-20,2017,en,141,"Action, Adventure, Comedy, Crime",104000000,410902662,9.4687,6.954,10797,Matthew Vaughn,"Taron Egerton, Colin Firth, Julianne Moore","When an attack on the Kingsman headquarters takes place and a new villain rises, Eggsy and Merlin are forced to work together with the American agency known as the Statesman to save the world.",Hit,Revenue >= 1.2x budget and decent ratings
438148,Minions: The Rise of Gru,2022-06-29,2022,en,87,"Family, Comedy, Adventure, Animation",85000000,940203765,7.0088,7.285,3850,Kyle Balda,"Steve Carell, Pierre Coffin, Alan Arkin","A fanboy of a supervillain supergroup known as the Vicious 6, Gru hatches a plan to become evil enough to join them, with the backup of his followers, the Minions.",Blockbuster,"Revenue >= 2x budget (940203765 >= 170000000), strong user ratings"
10501,The Road to El Dorado,2000-03-31,2000,en,89,"Family, Adventure, Animation, Comedy, Fantasy",95000000,76400000,8.4536,7.254,3915,Bibo Bergeron,"Kenneth Branagh, Kevin Kline, Rosie Perez","Stowing away after a failed con, a pair of swindlers end up on El Dorado, the fabled ""city of gold"", where they quickly get in over their heads when they are mistaken as gods by the inhabitants.",Moderate,At least broke even or decent ratings
1362429,Senpai Is an Otokonoko Movie: Sunshine After the Rain,2025-02-14,2025,ja,83,"Animation, Comedy, Romance, Drama",0,0,8.4873,7.5,4,Shinsuke Yanagi,"Shuichiro Umeda, Akira Sekine, Yuma Uchida","During spring break, Saki visits her father and has a close encounter with a whale. / Makoto confronts a former classmate. Meanwhile, Saki must make a difficult decision. / Saki is upset after spending the day at her mother's house. Makoto, meanwhile, decides to take a step forward. / After much thought, Saki finally makes a decision.",Average/Positive,Decent user score (no financials)
1012201,HAIKYU!! The Dumpster Battle,2024-02-16,2024,ja,85,"Animation, Comedy",5000000,100255784,8.3605,7.671,207,Susumu Mitsunaka,"Ayumu Murase, Kaito Ishikawa, Yuki Kaji","Shoyo Hinata joins Karasuno High's volleyball club to be like his idol, a former Karasuno player known as the 'Little Giant'. But Hinata soon learns that he must team up with his middle school nemesis, Tobio Kageyama. Their clashing styles form a surprising weapon, but can their newfound teamwork defeat their rival Nekoma High in the highly anticipated 'Dumpster Battle', the long awaited ultimate showdown between two opposing underdog teams?",Moderate,At least broke even or decent ratings
13408,The Wash,2001-11-14,2001,en,96,"Action, Comedy",7000000,10229331,7.8621,5.4,122,DJ Pooh,"Dr. Dre, Snoop Dogg, DJ Pooh","With the rent due and his car booted, Sean has to come up with some ends...and fast. When his best buddy and roommate Dee Loc, suggests that Sean get a job busting suds down at the local car wash.",Moderate,At least broke even or decent ratings
12096,The Pink Panther,2006-02-10,2006,en,93,"Comedy, Mystery, Crime, Adventure, Family",65000000,158851357,8.1887,5.849,2023,Shawn Levy,"Steve Martin, Jean Reno, Kevin Kline","When the coach of the France soccer team is killed by a poisoned dart in the stadium in the end of a game, and his expensive and huge ring with the diamond Pink Panther disappears, the ambitious Chief Inspector Dreyfus assigns the worst police inspector Jacques Clouseau to the case.",Moderate,At least broke even or decent ratings
1048241,My Spy The Eternal City,2024-07-18,2024,en,112,"Action, Comedy, Family",0,0,8.4806,6.596,422,Peter Segal,"Dave Bautista, Chloe Coleman, Kristen Schaal","JJ, a veteran CIA agent, reunites with his protégé Sophie, in order to prevent a catastrophic nuclear plot targeting the Vatican.",Average/Positive,Decent user score (no financials)
62214,Frankenweenie,2012-10-04,2012,en,87,"Animation, Comedy, Family",39000000,81493846,8.959,7.001,3494,Tim Burton,"Catherine O'Hara, Martin Short, Martin Landau","When a car hits young Victor's pet dog Sparky, Victor decides to bring him back to life the only way he knows how. But when the bolt-necked ""monster"" wreaks havoc and terror in the hearts of Victor's neighbors, he has to convince them that Sparky's still the good, loyal friend he was.",Blockbuster,"Revenue >= 2x budget (81493846 >= 78000000), strong user ratings"
62367,Come Home and Meet My Wife,1974-10-29,1974,it,102,"Comedy, Drama",0,0,6.8349,7.3,45,Mario Monicelli,"Ugo Tognazzi, Ornella Muti, Michele Placido","50 year old Giulio and his 17 year old goddaughter, Vincenzina, fall madly in love with each other and soon are wed. Unfortunately for Giulio he walks in on his friend and Vincenzina upon a return from a trip. His jealousy and anger get the best of him and he kicks his wife out of the house. Years pass and Giulio decides to rekindle the love affair with Vincenzina.",Average/Positive,Decent user score (no financials)
1371727,Sing: Thriller,2024-10-15,2024,en,11,"Animation, Family, Comedy, Music",0,0,8.5514,7.2,185,Garth Jennings,"Matthew McConaughey, Tori Kelly, Nick Kroll","Buster Moon dreams up a star-studded spectacle set to Michael Jackson's ""Thriller"" in this animated short featuring characters from the hit ""Sing"" films.",Average/Positive,Decent user score (no financials)
194,Amélie,2001-04-25,2001,fr,122,"Comedy, Romance",10000000,173921954,9.3179,7.913,11977,Jean-Pierre Jeunet,"Audrey Tautou, Mathieu Kassovitz, Rufus","At a tiny Parisian café, the adorable yet painfully shy Amélie accidentally discovers a gift for helping others. Soon Amelie is spending her days as a matchmaker, guardian angel, and all-around do-gooder. But when she bumps into a handsome stranger, will she find the courage to become the star of her very own love story?",Blockbuster,"Revenue >= 2x budget (173921954 >= 20000000), strong user ratings"
7446,Tropic Thunder,2008-08-09,2008,en,107,"Action, Comedy, Adventure, War",92000000,195702811,9.7357,6.698,6611,Ben Stiller,"Ben Stiller, Robert Downey Jr., Jack Black","A group of self-absorbed actors set out to make the most expensive war film ever. After ballooning costs force the studio to cancel the movie, the frustrated director refuses to stop shooting, leading his cast into the jungles of Southeast Asia, where they encounter real bad guys.",Hit,Revenue >= 1.2x budget and decent ratings
1527163,Moda Tharindu,2025-10-10,2025,si,121,"Comedy, Romance, Fantasy",0,0,7.9863,0.0,0,Thisara Imbulana,"Soorya Dayaruwan, Kaushalaya Fernando, Danuka Dilshan","A family loss leads a man on a life-altering journey in which he gains new perspectives on his family, friendships and relationships.",Unknown,Insufficient financial data
747,Shaun of the Dead,2004-04-09,2004,en,99,"Horror, Comedy",6000000,39396175,8.218,7.537,8937,Edgar Wright,"Simon Pegg, Nick Frost, Kate Ashfield","Shaun lives a supremely uneventful life, which revolves around his girlfriend, his mother, and, above all, his local pub. This gentle routine is threatened when the dead return to life and make strenuous attempts to snack on ordinary Londoners.",Blockbuster,"Revenue >= 2x budget (39396175 >= 12000000), strong user ratings"
646380,Don't Look Up,2021-12-08,2021,en,138,"Comedy, Science Fiction",75000000,791863,9.0662,7.07,8848,Adam McKay,"Leonardo DiCaprio, Jennifer Lawrence, Meryl Streep",Two astronomers go on a media tour to warn humankind of a planet-killing comet hurtling toward Earth. The response from a distracted world: Meh.,Moderate,At least broke even or decent ratings
533,Wallace & Gromit: The Curse of the Were-Rabbit,2005-09-15,2005,en,85,"Adventure, Animation, Comedy, Family",30000000,192610372,7.9519,7.1,2950,Steve Box,"Peter Sallis, Ralph Fiennes, Helena Bonham Carter","Cheese-loving eccentric Wallace and his cunning canine pal, Gromit, investigate a mystery in Nick Park's animated adventure, in which the lovable inventor and his intrepid pup run a business ridding the town of garden pests. Using only humane methods that turn their home into a halfway house for evicted vermin, the pair stumble upon a mystery involving a voracious vegetarian monster that threatens to ruin the annual veggie-growing contest.",Blockbuster,"Revenue >= 2x budget (192610372 >= 60000000), strong user ratings"
638974,Murder Mystery 2,2023-03-28,2023,en,91,"Mystery, Comedy, Crime",0,0,8.8691,6.399,1849,Jeremy Garelick,"Adam Sandler, Jennifer Aniston, Mark Strong","After starting their own detective agency, Nick and Audrey Spitz land a career-making case when their billionaire pal is kidnapped from his wedding.",Average/Positive,Decent user score (no financials)
11249,Seed of Chucky,2004-11-12,2004,en,88,"Horror, Comedy",12000000,24829644,8.3104,5.5,1701,Don Mancini,"Brad Dourif, Jennifer Tilly, Billy Boyd","This time around, Chucky and his homicidal honey, Tiffany, are brought back to life by their orphan offspring, Glen. Then the horror goes Hollywood as Chucky unleashes his own brand of murderous mayhem!",Moderate,At least broke even or decent ratings
34544,The A-Team,2010-06-09,2010,en,117,"Action, Comedy, Crime",110000000,177238796,8.8041,6.408,4831,Joe Carnahan,"Liam Neeson, Bradley Cooper, Jessica Biel","A man who loves when a plan comes together, Col. Hannibal Smith leads a close-knit team of elite operatives and Iraq War veterans. Framed for a crime they didn't commit, Smith and his men, Capt. H.M. ‘Howling Mad’ Murdock , Sgt. Bosco ‘B.A.’ Baracus, and Lt. Templeton ‘Faceman’ Peck, break out and go rogue, using their special talents to clear their names and find the perpetrator. Hot on their trail is Capt. Charissa Sosa, who was once involved with a member of Smith's team and has sworn to capture them, no matter what it takes.",Hit,Revenue >= 1.2x budget and decent ratings
80321,Madagascar 3: Europe's Most Wanted,2012-06-06,2012,en,93,"Animation, Family, Comedy, Adventure",145000000,746921274,8.6684,6.62,6370,Eric Darnell,"Ben Stiller, Chris Rock, David Schwimmer","Animal pals Alex, Marty, Melman, and Gloria are still trying to make it back to New York's Central Park Zoo. They are forced to take a detour to Europe to find the penguins and chimps who broke the bank at a Monte Carlo casino. When French animal-control officer Capitaine Chantel DuBois picks up their scent, Alex and company are forced to hide out in a traveling circus.",Hit,Revenue >= 1.2x budget and decent ratings
4638,Hot Fuzz,2007-02-14,2007,en,121,"Crime, Action, Comedy",12000000,80600000,8.6362,7.563,7963,Edgar Wright,"Simon Pegg, Nick Frost, Jim Broadbent","Former London constable Nicholas Angel finds it difficult to adapt to his new assignment in the sleepy British village of Sandford. Not only does he miss the excitement of the big city, but he also has a well-meaning oaf for a partner. However, when a series of grisly accidents rocks Sandford, Angel smells something rotten in the idyllic village.",Blockbuster,"Revenue >= 2x budget (80600000 >= 24000000), strong user ratings"
5994,The Family Man,2000-12-12,2000,en,125,"Comedy, Drama, Romance, Fantasy",60000000,124700000,8.4259,6.805,2075,Brett Ratner,"Nicolas Cage, Téa Leoni, Don Cheadle","Jack's lavish, fast-paced lifestyle changes one Christmas night when he stumbles into a grocery store holdup and disarms the gunman. The next morning he wakes up in bed lying next to Kate, his college sweetheart he left in order to pursue his career, and to the horrifying discovery that his former life no longer exists. As he stumbles through this alternate suburban universe, Jack finds himself at a crossroad where he must choose between his high-power career and the woman he loves.",Hit,Revenue >= 1.2x budget and decent ratings
884605,No Hard Feelings,2023-06-15,2023,en,104,"Comedy, Romance",45000000,83000000,8.447,6.707,3538,Gene Stupnitsky,"Jennifer Lawrence, Andrew Barth Feldman, Laura Benanti","On the brink of losing her childhood home, Maddie discovers an intriguing job listing: wealthy helicopter parents looking for someone to “date” their introverted 19-year-old son, Percy, before he leaves for college. To her surprise, Maddie soon discovers the awkward Percy is no sure thing.",Hit,Revenue >= 1.2x budget and decent ratings
11635,Old School,2003-02-21,2003,en,92,Comedy,24000000,87100000,8.9115,6.606,1982,Todd Phillips,"Luke Wilson, Will Ferrell, Vince Vaughn",Three friends attempt to recapture their glory days by opening up a fraternity near their alma mater.,Hit,Revenue >= 1.2x budget and decent ratings
14411,Sinbad: Legend of the Seven Seas,2003-07-02,2003,en,90,"Family, Animation, Adventure, Comedy, Fantasy, Action",60000000,80767884,8.7499,6.995,2126,Tim Johnson,"Brad Pitt, Catherine Zeta-Jones, Michelle Pfeiffer","The sailor of legend is framed by the goddess Eris for the theft of the Book of Peace, and must travel to her realm at the end of the world to retrieve it and save the life of his childhood friend Prince Proteus.",Hit,Revenue >= 1.2x budget and decent ratings
43074,Ghostbusters,2016-07-14,2016,en,117,"Action, Fantasy, Comedy",144000000,229147509,8.2068,5.348,6622,Paul Feig,"Kristen Wiig, Melissa McCarthy, Kate McKinnon","Following a ghost invasion of Manhattan, paranormal enthusiasts Erin Gilbert and Abby Yates, nuclear engineer Jillian Holtzmann, and subway worker Patty Tolan band together to stop the otherworldly threat.",Moderate,At least broke even or decent ratings
10607,Don't Be a Menace to South Central While Drinking Your Juice in the Hood,1996-01-12,1996,en,89,"Comedy, Crime",3800000,20100000,8.0633,7.031,1408,Paris Barclay,"Shawn Wayans, Marlon Wayans, Tracey Cherelle Jones","When Ashtray moves to South Central L.A. to live with his father (who appears to be the same age he is) and grandmother (who likes to talk tough and smoke reefer), he falls in with his gang-banging cousin Loc Dog, who along with the requisite pistols and Uzi carries a thermo-nuclear warhead for self-defense. Will Ashtray be able to keep living the straight life?",Hit,Revenue >= 1.2x budget and decent ratings
704630,Asylum: Twisted Horror and Fantasy Tales,2020-07-02,2020,en,105,"Comedy, Horror, Science Fiction",0,0,7.4624,5.896,48,Caye Casas,"Raymond E. Lee, Ariadna Asturzzi, Sam Jaeger","Brandon prepares to give his last stand-up comedy show. As his stories and jokes pass, the public begins to cheer up. But at that precise moment Brandon will realize that these stories have a strong relationship with his past. More than he imagines.",Unknown,Insufficient financial data
9982,Chicken Little,2005-11-04,2005,en,81,"Animation, Family, Comedy",150000000,314400000,8.0095,5.9,4040,Mark Dindal,"Zach Braff, Garry Marshall, Don Knotts","When the sky really is falling and sanity has flown the coop, who will rise to save the day? Together with his hysterical band of misfit friends, Chicken Little must hatch a plan to save the planet from alien invasion and prove that the world's biggest hero is a little chicken.",Moderate,At least broke even or decent ratings
12536,Home Alone 4,2002-11-03,2002,en,84,"Comedy, Family, TV Movie",0,0,8.0154,4.508,1318,Rod Daniel,"Mike Weinberg, Jason Beghe, Clare Carey","Kevin McCallister's parents have split up. Now living with his mom, he decides to spend Christmas with his dad at the mansion of his father's rich girlfriend, Natalie. Meanwhile robber Marv Merchants, one of the villains from the first two movies, partners up with a new criminal named Vera to hit Natalie's mansion.",Unknown,Insufficient financial data
10634,Friday,1995-04-26,1995,en,91,"Comedy, Drama",3500000,28215918,8.7001,7.128,1922,F. Gary Gray,"Ice Cube, Chris Tucker, Nia Long","Craig and Smokey are two guys in Los Angeles hanging out on their porch on a Friday afternoon, smoking and drinking, looking for something to do.",Hit,Revenue >= 1.2x budget and decent ratings
826510,Harold and the Purple Crayon,2024-07-31,2024,en,90,"Family, Comedy, Adventure, Fantasy",40000000,32227855,7.7105,6.696,319,Carlos Saldanha,"Zachary Levi, Lil Rel Howery, Zooey Deschanel","Inside of his book, adventurous Harold can make anything come to life simply by drawing it. After he grows up and draws himself off the book's pages and into the physical world, Harold finds he has a lot to learn about real life.",Moderate,At least broke even or decent ratings
9072,Little Man,2006-08-31,2006,en,98,"Comedy, Crime",64000000,101600000,8.3072,5.92,1820,Keenen Ivory Wayans,"Marlon Wayans, Shawn Wayans, Kerry Washington","After leaving the prison, the dwarf criminal Calvin Sims joins to his moron brother Percy to steal an expensive huge diamond in a jewelry for the mobster Walken. They are chased by the police, and Calvin hides the stone in the purse of the executive Vanessa Edwards, whose husband Darryl Edwards wants to have a baby. Percy convinces Calvin to dress like a baby and be left in front of the Edwards's house to get inside the house and retrieve the diamond. Darryl and Vanessa keep Calvin for the weekend and decide to adopt him, while Walken threatens Darryl to get the stone back.",Moderate,At least broke even or decent ratings
765,Evil Dead II,1987-03-13,1987,en,84,"Horror, Comedy, Fantasy",3500000,10900000,7.5716,7.549,3323,Sam Raimi,"Bruce Campbell, Sarah Berry, Dan Hicks","Ash Williams and his girlfriend Linda find a log cabin in the woods with a voice recording from an archeologist who had recorded himself reciting ancient chants from ""The Book of the Dead."" As they play the recording an evil power is unleashed taking over Linda's body.",Blockbuster,"Revenue >= 2x budget (10900000 >= 7000000), strong user ratings"
10112,The Aristocats,1970-12-24,1970,en,78,"Animation, Comedy, Family, Adventure",4000000,191000000,7.563,7.3,5239,Wolfgang Reitherman,"Phil Harris, Eva Gabor, Sterling Holloway","When Madame Adelaide Bonfamille leaves her fortune to Duchess and her children—Bonfamille’s beloved family of cats—the butler plots to steal the money and kidnaps the legatees, leaving them out on a country road. All seems lost until the wily Thomas O’Malley Cat and his jazz-playing alley cats come to the aristocats’ rescue.",Blockbuster,"Revenue >= 2x budget (191000000 >= 8000000), strong user ratings"
1321108,Dude,2025-10-17,2025,ta,140,"Action, Comedy, Drama, Romance",0,0,6.5843,7.0,3,Keerthiswaran,"Pradeep Ranganathan, Mamitha Baiju, R. Sarathkumar","Childhood friends Agan and Kural are inseparable. When Kural encounters romantic troubles, Agan must balance his hidden feelings for her with his desire to ensure her happiness.",Average/Positive,Decent user score (no financials)
9757,Norbit,2007-02-08,2007,en,102,Comedy,10000000,159814490,8.3821,5.68,2500,Brian Robbins,"Eddie Murphy, Thandiwe Newton, Terry Crews","A mild-mannered guy who is engaged to a monstrous woman meets the woman of his dreams, and schemes to find a way to be with her.",Moderate,At least broke even or decent ratings
2322,Sneakers,1992-09-09,1992,en,126,"Comedy, Crime, Drama",23000000,105232691,8.1232,6.9,988,Phil Alden Robinson,"Robert Redford, Sidney Poitier, David Strathairn","When shadowy U.S. intelligence agents blackmail a reformed computer hacker and his eccentric team of security experts into stealing a code-breaking 'black box' from a Soviet-funded genius, they uncover a bigger conspiracy. Now, he and his 'sneakers' must save themselves and the world economy by retrieving the box from their blackmailers.",Hit,Revenue >= 1.2x budget and decent ratings
9919,How to Lose a Guy in 10 Days,2003-02-07,2003,en,116,"Comedy, Romance",50000000,177500000,9.0562,6.852,4263,Donald Petrie,"Kate Hudson, Matthew McConaughey, Kathryn Hahn","It's the battle of wills, as Andie needs to prove she can dump a guy in 10 days, whereas Ben needs to prove he can win a girl in 10 days. Now, the clock is ticking—and the wildly entertaining comedy smash is off and running in this irresistible tale of sex, lies and outrageous romantic fireworks!",Hit,Revenue >= 1.2x budget and decent ratings
877817,Wolfs,2024-09-20,2024,en,108,"Crime, Comedy, Action",80000000,0,8.2064,6.544,1253,Jon Watts,"George Clooney, Brad Pitt, Austin Abrams","Hired to cover up a high-profile crime, a fixer soon finds his night spiralling out of control when he's forced to work with an unexpected counterpart.",Average/Positive,Decent user score (no financials)
339846,Baywatch,2017-05-25,2017,en,116,"Comedy, Action, Crime",69000000,177900000,9.336,6.092,8309,Seth Gordon,"Dwayne Johnson, Zac Efron, Priyanka Chopra Jonas","Devoted lifeguard Mitch Buchannon butts heads with a brash new recruit. Together, they uncover a local criminal plot that threatens the future of the Bay.",Hit,Revenue >= 1.2x budget and decent ratings
11430,The Lion King 1½,2004-10-28,2004,en,77,"Family, Animation, Comedy, Adventure",0,1465,8.8466,6.582,3072,Bradley Raymond,"Nathan Lane, Ernie Sabella, Julie Kavner",Timon the meerkat and Pumbaa the warthog are best pals and the unsung heroes of the African savanna. This prequel to the smash Disney animated adventure takes you back -- way back -- before Simba's adventure began. You'll find out all about Timon and Pumbaa and tag along as they search for the perfect home and attempt to raise a rambunctious lion cub.,Average/Positive,Decent user score (no financials)
779782,The School for Good and Evil,2022-10-19,2022,en,149,"Fantasy, Comedy, Adventure, Drama",0,0,7.8995,7.051,1322,Paul Feig,"Sofia Wylie, Sophia Anne Caruso, Kerry Washington",Best friends Sophie and Agatha navigate an enchanted school for young heroes and villains — and find themselves on opposing sides of the battle between good and evil.,Critically Good,High user score & significant votes (no financials)
1139979,The Wonderful World of Mickey Mouse: Steamboat Silly,2023-07-28,2023,en,9,"Animation, Comedy",0,0,7.3703,6.903,36,Eddie Trigueros,"Chris Diamantopoulos, Tony Anselmo, Jim Cummings",Mickey and gang must stop hundreds of old film reel versions of Mickey from wreaking havoc all over town.,Average/Positive,Decent user score (no financials)
258509,Alvin and the Chipmunks: The Road Chip,2015-12-17,2015,en,92,"Family, Comedy, Music, Adventure, Animation",90000000,233755553,6.5273,6.015,1715,Walt Becker,"Jason Lee, Justin Long, Matthew Gray Gubler","Through a series of misunderstandings, Alvin, Simon and Theodore come to believe that Dave is going to propose to his new girlfriend in New York City - and dump them. They have three days to get to him and stop the proposal.",Hit,Revenue >= 1.2x budget and decent ratings
594767,Shazam! Fury of the Gods,2023-03-15,2023,en,130,"Comedy, Action, Fantasy",110000000,134221819,8.3534,6.451,3456,David F. Sandberg,"Zachary Levi, Asher Angel, Jack Dylan Grazer","Billy Batson and his foster siblings, who transform into superheroes by saying ""Shazam!"", are forced to get back into action and fight the Daughters of Atlas, who they must stop from using a weapon that could destroy the world.",Hit,Revenue >= 1.2x budget and decent ratings
752623,The Lost City,2022-03-23,2022,en,112,"Action, Adventure, Comedy",74000000,192907684,8.4831,6.472,3811,Aaron Nee,"Sandra Bullock, Channing Tatum, Daniel Radcliffe","Reclusive author Loretta Sage writes about exotic places in her popular adventure novels that feature a handsome cover model named Alan. While on tour promoting her new book with Alan, Loretta gets kidnapped by an eccentric billionaire who hopes she can lead him to the ancient city's lost treasure that featured in her latest story. Alan, determined to prove he can be a hero in real life and not just on the pages of her books, sets off to rescue her.",Hit,Revenue >= 1.2x budget and decent ratings
194662,Birdman or (The Unexpected Virtue of Ignorance),2014-10-17,2014,en,120,"Drama, Comedy",18000000,103215094,8.9081,7.451,13213,Alejandro González Iñárritu,"Michael Keaton, Emma Stone, Zach Galifianakis","A fading actor best known for his portrayal of a popular superhero attempts to mount a comeback by appearing in a Broadway play. As opening night approaches, his attempts to become more altruistic, rebuild his career, and reconnect with friends and family prove more difficult than expected.",Blockbuster,"Revenue >= 2x budget (103215094 >= 36000000), strong user ratings"
897087,Freelance,2023-10-05,2023,en,108,"Action, Comedy",40000000,9112817,8.1736,6.41,1085,Pierre Morel,"John Cena, Alison Brie, Juan Pablo Raba","An ex-special forces operative takes a job to provide security for a journalist as she interviews a dictator, but a military coup breaks out in the middle of the interview, they are forced to escape into the jungle where they must survive.",Moderate,At least broke even or decent ratings
9408,Surf's Up,2007-06-08,2007,en,85,"Animation, Comedy, Family",85000000,149000000,8.4545,6.5,2632,Ash Brannon,"Shia LaBeouf, Jeff Bridges, Zooey Deschanel","A young surfer enters his first contest, hoping a win will earn him respect. But an encounter with a laid-back local forces him to rethink his values.",Hit,Revenue >= 1.2x budget and decent ratings
13053,Bolt,2008-11-21,2008,en,98,"Animation, Family, Adventure, Comedy",150000000,309979994,8.5964,6.5,6312,Chris Williams,"John Travolta, Miley Cyrus, Susie Essman","Bolt is the star of the biggest show in Hollywood. The only problem is, he thinks it's real. After he's accidentally shipped to New York City and separated from Penny, his beloved co-star and owner, Bolt must harness all his ""super powers"" to find a way home.",Hit,Revenue >= 1.2x budget and decent ratings
74465,We Bought a Zoo,2011-12-08,2011,en,124,"Drama, Comedy, Family",50000000,120081841,8.2662,6.815,2832,Cameron Crowe,"Matt Damon, Scarlett Johansson, Thomas Haden Church","Benjamin has lost his wife and, in a bid to start his life over, purchases a large house that has a zoo – welcome news for his daughter, but his son is not happy about it. The zoo is in need of renovation and Benjamin sets about the work with the head keeper and the rest of the staff, but, the zoo soon runs into financial trouble.",Hit,Revenue >= 1.2x budget and decent ratings
136799,Trolls,2016-10-13,2016,en,92,"Family, Animation, Fantasy, Adventure, Comedy, Music",125000000,347337803,8.2816,6.632,3717,Mike Mitchell,"Anna Kendrick, Justin Timberlake, Zooey Deschanel","After the monstrous Bergens invade Troll Village, Princess Poppy, the happiest Troll ever born, and overly-cautious, curmudgeonly outcast Branch set off on a journey to rescue her friends. Their mission is full of adventure and mishaps, as this mismatched duo try to tolerate each other long enough to get the job done.",Hit,Revenue >= 1.2x budget and decent ratings
39514,RED,2010-10-13,2010,en,111,"Action, Adventure, Comedy, Crime, Thriller",58000000,199006387,7.9848,6.701,6928,Robert Schwentke,"Bruce Willis, John Malkovich, Morgan Freeman","After surviving an assault from a squad of hit men, retired CIA black ops agent Frank Moses reassembles his old team for an all-out war. Frank reunites with old Joe, crazy Marvin and wily Victoria to uncover a massive conspiracy that threatens their lives. Only their expert training will allow them to survive a near-impossible mission -- breaking into CIA headquarters.",Hit,Revenue >= 1.2x budget and decent ratings
188222,Entourage,2015-06-03,2015,en,104,"Comedy, Drama",30000000,49263404,7.6896,6.257,1065,Doug Ellin,"Kevin Connolly, Adrian Grenier, Kevin Dillon","Movie star Vincent Chase, together with his boys, Eric, Turtle and Johnny, are back…and back in business with super agent-turned-studio head Ari Gold. Some of their ambitions have changed, but the bond between them remains strong as they navigate the capricious and often cutthroat world of Hollywood.",Hit,Revenue >= 1.2x budget and decent ratings
61930,Bagnomaria,1999-02-12,1999,it,86,Comedy,0,0,6.9815,5.823,110,Giorgio Panariello,"Giorgio Panariello, Ugo Pagliai, Manuela Arcuri","In Pietrasanta all are excited for the annual party of summer end. Here we find four characters: Merigo, a naive guy passionate of bike; Pierre, son of the mayor; Simone, a pestiferous kid; Mario, lifeguard of ""Bagnomaria"".",Unknown,Insufficient financial data
10202,Bedtime Stories,2008-12-24,2008,en,99,"Fantasy, Comedy, Family, Romance",80000000,212874864,7.7539,6.2,2898,Adam Shankman,"Adam Sandler, Keri Russell, Guy Pearce",Skeeter Bronson is a down-on-his-luck guy who's always telling bedtime stories to his niece and nephew. But his life is turned upside down when the fantastical stories he makes up for entertainment inexplicably turn into reality. Can a bewildered Skeeter manage his own unruly fantasies now that the outrageous characters and situations from his mind have morphed into actual people and events?,Hit,Revenue >= 1.2x budget and decent ratings
11104,Chungking Express,1994-07-14,1994,cn,103,"Drama, Comedy, Romance",160000,0,8.1355,7.974,2026,Wong Kar-Wai,"Brigitte Lin, Takeshi Kaneshiro, Tony Leung Chiu-wai","Two melancholic Hong Kong policemen fall in love: one with a mysterious underworld figure, the other with a beautiful and ethereal server at a late-night restaurant.",Critically Good,High user score & significant votes (no financials)
11247,A Cinderella Story,2004-07-16,2004,en,95,"Comedy, Family, Romance",19000000,70067909,8.2453,6.581,3300,Mark Rosman,"Hilary Duff, Chad Michael Murray, Jennifer Coolidge","Routinely exploited by her wicked stepmother, the downtrodden Samantha Montgomery is excited about the prospect of meeting her Internet beau at the school's Halloween dance.",Hit,Revenue >= 1.2x budget and decent ratings
11619,Flushed Away,2006-10-22,2006,en,84,"Adventure, Animation, Comedy, Family",149000000,178120010,8.1819,6.3,3967,David Bowers,"Hugh Jackman, Kate Winslet, Ian McKellen","London high-society mouse, Roddy is flushed down the toilet by Sid, a common sewer rat. Hang on for a madcap adventure deep in the sewer bowels of Ratropolis, where Roddy meets the resourceful Rita, the rodent-hating Toad and his faithful thugs, Spike and Whitey.",Moderate,At least broke even or decent ratings
188161,A Million Ways to Die in the West,2014-05-22,2014,en,116,"Comedy, Western",40000000,86400000,8.0963,6.054,4249,Seth MacFarlane,"Seth MacFarlane, Charlize Theron, Amanda Seyfried","As a cowardly farmer begins to fall for the mysterious new woman in town, he must put his new-found courage to the test when her husband, a notorious gun-slinger, announces his arrival.",Hit,Revenue >= 1.2x budget and decent ratings
10588,The Cat in the Hat,2003-11-21,2003,en,81,"Family, Comedy, Adventure, Fantasy",109000000,133800000,8.0346,5.299,1732,Bo Welch,"Mike Myers, Dakota Fanning, Spencer Breslin","During a rainy day, and while their mother is out, Conrad and Sally, and their pet fish, are visited by the mischievous Cat in the Hat. Fun soon turns to mayhem, and the siblings must figure out how to rid themselves of the maniacal Cat.",Moderate,At least broke even or decent ratings
78080,Beethoven's Christmas Adventure,2011-11-07,2011,en,90,"Family, Comedy, Fantasy",0,0,7.9387,5.9,154,John Putch,"John Cleese, Munro Chambers, Kim Rhodes","A Christmas elf accidentally takes off in Santa's sleigh, crash lands in a small town, and loses the magic toy bag. Beethoven must rescue the elf, recover the bag from greedy crooks, and return the sleigh to Santa in time to save Christmas.",Unknown,Insufficient financial data
943,Lethal Weapon 3,1992-05-15,1992,en,118,"Action, Comedy, Thriller, Crime",35000000,321731527,8.3703,6.703,3071,Richard Donner,"Mel Gibson, Danny Glover, Joe Pesci",Riggs and Murtaugh pursue a former officer who uses his knowledge of police procedure and policies to steal and sell confiscated guns and ammunition to local street gangs.,Hit,Revenue >= 1.2x budget and decent ratings
1016121,Beautiful Disaster,2023-04-04,2023,en,96,"Romance, Drama, Comedy",25000000,6850036,8.5921,6.65,858,Roger Kumble,"Dylan Sprouse, Virginia Gardner, Austin North",College freshman Abby tries to distance herself from her dark past while resisting her attraction to bad boy Travis.,Moderate,At least broke even or decent ratings
11199,Wild Hogs,2007-03-02,2007,en,100,"Action, Adventure, Comedy",60000000,253625427,7.7761,5.973,2366,Walt Becker,"Tim Allen, John Travolta, Martin Lawrence","Restless and ready for an adventure, four suburban bikers leave the safety of their subdivision and head out on the open road. But complications ensue when they cross paths with an intimidating band of New Mexico bikers known as the Del Fuegos.",Moderate,At least broke even or decent ratings
9593,Last Action Hero,1993-06-18,1993,en,131,"Adventure, Fantasy, Action, Comedy, Family",85000000,137300000,7.7252,6.474,2850,John McTiernan,"Arnold Schwarzenegger, Austin O'Brien, Bridgette Wilson-Sampras","After his father's death, a young boy finds solace in action movies featuring an indestructible cop. Given a magic ticket by a theater manager, he is transported into the film and teams up with the cop to stop a villain who escapes into the real world.",Hit,Revenue >= 1.2x budget and decent ratings
353486,Jumanji: Welcome to the Jungle,2017-12-09,2017,en,119,"Adventure, Comedy, Fantasy, Action, Family",90000000,995339117,8.2701,6.819,14093,Jake Kasdan,"Dwayne Johnson, Kevin Hart, Jack Black","Four teenagers in detention discover an old video game console with a game they’ve never heard of. When they decide to play, they are immediately sucked into the jungle world of Jumanji in the bodies of their avatars. They’ll have to complete the adventure of their lives filled with fun, thrills and danger or be stuck in the game forever!",Hit,Revenue >= 1.2x budget and decent ratings
1239655,Friendship,2025-05-09,2025,en,100,Comedy,2000000,15992568,8.0,6.5,169,Andrew DeYoung,"Tim Robinson, Kate Mara, Jack Dylan Grazer","Suburban dad Craig falls hard for his charismatic new neighbor Austin, and his attempts to make an adult male friend threatens to ruin both of their lives.",Moderate,At least broke even or decent ratings
438424,A Bad Idea Gone Wrong,2017-11-30,2017,en,85,Comedy,0,0,7.4277,6.325,63,Jason Headley,"Matt Jones, Eleanore Pienta, Will Rogers",Two would-be thieves forge a surprising relationship with an unexpected housesitter when they accidentally trap themselves in a house they just broke into.,Average/Positive,Decent user score (no financials)
621,Grease,1978-06-16,1978,en,110,"Romance, Comedy",6000000,396271103,9.269,7.374,7486,Randal Kleiser,"Olivia Newton-John, John Travolta, Stockard Channing","Australian good girl Sandy and greaser Danny fell in love over the summer. But when they unexpectedly discover they're now in the same high school, will they be able to rekindle their romance despite their eccentric friends?",Blockbuster,"Revenue >= 2x budget (396271103 >= 12000000), strong user ratings"
302699,Central Intelligence,2016-06-15,2016,en,107,"Action, Comedy",50000000,216972543,8.0125,6.416,6159,Rawson Marshall Thurber,"Dwayne Johnson, Kevin Hart, Amy Ryan","Calvin Joyner, a mild-mannered accountant whose high school glory days are long behind him, reconnects with an awkward pal from high school through Facebook. After meeting up, Calvin’s mundane life takes an unexpectedly thrilling turn when he's thrust into the world of international espionage.",Hit,Revenue >= 1.2x budget and decent ratings
1033148,Die My Love,2025-10-06,2025,en,119,"Drama, Thriller, Comedy",0,0,7.6802,6.3,3,Lynne Ramsay,"Jennifer Lawrence, Robert Pattinson, LaKeith Stanfield","Grace, a writer and young mother, is slowly slipping into madness. Locked away in an old house in and around Montana, we see her acting increasingly agitated and erratic, leaving her companion, Jackson, increasingly worried and helpless.",Average/Positive,Decent user score (no financials)
1022690,Ricky Stanicky,2024-03-07,2024,en,113,Comedy,0,0,8.1968,6.521,715,Peter Farrelly,"Zac Efron, John Cena, Andrew Santino","When three childhood best friends pull a prank gone wrong, they invent the imaginary Ricky Stanicky to get them out of trouble. Twenty years later, the trio still uses the nonexistent Ricky as a handy alibi for their immature behavior. But when their spouses and partners get suspicious and demand to finally meet the fabled Mr. Stanicky, the guilty trio decide to hire a washed-up actor and raunchy celebrity impersonator to bring him to life.",Average/Positive,Decent user score (no financials)
278154,Ice Age: Collision Course,2016-06-23,2016,en,95,"Adventure, Animation, Family, Comedy, Science Fiction",105000000,408579038,8.0359,6.114,4751,Mike Thurmeier,"Ray Romano, John Leguizamo, Denis Leary","Set after the events of Continental Drift, Scrat's epic pursuit of his elusive acorn catapults him outside of Earth, where he accidentally sets off a series of cosmic events that transform and threaten the planet. To save themselves from peril, Manny, Sid, Diego, and the rest of the herd leave their home and embark on a quest full of thrills and spills, highs and lows, laughter and adventure while traveling to exotic new lands and locations.",Hit,Revenue >= 1.2x budget and decent ratings
675445,PAW Patrol: The Movie,2021-08-09,2021,en,86,"Family, Comedy, Adventure, Animation",26000000,144327371,7.7501,7.357,1243,Cal Brunker,"Tyler Perry, Ron Pardo, Will Brisbin",Ryder and the pups are called to Adventure City to stop Mayor Humdinger from turning the bustling metropolis into a state of chaos.,Hit,Revenue >= 1.2x budget and decent ratings
608,Men in Black II,2002-07-03,2002,en,88,"Action, Comedy, Science Fiction",140000000,445135288,8.9784,6.381,10301,Barry Sonnenfeld,"Tommy Lee Jones, Will Smith, Rip Torn","Kay and Jay reunite to provide our best, last and only line of defense against a sinister seductress who levels the toughest challenge yet to the MIB's untarnished mission statement – protecting Earth from the scum of the universe. It's been four years since the alien-seeking agents averted an intergalactic disaster of epic proportions. Now it's a race against the clock as Jay must convince Kay – who not only has absolutely no memory of his time spent with the MIB, but is also the only living person left with the expertise to save the galaxy – to reunite with the MIB before the earth submits to ultimate destruction.",Hit,Revenue >= 1.2x budget and decent ratings
5175,Rush Hour 2,2001-08-03,2001,en,90,"Action, Comedy, Crime",90000000,347325802,8.2172,6.749,4375,Brett Ratner,"Jackie Chan, Chris Tucker, John Lone","It's vacation time for Carter as he finds himself alongside Lee in Hong Kong wishing for more excitement. While Carter wants to party and meet the ladies, Lee is out to track down a Triad gang lord who may be responsible for killing two men at the American Embassy. Things get complicated as the pair stumble onto a counterfeiting plot. The boys are soon up to their necks in fist fights and life-threatening situations. A trip back to the U.S. may provide the answers about the bombing, the counterfeiting, and the true allegiance of sexy customs agent Isabella.",Hit,Revenue >= 1.2x budget and decent ratings
12657,Soul Plane,2004-05-28,2004,en,86,Comedy,16000000,14800000,8.067,5.415,467,Jessy Terrero,"Kevin Hart, Tom Arnold, Method Man","Following a ridiculously awful flight that leads to his pet's death, Nashawn Wade files a lawsuit against the airline, and wins a multimillion-dollar settlement. Determined to create a better flying experience, Nashawn starts his own airline, one that caters to an African-American clientele. Going into business with a tricked-out plane piloted by the smooth Capt. Mack, the airline hits a snag when it has to deal with the family of Elvis Hunkee.",Flop,Revenue < budget and low ratings
41513,The Smurfs,2011-07-29,2011,en,102,"Animation, Family, Adventure, Comedy, Fantasy",110000000,563749323,8.1089,5.762,3902,Raja Gosnell,"Hank Azaria, Neil Patrick Harris, Jayma Mays","When the evil wizard Gargamel chases the tiny blue Smurfs out of their village, they tumble from their magical world and into ours -- in fact, smack dab in the middle of Central Park. Just three apples high and stuck in the Big Apple, the Smurfs must find a way to get back to their village before Gargamel tracks them down.",Moderate,At least broke even or decent ratings
2616,Uncle Buck,1989-08-16,1989,en,100,"Comedy, Drama, Family",15000000,79300000,8.1317,6.8,1269,John Hughes,"John Candy, Jean Louisa Kelly, Gaby Hoffmann","Buck Russell, a lovable but slovenly bachelor, suddenly becomes the temporary caretaker of his nephew and nieces after a family emergency. His freewheeling attitude soon causes tension with his older niece Tia, loyal girlfriend Chanice and just about everyone else who crosses his path.",Hit,Revenue >= 1.2x budget and decent ratings
1363899,True Beauty: The Movie - Part 1,2025-03-20,2025,ja,102,"Romance, Comedy, Drama",0,0,8.5692,7.0,1,Hoshino Kazunari,"Kōki, Keisuke Watanabe, Keito Tsuna","Reina, who feels insecure about her looks, masters the art of makeup and transforms into a ""goddess"". Her makeover sparks a sweet, heart-throbbing love triangle with the enigmatic Shun and warm Yu, where secrets and tender emotions could change everything.",Average/Positive,Decent user score (no financials)
1621,Trading Places,1983-06-07,1983,en,116,Comedy,15000000,90404800,8.1176,7.231,3462,John Landis,"Dan Aykroyd, Eddie Murphy, Ralph Bellamy",A snobbish investor and a wily street con-artist find their positions reversed as part of a bet by two callous millionaires.,Blockbuster,"Revenue >= 2x budget (90404800 >= 30000000), strong user ratings"
36593,Naked Gun 33⅓: The Final Insult,1994-03-18,1994,en,82,"Comedy, Crime",30000000,132032598,7.5977,6.489,2338,Peter Segal,"Leslie Nielsen, Priscilla Presley, George Kennedy","Frank Drebin is persuaded out of retirement to go undercover in a state prison. There he has to find out what top terrorist, Rocco, has planned for when he escapes. Adding to his problems, Frank's wife, Jane, is desperate for a baby.",Hit,Revenue >= 1.2x budget and decent ratings
1100998,SuperKlaus,2024-11-01,2024,en,88,"Animation, Comedy, Family, Adventure",0,0,7.57,6.0,5,Steve Majaury,"Harland Williams, Colm Feore, Millie Davis","Santa Claus's wish comes true when he accidentally bumps his head and starts believing he's SuperKlaus. With the help of Billie and Leo his elf-xecutive assistant, SuperKlaus will take on a toy-obsessed businessman to save Christmas.",Average/Positive,Decent user score (no financials)
550205,Wish Dragon,2021-01-15,2021,en,99,"Animation, Family, Comedy, Fantasy",0,25860000,8.43,7.877,1412,Chris Appelhans,"Jimmy Wong, John Cho, Constance Wu",Determined teen Din is longing to reconnect with his childhood best friend when he meets a wish-granting dragon who shows him the magic of possibilities.,Critically Good,High user score & significant votes (no financials)
59108,Tower Heist,2011-11-02,2011,en,104,"Action, Comedy",75000000,152930623,8.7646,6.11,3067,Brett Ratner,"Ben Stiller, Eddie Murphy, Casey Affleck","A luxury condo manager leads a staff of workers to seek payback on the Wall Street swindler who defrauded them. With only days until the billionaire gets away with the perfect crime, the unlikely crew of amateur thieves enlists the help of petty crook Slide to steal the $20 million they’re sure is hidden in the penthouse.",Hit,Revenue >= 1.2x budget and decent ratings
8277,American Pie Presents: Beta House,2007-12-19,2007,en,89,Comedy,10000000,18610260,7.6727,5.653,1946,Andrew Waller,"John White, Jake Siegel, Steve Talley","Erik, Ryan, and Cooze start college and pledge the Beta House fraternity, presided over by none other than legendary Dwight Stifler. But chaos ensues when a fraternity of geeks threatens to stop the debauchery and the Betas have to make a stand for their right to party.",Moderate,At least broke even or decent ratings
1509871,She Said Maybe,2025-09-18,2025,de,108,"Comedy, Romance, Drama",0,0,6.4159,6.0,37,The Chau Ngo,"Beritan Balcı, Sinan Güleç, Serkan Çayoğlu","When German-raised Mavi learns she belongs to a superrich Turkish dynasty, new family expectations quickly turn her world and love life upside down.",Average/Positive,Decent user score (no financials)
109414,This Is the End,2013-06-12,2013,en,106,"Action, Comedy",32000000,126041322,8.6746,6.233,6593,Seth Rogen,"James Franco, Jonah Hill, Seth Rogen","While attending a party at James Franco's house, Seth Rogen, Jay Baruchel and many other celebrities are faced with the apocalypse.",Hit,Revenue >= 1.2x budget and decent ratings
10610,The Medallion,2003-08-15,2003,en,88,"Thriller, Fantasy, Action, Comedy",38000000,34300000,7.4721,5.61,1142,Gordon Chan,"Jackie Chan, Lee Evans, Claire Forlani",A Hong Kong detective suffers a fatal accident involving a mysterious medallion and is transformed into an immortal warrior with superhuman powers.,Flop,Revenue < budget and low ratings
2493,The Princess Bride,1987-09-25,1987,en,99,"Adventure, Family, Fantasy, Comedy, Romance",16000000,30900000,8.6465,7.686,4849,Rob Reiner,"Cary Elwes, Robin Wright, Mandy Patinkin","In this enchantingly cracked fairy tale, the beautiful Princess Buttercup and the dashing Westley must overcome staggering odds to find happiness amid six-fingered swordsmen, murderous princes, Sicilians and rodents of unusual size. But even death can't stop these true lovebirds from triumphing.",Hit,Revenue >= 1.2x budget and decent ratings
11001,Blue Streak,1999-09-17,1999,en,93,"Action, Comedy, Crime",65000000,117758500,8.098,6.487,1555,Les Mayfield,"Martin Lawrence, Luke Wilson, Dave Chappelle","Miles Logan is a jewel thief who just hit the big time by stealing a huge diamond. However, after two years in jail, he comes to find out that he hid the diamond in a police building that was being built at the time of the robbery. In an attempt to regain his diamond, he poses as an LAPD detective.",Hit,Revenue >= 1.2x budget and decent ratings
9374,Death Becomes Her,1992-07-30,1992,en,104,"Comedy, Fantasy, Horror",55000000,149000000,7.9694,6.783,2829,Robert Zemeckis,"Meryl Streep, Goldie Hawn, Bruce Willis","Madeline is married to Ernest, who was once her arch-rival Helen's fiancé. After recovering from a mental breakdown, Helen vows to kill Madeline and steal back Ernest. Unfortunately for everyone, the introduction of a magic potion causes things to be a great deal more complicated than a mere murder plot.",Hit,Revenue >= 1.2x budget and decent ratings
1481390,Curious Tales of a Temple,2025-07-12,2025,zh,152,"Drama, Comedy, Fantasy, Animation",0,0,7.3825,6.7,6,Xie Junwei,"Lu Lifeng, Lin Qiang, Zhang He","An epic animated fantasy anthology film intertwining six storylines from China's classic supernatural story collection ""Strange Tales from a Chinese Studio"" by Pu Songling. The six stories center on Lanruo Temple, an ancient ruin haunted by spirits. Weaving in classic tales like ""Taoist from Laoshan Mountain,"" ""Princess Lotus,"" ""Nie Xiaoqian,"" ""The Painted Skin"" and ""The Daughter of Magistrate Lu."" These stories — spanning humans, ghosts and demons — explore love, death and morality against shifting time. The film merges six distinct styles into one anthology. For example, ""Taoist from Laoshan Mountain"" uses felt-textured animation, while ""The Painted Skin"" mirrors Song dynasty painting aesthetics.",Average/Positive,Decent user score (no financials)
172385,Rio 2,2014-03-19,2014,en,101,"Animation, Adventure, Comedy, Family",103000000,498781117,8.0653,6.52,3644,Carlos Saldanha,"Jesse Eisenberg, Anne Hathaway, will.i.am","It's a jungle out there for Blu, Jewel and their three kids after they're hurtled from Rio de Janeiro to the wilds of the Amazon. As Blu tries to fit in, he goes beak-to-beak with the vengeful Nigel, and meets the most fearsome adversary of all: his father-in-law.",Hit,Revenue >= 1.2x budget and decent ratings
6615,Lars and the Real Girl,2007-10-12,2007,en,106,"Comedy, Drama, Romance",12000000,11293663,7.4738,7.2,1941,Craig Gillespie,"Ryan Gosling, Emily Mortimer, Paul Schneider","Extremely shy Lars finds it impossible to make friends or socialize. His brother and sister-in-law worry about him, so when he announces that he has a girlfriend he met on the Internet, they are overjoyed. But Lars' new lady is a life-size plastic woman. On the advice of a doctor, his family and the rest of the community go along with his delusion.",Moderate,At least broke even or decent ratings
4258,Scary Movie 5,2013-04-11,2013,en,88,Comedy,20000000,78378744,7.3344,4.806,2901,Malcolm D. Lee,"Ashley Tisdale, Simon Rex, Charlie Sheen","Home with their newly-formed family, happy parents Dan and Jody are haunted by sinister, paranormal activities. Determined to expel the insidious force, they install security cameras and discover their family is being stalked by an evil dead demon.",Moderate,At least broke even or decent ratings
567609,Ready or Not,2019-08-21,2019,en,95,"Horror, Comedy",6000000,57600000,8.0539,7.0,4931,Tyler Gillett,"Samara Weaving, Mark O'Brien, Adam Brody",A young bride's wedding night turns into her worst nightmare when her ridiculously rich in-laws force her to play a gruesome game of hide-and-seek.,Blockbuster,"Revenue >= 2x budget (57600000 >= 12000000), strong user ratings"
127380,Finding Dory,2016-06-16,2016,en,97,"Adventure, Animation, Comedy, Family",200000000,1029266989,7.7253,7.04,12410,Andrew Stanton,"Albert Brooks, Ellen DeGeneres, Ed O'Neill",Dory is reunited with her friends Nemo and Marlin in the search for answers about her past. What can she remember? Who are her parents? And where did she learn to speak Whale?,Blockbuster,"Revenue >= 2x budget (1029266989 >= 400000000), strong user ratings"
508965,Klaus,2019-11-08,2019,en,96,"Animation, Family, Adventure, Comedy, Fantasy",0,0,8.3115,8.233,4375,Sergio Pablos,"Jason Schwartzman, J.K. Simmons, Rashida Jones","A selfish postman and a reclusive toymaker form an unlikely friendship, delivering joy to a cold, dark town that desperately needs it.",Critically Good,High user score & significant votes (no financials)
10201,Yes Man,2008-12-09,2008,en,104,"Comedy, Romance",70000000,223200000,8.7801,6.687,7115,Peyton Reed,"Jim Carrey, Zooey Deschanel, Bradley Cooper","Carl Allen, a guy whose life is going nowhere, signs up for a self-help program based on one simple covenant: say yes to everything…and anything.",Hit,Revenue >= 1.2x budget and decent ratings
318846,The Big Short,2015-12-11,2015,en,131,"Comedy, Drama",28000000,133346506,8.2139,7.359,9443,Adam McKay,"Steve Carell, Christian Bale, Ryan Gosling",The men who made millions from a global economic meltdown.,Blockbuster,"Revenue >= 2x budget (133346506 >= 56000000), strong user ratings"
6435,Practical Magic,1998-10-16,1998,en,104,"Romance, Comedy, Fantasy",75000000,46733235,8.5163,6.786,1627,Griffin Dunne,"Sandra Bullock, Nicole Kidman, Stockard Channing","Sally and Gillian Owens, born into a magical family, have mostly avoided witchcraft themselves. But when Gillian's vicious boyfriend, Jimmy Angelov, dies unexpectedly, the Owens sisters give themselves a crash course in hard magic. With policeman Gary Hallet growing suspicious, the girls struggle to resurrect Angelov -- and unwittingly inject his corpse with an evil spirit that threatens to end their family line.",Moderate,At least broke even or decent ratings
381289,A Dog's Purpose,2017-01-19,2017,en,100,"Adventure, Comedy, Fantasy, Family, Drama",22000000,205000000,7.7058,7.641,3441,Lasse Hallström,"Josh Gad, K.J. Apa, Britt Robertson",A dog goes on quest to discover his purpose in life over the course of several lifetimes with multiple owners.,Blockbuster,"Revenue >= 2x budget (205000000 >= 44000000), strong user ratings"
2898,As Good as It Gets,1997-12-19,1997,en,139,"Drama, Comedy, Romance",50000000,314178011,8.1236,7.398,3954,James L. Brooks,"Jack Nicholson, Helen Hunt, Greg Kinnear","Melvin Udall, a cranky, bigoted, obsessive-compulsive writer of romantic fiction, is rude to everyone he meets, including his gay neighbor, Simon. After Simon is brutally attacked and hospitalized, Melvin finds his life turned upside down when he has to look after Simon's dog. In addition, Carol, the only waitress at the local diner who will tolerate him, leaves work to care for her chronically ill son, making it impossible for Melvin to eat breakfast.",Blockbuster,"Revenue >= 2x budget (314178011 >= 100000000), strong user ratings"
6964,Something's Gotta Give,2003-12-12,2003,en,128,"Drama, Comedy, Romance",80000000,270000000,7.5614,6.6,1681,Nancy Meyers,"Jack Nicholson, Diane Keaton, Keanu Reeves","When perpetually single, aging music industry exec Harry Sanborn, and his latest trophy girlfriend, Marin, arrive at her mother's beach house in the Hamptons, they find that her mother, playwright Erica Barry, also plans to stay for the weekend. Erica is scandalized by the relationship and Harry's sexist ways. But when Harry has a heart attack while there, and the doctor prescribes bedrest, his only option is to stay at the Barry home. Left in the care of Erica and his doctor, a love triangle starts to take shape.",Hit,Revenue >= 1.2x budget and decent ratings
41154,Men in Black 3,2012-05-23,2012,en,106,"Action, Comedy, Science Fiction",225000000,654213485,9.3786,6.537,10668,Barry Sonnenfeld,"Will Smith, Tommy Lee Jones, Josh Brolin","Agents J and K are back...in time. J has seen some inexplicable things in his 15 years with the Men in Black, but nothing, not even aliens, perplexes him as much as his wry, reticent partner. But when K's life and the fate of the planet are put at stake, Agent J will have to travel back in time to put things right. J discovers that there are secrets to the universe that K never told him - secrets that will reveal themselves as he teams up with the young Agent K to save his partner, the agency, and the future of humankind.",Hit,Revenue >= 1.2x budget and decent ratings
1255788,The Gardener,2025-01-30,2025,fr,110,"Action, Comedy",10000000,4772,7.0976,6.192,167,David Charhon,"Jean-Claude Van Damme, Michaël Youn, Nawell Madani","Every year the Prime Minister has a list of all kinds of troublemakers eliminated in the name of the famous Reason of State. Serge Shuster, Special Adviser to the President of the Republic, finds himself on this list, better known as the Matignon List.  Condemned to certain death and at the heart of an implacable plot and a state secret that also put his family in danger, Serge, his wife and children have only one hope left - their gardener, Léo, who hates it when « slugs » invade his garden... Especially those that want to kill innocent families.",Moderate,At least broke even or decent ratings
1198994,Send Help,2026-01-26,2026,en,0,"Thriller, Comedy, Horror",0,0,7.3027,0.0,0,Sam Raimi,"Rachel McAdams, Dylan O'Brien, Edyll Ismail","Two colleagues become stranded on a deserted island, the only survivors of a plane crash. On the island, they must overcome past grievances and work together to survive, but ultimately, it's a battle of wills and wits to make it out alive.",Unknown,Insufficient financial data
660982,American Pie Presents: Girls' Rules,2020-10-06,2020,en,95,Comedy,0,0,7.4616,6.176,675,Mike Elliott,"Madison Pettis, Lizze Broadway, Piper Curda","It's Senior year at East Great Falls. Annie, Kayla, Michelle, and Stephanie decide to harness their girl power and band together to get what they want their last year of high school.",Average/Positive,Decent user score (no financials)
6877,Failure to Launch,2006-03-10,2006,en,97,"Romance, Comedy",50000000,130224158,7.9342,5.829,1714,Tom Dey,"Matthew McConaughey, Sarah Jessica Parker, Zooey Deschanel","At 35, Tripp has an interesting job, a hip car, a passion for sailing, an active dating life, and a great house - trouble is, he still lives with his parents, Al and Sue, who are not happy about it. Al and Sue are fascinated when friends whose adult son has recently moved away from home reveal they hired an expert to help. In desperation to push Tripp out of the nest once and for all, Al and Sue hatch a plan to hire Paula, an ""interventionist,"" who has a formula in these cases.",Moderate,At least broke even or decent ratings
615677,We Can Be Heroes,2020-12-25,2020,en,97,"Family, Action, Fantasy, Comedy",0,0,7.9332,5.98,792,Robert Rodriguez,"YaYa Gosselin, Lyon Daniels, Andy Walken","When alien invaders capture Earth's superheroes, their kids must learn to work together to save their parents - and the planet.",Unknown,Insufficient financial data
639854,Four Enchanted Sisters,2020-01-09,2020,de,97,"Adventure, Comedy, Family, Fantasy",0,0,6.8501,5.6,14,Sven Unterwaldt Jr.,"Katja Riemann, Doris Schretzmayer, Justus von Dohnányi","Based on Sheridan Winn's book series ""Sprite Sisters"" about the magical adventures of sisters Flame, Sky, Flora and Marina.",Unknown,Insufficient financial data
290250,The Nice Guys,2016-05-15,2016,en,116,"Comedy, Crime, Action",50000000,71261763,8.9833,7.125,8297,Shane Black,"Russell Crowe, Ryan Gosling, Angourie Rice",A private eye investigates the apparent suicide of a fading porn star in 1970s Los Angeles and uncovers a conspiracy.,Hit,Revenue >= 1.2x budget and decent ratings
88751,Journey to the Center of the Earth,2008-07-10,2008,en,93,"Action, Science Fiction, Adventure, Comedy, Family",45000000,101702060,8.2721,6.083,4999,Eric Brevig,"Brendan Fraser, Josh Hutcherson, Anita Briem","On a quest to find out what happened to his missing brother, a scientist, his nephew and their mountain guide discover a fantastic and dangerous lost world in the center of the earth.",Hit,Revenue >= 1.2x budget and decent ratings
21542,Love Don't Co$t a Thing,2003-12-12,2003,en,100,"Comedy, Drama, Family, Romance",0,21964072,6.8779,7.521,632,Troy Byer,"Nick Cannon, Christina Milian, Kenan Thompson",A high school outcast pays a cheerleader to pose as his girlfriend so he can be considered cool.,Critically Good,High user score & significant votes (no financials)
11621,Porco Rosso,1992-07-18,1992,ja,93,"Family, Comedy, Animation, Adventure",9200000,44600000,7.6271,7.798,3513,Hayao Miyazaki,"Shūichirō Moriyama, Tokiko Kato, Bunshi Katsura VI","In Italy in the 1930s, sky pirates in biplanes terrorize wealthy cruise ships as they sail the Adriatic Sea. The only pilot brave enough to stop the scourge is the mysterious Porco Rosso, a former World War I flying ace who was somehow turned into a pig during the war. As he prepares to battle the pirate crew's American ace, Porco Rosso enlists the help of spunky girl mechanic Fio Piccolo and his longtime friend Madame Gina.",Blockbuster,"Revenue >= 2x budget (44600000 >= 18400000), strong user ratings"
8916,Antz,1998-10-02,1998,en,83,"Animation, Drama, Family, Comedy, Adventure, Romance, War",60000000,171757863,8.3617,6.168,4598,Eric Darnell,"Woody Allen, Sharon Stone, Dan Aykroyd","A neurotic worker ant in love with a rebellious princess rises to unlikely stardom when he switches places with a soldier. Signing up to march in a parade, he ends up under the command of a bloodthirsty general. But he's actually been enlisted to fight against a termite army.",Hit,Revenue >= 1.2x budget and decent ratings
800939,Ticket to Paradise,2022-09-08,2022,en,104,"Drama, Comedy, Romance",20000000,168800000,7.1205,6.431,1336,Ol Parker,"Julia Roberts, George Clooney, Kaitlyn Dever",Divorced couple Georgia and David find themselves on a shared mission: they team up and travel to Bali to stop their daughter Lily from making the same mistake they once made 25 years ago.,Hit,Revenue >= 1.2x budget and decent ratings
520758,Chicken Run: Dawn of the Nugget,2023-12-08,2023,en,101,"Family, Animation, Adventure, Comedy",0,0,7.0838,6.9,831,Sam Fell,"Thandiwe Newton, Zachary Levi, Bella Ramsey",A band of fearless chickens flock together to save poultry-kind from an unsettling new threat: a nearby farm that's cooking up something suspicious.,Average/Positive,Decent user score (no financials)
927,Gremlins,1984-06-08,1984,en,106,"Fantasy, Horror, Comedy",11000000,153083102,8.8961,7.137,6693,Joe Dante,"Zach Galligan, Phoebe Cates, Hoyt Axton","After receiving an exotic small animal as a Christmas gift, a young man inadvertently breaks three important rules concerning his new pet, which unleashes a horde of malevolently mischievous creatures on a small town.",Blockbuster,"Revenue >= 2x budget (153083102 >= 22000000), strong user ratings"
4964,Knocked Up,2007-06-01,2007,en,129,"Comedy, Romance, Drama",30000000,219900000,8.6228,6.3,4114,Judd Apatow,"Seth Rogen, Katherine Heigl, Paul Rudd","A slacker and a career-driven woman accidentally conceive a child after a one-night stand. As they try to make the relationship work, they must navigate the challenges of parenthood and their differences in lifestyle and maturity.",Hit,Revenue >= 1.2x budget and decent ratings
1280672,One of Them Days,2025-01-16,2025,en,97,Comedy,14000000,51896264,8.1688,6.636,221,Lawrence Lamont,"Keke Palmer, SZA, Joshua David Neal","Best friends and roommates Dreux and Alyssa are about to have One of Them Days. When they discover Alyssa’s boyfriend has blown their rent money, the duo finds themselves going to extremes in a comical race against the clock to avoid eviction and keep their friendship intact.",Moderate,At least broke even or decent ratings
375794,"No manches, Frida",2016-09-02,2016,es,100,Comedy,5000000,23500000,7.2466,7.684,927,Nacho G. Velilla,"Omar Chaparro, Martha Higareda, Fernanda Castillo","After being released from prison, Zequi, a bank robber, sets out to recover money buried by his accomplice; but is horrified to learn that a high school gymnasium is now over the site where the loot is hidden.",Hit,Revenue >= 1.2x budget and decent ratings
10312,Patch Adams,1998-12-25,1998,en,115,"Comedy, Drama",50000000,202292902,7.355,7.315,3329,Tom Shadyac,"Robin Williams, Monica Potter, Philip Seymour Hoffman","The true story of Dr. Hunter ""Patch"" Adams, who in the 1970s found that humor is the best medicine, and was willing to do just anything to make his patients laugh—even if it meant risking his own career.",Blockbuster,"Revenue >= 2x budget (202292902 >= 100000000), strong user ratings"
56379,Beach House,1977-10-27,1977,it,106,Comedy,0,0,7.5542,6.4,68,Sergio Citti,"Ugo Tognazzi, Mariangela Melato, Anna Melato","Summer Sunday at a small beach house at the coast of Rome. Many people and stories: women's basketball team, two sports-obsessed soldiers, two men with their girlfriends and the priest with a big secret, an elderly couple with their pregnant granddaughter, and engagemented couple wanting to have sex for the first time.",Average/Positive,Decent user score (no financials)
153,Lost in Translation,2003-09-18,2003,en,102,"Drama, Romance, Comedy",4000000,119723856,7.2802,7.388,7720,Sofia Coppola,"Bill Murray, Scarlett Johansson, Giovanni Ribisi","Two lost souls visiting Tokyo -- the young, neglected wife of a photographer and a washed-up movie star shooting a TV commercial -- find an odd solace and pensive freedom to be real in each other's company, away from their lives in America.",Blockbuster,"Revenue >= 2x budget (119723856 >= 8000000), strong user ratings"
9603,Clueless,1995-07-19,1995,en,97,"Comedy, Romance",12000000,56631572,7.9719,7.266,4638,Amy Heckerling,"Alicia Silverstone, Stacey Dash, Brittany Murphy","Shallow, rich and socially successful Cher is at the top of her Beverly Hills high school's pecking scale. Seeing herself as a matchmaker, Cher first coaxes two teachers into dating each other. Emboldened by her success, she decides to give hopelessly klutzy new student Tai a makeover. When Tai becomes more popular than she is, Cher realizes that her disapproving ex-stepbrother was right about how misguided she was -- and falls for him.",Blockbuster,"Revenue >= 2x budget (56631572 >= 24000000), strong user ratings"
5245,Fast Lane to Malibu,2000-09-12,2000,en,80,"Drama, Comedy, Adventure",0,0,6.576,4.6,14,Kelley Cauthen,"Tracy Ryan, Steve Curtis, Renee Rea","The film follows randy college boys Zack and Brian on a trip to Malibu for a party where there's a shortage of boys but a bevy of buxom girls. Beset on the way by car trouble, and various other distractions, the film also follows the journey of Zack and Brian's girlfriends, who follow the boys to Malibu but end up having their own lusty adventures.",Unknown,Insufficient financial data
16996,17 Again,2009-03-11,2009,en,102,"Comedy, Fantasy, Drama, Romance",20000000,136300000,7.6957,6.314,5287,Burr Steers,"Zac Efron, Leslie Mann, Thomas Lennon","On the brink of a midlife crisis, 30-something Mike O'Donnell wishes he could have a ""do-over."" And that's exactly what he gets when he wakes up one morning to find he's 17 years old again. With his adult mind stuck inside the body of a teenager, Mike actually has the chance to reverse some decisions he wishes he'd never made. But maybe they weren't so bad after all.",Hit,Revenue >= 1.2x budget and decent ratings
76493,The Dictator,2012-05-15,2012,en,83,Comedy,65000000,179379533,8.8038,6.213,6148,Larry Charles,"Sacha Baron Cohen, Ben Kingsley, Anna Faris",The heroic story of a dictator who risks his life to ensure that democracy would never come to the country he so lovingly oppressed.,Hit,Revenue >= 1.2x budget and decent ratings
44741,Malicious,1973-03-29,1973,it,93,Comedy,0,109133,7.7288,7.287,334,Salvatore Samperi,"Laura Antonelli, Turi Ferro, Alessandro Momo","A widower and two of his sons become infatuated by their beautiful housekeeper, and all three set out to seduce her using their own unique methods.",Average/Positive,Decent user score (no financials)
466282,To All the Boys I've Loved Before,2018-08-17,2018,en,100,"Comedy, Romance",0,0,7.3452,7.598,8589,Susan Johnson,"Lana Condor, Noah Centineo, Janel Parrish",Lara Jean's love life goes from imaginary to out of control when her secret letters to every boy she's ever fallen for are mysteriously mailed out.,Critically Good,High user score & significant votes (no financials)
1029955,Kinds of Kindness,2024-05-30,2024,en,164,"Drama, Comedy",15000000,16398509,7.3381,6.491,1109,Yorgos Lanthimos,"Emma Stone, Jesse Plemons, Willem Dafoe","A triptych fable following a man without choice who tries to take control of his own life; a policeman who is alarmed that his wife who was missing-at-sea has returned and seems a different person; and a woman determined to find a specific someone with a special ability, who is destined to become a prodigious spiritual leader.",Moderate,At least broke even or decent ratings
411873,The Little Hours,2017-06-30,2017,en,90,Comedy,0,1647675,7.1905,5.876,619,Jeff Baena,"Alison Brie, Dave Franco, Kate Micucci","Garfagnana, Italy, 1347. The handsome servant Masseto, fleeing from his vindictive master, takes shelter in a nunnery where three young nuns, Sister Alessandra, Sister Ginevra and Sister Fernanda, try unsuccessfully to find out what their purpose in life is, a conundrum that each of them faces in different ways.",Unknown,Insufficient financial data
42246,Tom and Jerry: The Fast and the Furry,2005-09-03,2005,en,75,"Animation, Comedy, Family",0,0,6.6564,7.048,300,Bill Kopp,"Charlie Adler, Jeff Bennett, John DiMaggio","After being evicted from their old house by Tom's owner for causing major damage, cat and mouse Tom and Jerry enter a race entitled the ""Fabulous Super Race"" to win a mansion.",Average/Positive,Decent user score (no financials)
9489,You've Got Mail,1998-12-18,1998,en,119,"Comedy, Romance",65000000,250800000,7.0345,6.697,3470,Nora Ephron,"Meg Ryan, Tom Hanks, Greg Kinnear","Book superstore magnate, Joe Fox and independent book shop owner, Kathleen Kelly fall in love in the anonymity of the Internet—both blissfully unaware that he's trying to put her out of business.",Hit,Revenue >= 1.2x budget and decent ratings
1299655,Blue Moon,2025-10-17,2025,en,100,"Comedy, Drama, History, Music, Romance",0,0,7.202,4.0,3,Richard Linklater,"Ethan Hawke, Margaret Qualley, Bobby Cannavale","On the evening of March 31, 1943, legendary lyricist Lorenz Hart confronts his shattered self-confidence in Sardi’s bar as his former collaborator Richard Rodgers celebrates the opening night of his ground-breaking hit musical “Oklahoma!”.",Unknown,Insufficient financial data
1727,Bird on a Wire,1990-05-18,1990,en,110,"Action, Adventure, Comedy, Romance",20000000,138697012,7.2032,6.232,985,John Badham,"Mel Gibson, Goldie Hawn, David Carradine","An FBI informant has kept his new identity secret for 15 years. Now an old flame has recognised him, and the bad guys are back for revenge.",Hit,Revenue >= 1.2x budget and decent ratings
1354627,SpongeBob Squarepants: Kreepaway Kamp,2024-10-10,2024,en,45,"TV Movie, Family, Comedy, Horror, Animation",0,0,7.3931,7.0,95,Dave Cunningham,"Tom Kenny, Bill Fagerbakke, Rodger Bumpass","While at Kamp Koral for a reunion, SpongeBob and the gang are stalked by a mysterious figure lurking in the shadows as campers start disappearing one by one!",Average/Positive,Decent user score (no financials)
505436,Serial (Bad) Weddings 2,2019-01-30,2019,fr,99,Comedy,18500000,87761988,7.1079,5.89,1299,Philippe de Chauveron,"Christian Clavier, Chantal Lauby, Ary Abittan","Claude and Marie Verneuil face a new crisis. The four spouses of their daughters, David, Rachid, Chao and Charles decided to leave France for various reasons. Here they are imagining their lives elsewhere.",Moderate,At least broke even or decent ratings
1212855,Fight or Flight,2025-04-03,2025,en,101,"Action, Comedy, Thriller",40000000,2482071,7.1633,6.234,229,James Madigan,"Josh Hartnett, Charithra Chandran, Katee Sackhoff",A mercenary takes on the job of tracking down a target on a plane but must protect her when they're surrounded by people trying to kill both of them.,Moderate,At least broke even or decent ratings
879,Hook,1991-04-10,1991,en,142,"Adventure, Fantasy, Comedy, Family",70000000,300854823,7.7699,6.838,5519,Steven Spielberg,"Dustin Hoffman, Robin Williams, Julia Roberts","The boy who wasn't supposed to grow up—Peter Pan—does just that, becoming a soulless corporate lawyer whose workaholism could cost him his wife and kids. During his trip to see Granny Wendy in London, the vengeful Capt. Hook kidnaps Peter's kids and forces Peter to return to Neverland.",Hit,Revenue >= 1.2x budget and decent ratings
9285,Road Trip,2000-05-19,2000,en,93,"Comedy, Adventure",16000000,119754278,7.6234,6.219,2057,Todd Phillips,"Breckin Meyer, Seann William Scott, Amy Smart","After an Ithaca College student films his one-night stand with a beautiful sorority girl, he discovers one of his friends has accidentally mailed the homemade sex tape to his girlfriend in Austin. In a frenzy, he must borrow a car and hit the road in a desperate bid to intercept the tape.",Hit,Revenue >= 1.2x budget and decent ratings
433,Mary Poppins,1964-12-17,1964,en,139,"Comedy, Family, Fantasy",4650000,103100000,8.0177,7.558,4855,Robert Stevenson,"Julie Andrews, Dick Van Dyke, David Tomlinson","Mr Banks is looking for a nanny for his two mischievous children and comes across Mary Poppins, an angelic nanny. She not only brings a change in their lives but also spreads happiness.",Blockbuster,"Revenue >= 2x budget (103100000 >= 9300000), strong user ratings"
5070,How Much Do You Love Me?,2005-10-26,2005,fr,95,"Comedy, Drama",0,0,7.6264,5.874,203,Bertrand Blier,"Monica Bellucci, Bernard Campan, Gérard Depardieu","After winning the lottery, François goes to a bar in Pigalle and offers one hundred thousand Euros per month to a prostitute named Daniela to live with him as his wife until his money runs out.",Unknown,Insufficient financial data
1017633,How to Date Billy Walsh,2024-04-04,2024,en,101,"Romance, Comedy",0,0,7.3307,6.374,170,Alex Pillai,"Sebastian Croft, Charithra Chandran, Tanner Buchanan","Archie has been in love with his best friend Amelia for as long as he can remember. Just when he builds up the courage to declare his feelings, she falls head over heels for Billy Walsh, a new American transfer student.",Average/Positive,Decent user score (no financials)
791155,Secret Headquarters,2022-08-12,2022,en,104,"Action, Adventure, Comedy, Science Fiction, Family",0,0,7.1628,6.442,388,Ariel Schulman,"Owen Wilson, Michael Peña, Walker Scobell","While hanging out after school, Charlie and his friends discover the headquarters of the world’s most powerful superhero hidden beneath his home. When villains attack, they must team up to defend the headquarters and save the world.",Average/Positive,Decent user score (no financials)
425909,Ghostbusters: Afterlife,2021-11-18,2021,en,124,"Fantasy, Comedy, Adventure, Science Fiction",75000000,204334455,8.878,7.336,4929,Jason Reitman,"Mckenna Grace, Finn Wolfhard, Carrie Coon","When single mom Callie and her two kids Trevor and Phoebe arrive in a small Oklahoma town, they begin to discover their connection to the original Ghostbusters and the secret legacy their grandfather left behind.",Blockbuster,"Revenue >= 2x budget (204334455 >= 150000000), strong user ratings"
11565,Big Momma's House 2,2006-01-26,2006,en,99,"Comedy, Crime",40000000,141522961,7.5137,5.784,1650,John Whitesell,"Martin Lawrence, Marisol Nichols, Kevin Durand","FBI agent Malcolm Turner goes back undercover as Big Momma, a slick-talking, slam-dunking Southern granny with attitude to spare! Now this granny must play nanny to three dysfunctional upper-class kids in order to spy on their computer hacker father.",Moderate,At least broke even or decent ratings
12230,One Hundred and One Dalmatians,1961-01-25,1961,en,79,"Adventure, Animation, Comedy, Family",3600000,303000000,8.5297,7.173,6485,Wolfgang Reitherman,"Rod Taylor, J. Pat O'Malley, Betty Lou Gerson","When a litter of dalmatian puppies are abducted by the minions of Cruella De Vil, the parents must find them before she uses them for a diabolical fashion statement.",Blockbuster,"Revenue >= 2x budget (303000000 >= 7200000), strong user ratings"
252,Willy Wonka & the Chocolate Factory,1971-06-29,1971,en,99,"Family, Fantasy, Comedy",3000000,4000000,7.3332,7.479,3785,Mel Stuart,"Gene Wilder, Peter Ostrum, Jack Albertson","When eccentric candy man Willy Wonka promises a lifetime supply of sweets and a tour of his chocolate factory to five lucky kids, penniless Charlie Bucket seeks the golden ticket that will make him a winner.",Hit,Revenue >= 1.2x budget and decent ratings
228165,The SpongeBob Movie: Sponge Out of Water,2015-01-28,2015,en,93,"Family, Comedy, Adventure, Animation",74000000,311594032,6.5438,6.086,2447,Paul Tibbitt,"Tom Kenny, Bill Fagerbakke, Rodger Bumpass","Burger Beard is a pirate who is in search of the final page of a magical book that makes any evil plan he writes in it come true, which happens to be the Krabby Patty secret formula. When the entire city of Bikini Bottom is put in danger, SpongeBob, Patrick, Mr. Krabs, Squidward, Sandy, and Plankton need to go on a quest that takes them to the surface. In order to get back the recipe and save their city, the gang must retrieve the book and transform themselves into superheroes.",Hit,Revenue >= 1.2x budget and decent ratings
594,The Terminal,2004-06-17,2004,en,128,"Comedy, Drama",60000000,219417255,8.1339,7.352,8327,Steven Spielberg,"Tom Hanks, Catherine Zeta-Jones, Stanley Tucci","An Eastern European tourist unexpectedly finds himself stranded in JFK airport, and must take up temporary residence there.",Blockbuster,"Revenue >= 2x budget (219417255 >= 120000000), strong user ratings"
130490,Montecarlo Gran Casinò,1987-12-23,1987,it,97,Comedy,0,0,6.5845,5.458,59,Carlo Vanzina,"Christian De Sica, Massimo Boldi, Ezio Greggio",The misadventures of different Italian rascals who came to the famous Montecarlo Gran Casinò to get lucky.,Unknown,Insufficient financial data
9291,The Longest Yard,2005-05-27,2005,en,113,"Drama, Comedy, Crime",90000000,191466556,8.077,6.667,3542,Peter Segal,"Adam Sandler, Chris Rock, James Cromwell","Disgraced pro football quarterback Paul Crewe lands in a Texas federal penitentiary, where manipulative Warden Hazen recruits him to advise the institution's football team of prison guards. Crewe suggests a tune-up game which lands him quarterbacking a crew of inmates in a game against the guards. Aided by incarcerated ex-NFL coach and player Nate Scarborough, Crewe and his team must overcome not only the bloodthirstiness of the opposition, but also the corrupt warden trying to fix the game against them.",Hit,Revenue >= 1.2x budget and decent ratings
17379,Last Holiday,2006-01-13,2006,en,112,"Adventure, Comedy, Drama",45000000,38399961,7.127,7.228,819,Wayne Wang,"Queen Latifah, LL Cool J, Timothy Hutton","The discovery that she has a terminal illness prompts introverted department store saleswoman Georgia Byrd to reflect on what she realizes has been an overly cautious life. With weeks to live, she withdraws her life savings, sells all her possessions and jets off to Europe where she lives it up at a posh hotel. Upbeat and passionate, Georgia charms everybody she meets, including renowned Chef Didier. The only one missing from her new life is her longtime crush Sean Matthews.",Moderate,At least broke even or decent ratings
1075529,Boso Dos,2023-02-03,2023,tl,106,"Comedy, Thriller",0,0,6.9285,2.6,5,Jon Red,"Gold Aceron, Micaella Raz, Vince Rillon",Things get chaotic when the gang leader falls madly in love with her. Will she be successful with her mission?,Unknown,Insufficient financial data
134374,Pain & Gain,2013-04-18,2013,en,130,"Comedy, Crime, Action",25000000,87305549,7.3877,6.278,4633,Michael Bay,"Mark Wahlberg, Dwayne Johnson, Anthony Mackie","Daniel Lugo, manager of the Sun Gym in 1990s Miami, decides that there is only one way to achieve his version of the American dream: extortion. To achieve his goal, he recruits musclemen Paul and Adrian as accomplices. After several failed attempts, they abduct rich businessman Victor Kershaw and convince him to sign over all his assets to them. But when Kershaw makes it out alive, authorities are reluctant to believe his story.",Hit,Revenue >= 1.2x budget and decent ratings
43593,Piranha 3D,2010-08-20,2010,en,88,"Comedy, Horror",24000000,83188165,7.1081,5.408,2312,Alexandre Aja,"Elisabeth Shue, Jerry O'Connell, Steven R. McQueen","Each year the population of sleepy Lake Victoria, Arizona explodes from 5,000 to 50,000 residents for the annual Spring Break celebration. But then, an earthquake opens an underwater chasm, releasing an enormous swarm of ancient Piranha that have been dormant for thousands of years, now with a taste for human flesh. This year, there's something more to worry about than the usual hangovers and complaints from locals, a new type of terror is about to be cut loose on Lake Victoria.",Moderate,At least broke even or decent ratings
508,Love Actually,2003-09-07,2003,en,135,"Comedy, Romance, Drama",40000000,250779876,8.2241,7.101,7070,Richard Curtis,"Hugh Grant, Alan Rickman, Emma Thompson",Eight very different couples deal with their love lives in various loosely interrelated tales all set during a frantic month before Christmas in London.,Blockbuster,"Revenue >= 2x budget (250779876 >= 80000000), strong user ratings"
256961,Paul Blart: Mall Cop 2,2015-04-16,2015,en,94,"Action, Comedy, Family",38000000,107597242,8.0997,5.175,1630,Andy Fickman,"Kevin James, Raini Rodriguez, Neal McDonough","Security guard Paul Blart is headed to Las Vegas to attend a Security Guard Expo with his teenage daughter Maya before she departs for college. While at the convention, he inadvertently discovers a heist - and it's up to Blart to apprehend the criminals.",Moderate,At least broke even or decent ratings
11529,Sweet Home Alabama,2002-09-26,2002,en,108,"Comedy, Romance",30000000,180622424,7.0861,6.398,1609,Andy Tennant,"Reese Witherspoon, Josh Lucas, Patrick Dempsey","New York fashion designer, Melanie Carmichael suddenly finds herself engaged to the city's most eligible bachelor. But her past holds many secrets—including Jake, the redneck husband she married in high school, who refuses to divorce her. Bound and determined to end their contentious relationship once and for all, Melanie sneaks back home to Alabama to confront her past.",Hit,Revenue >= 1.2x budget and decent ratings
2330,Taxi,1998-04-08,1998,fr,86,"Action, Comedy, Crime, Adventure",8700000,44218015,7.9221,6.709,2596,Gérard Pirès,"Samy Naceri, Frédéric Diefenthal, Marion Cotillard","In Marseilles a skilled pizza delivery boy Daniel who drives a scooter finally has his dreams come true. He gets a taxi license. Caught by the police for a huge speed infraction, he will help Emilien, a loser inspector who can't drive, on the track of German bank robbers, so he doesn't lose his license and his dream job.",Hit,Revenue >= 1.2x budget and decent ratings
13161,Big Stan,2007-11-03,2007,en,109,"Comedy, Crime",7500000,8742330,7.1223,6.591,969,Rob Schneider,"Rob Schneider, David Carradine, Sally Kirkland",A weak con man panics when he learns he's going to prison for fraud. He hires a mysterious martial arts guru who helps transform him into a martial arts expert who can fight off inmates who want to hurt or love him.,Moderate,At least broke even or decent ratings
828613,About Fate,2022-09-08,2022,en,100,"Romance, Comedy",0,504843,7.179,7.508,474,Marius Weisberg,"Emma Roberts, Thomas Mann, Lewis Tan","Two strangers believe in love but never seem to be able to find its true meaning. In a wild twist of events, fate puts each in the other's path on one stormy New Year's Eve.",Average/Positive,Decent user score (no financials)
1065796,A Night at the Kindergarten,2022-12-28,2022,pl,97,Comedy,0,0,6.1797,5.9,40,Rafał Skalski,"Piotr Witkowski, Lena Góra, Zbigniew Zamachowski",A young man crashes a school play rehearsal to prevent a group of teachers and eccentric parents from expelling his girlfriend's son.,Unknown,Insufficient financial data
9513,Garfield: A Tail of Two Kitties,2006-06-15,2006,en,77,"Comedy, Family, Adventure",60000000,141700000,7.973,5.607,2286,Tim Hill,"Breckin Meyer, Jennifer Love Hewitt, Billy Connolly","Jon and Garfield visit the United Kingdom, where a case of mistaken cat identity finds Garfield ruling over a castle. His reign is soon jeopardized by the nefarious Lord Dargis, who has designs on the estate.",Moderate,At least broke even or decent ratings
11130,The Princess Diaries 2: Royal Engagement,2004-08-06,2004,en,113,"Comedy, Drama, Family, Romance",40000000,134734481,7.2502,6.714,3333,Garry Marshall,"Anne Hathaway, Julie Andrews, Héctor Elizondo","Mia Thermopolis is now a college graduate and on her way to Genovia to take up her duties as princess. Accompanied by her friend Lilly, Mia continues her 'princess lessons', like riding horses side-saddle and archery. But her already complicated life is turned upside down once again when she learns that she is to take the crown as queen earlier than expected, all while she meets a mysteriously charming young man.",Hit,Revenue >= 1.2x budget and decent ratings
55301,Alvin and the Chipmunks: Chipwrecked,2011-12-14,2011,en,87,"Comedy, Fantasy, Family, Music, Animation",75000000,342695435,7.38,5.696,2285,Mike Mitchell,"Jason Lee, David Cross, Jenny Slate","Playing around while aboard a cruise ship, the Chipmunks and Chipettes accidentally go overboard and end up marooned in a tropical paradise. They discover their new turf is not as deserted as it seems.",Moderate,At least broke even or decent ratings
9410,Great Expectations,1998-01-30,1998,en,111,"Comedy, Drama, Romance",25000000,55494066,6.6713,6.614,650,Alfonso Cuarón,"Ethan Hawke, Gwyneth Paltrow, Hank Azaria","Loosely based on the Charles Dickens' classic novel, ""Great Expectations"" is a sensual tale of a young man's unforgettable passage into manhood, and the three individuals who will undeniably change his life forever. Through the surprising interactions of these vivid characters, ""Great Expectations"" takes a unique and contemporary look at life's great coincidences.",Hit,Revenue >= 1.2x budget and decent ratings
34016,She's Out of My League,2010-03-11,2010,en,104,"Romance, Comedy",20000000,49800000,7.3693,6.482,2244,Jim Field Smith,"Jay Baruchel, Alice Eve, T.J. Miller","When he starts dating drop-dead gorgeous Molly, insecure airport security agent Kirk can't believe it. As his friends and family share their doubts about the relationship lasting, Kirk does everything he can to avoid losing Molly forever.",Hit,Revenue >= 1.2x budget and decent ratings
661374,Glass Onion: A Knives Out Mystery,2022-11-23,2022,en,140,"Comedy, Crime, Mystery",40000000,15000000,8.6443,7.041,6148,Rian Johnson,"Daniel Craig, Edward Norton, Janelle Monáe",World-famous detective Benoit Blanc heads to Greece to peel back the layers of a mystery surrounding a tech billionaire and his eclectic crew of friends.,Moderate,At least broke even or decent ratings
13971,Wild Child,2008-08-15,2008,en,98,"Comedy, Drama, Romance",20000000,22000000,7.744,6.711,1878,Nick Moore,"Emma Roberts, Alex Pettyfer, Natasha Richardson","Sixteen-year-old Poppy has everything her unlimited credit cards can buy, and a spoiled attitude to match. After a final thoughtless prank, her exasperated father ships her off to boarding school in England. There, Poppy meets her match in a stern headmistress and a class full of girls who will not tolerate her selfishness.",Moderate,At least broke even or decent ratings
1636,Bedazzled,2000-10-19,2000,en,93,"Fantasy, Comedy, Romance",48000000,90383208,7.5447,6.07,2000,Harold Ramis,"Brendan Fraser, Elizabeth Hurley, Frances O'Connor","Elliot Richards, a socially awkward IT worker, is given seven wishes to get the girl of his dreams when he meets a very seductive Satan. The catch: his soul. Some of his wishes include being a 7 foot basketball star, a wealthy, powerful man, and a sensitive caring guy. But, as could be expected, the Devil puts her own little twist on each of his fantasies.",Hit,Revenue >= 1.2x budget and decent ratings
21448,Mickey's Magical Christmas: Snowed in at the House of Mouse,2001-11-06,2001,en,61,"Animation, Family, Comedy",0,0,6.9129,6.92,274,Bobs Gannaway,"Wayne Allwine, Tony Anselmo, Bill Farmer","When a huge snowstorm leaves everyone stranded, Mickey and all of his guests at the House of Mouse, including Pooh, Belle, Snow White, Cinderella, Ariel and many more of his old and new friends, break out the cookies and hot chocolate to help Donald mend his tattered Christmas spirit.",Average/Positive,Decent user score (no financials)
1040148,"Ruby Gillman, Teenage Kraken",2023-06-28,2023,en,91,"Animation, Family, Fantasy, Comedy",70000000,46247409,7.4098,7.191,1065,Kirk DeMicco,"Lana Condor, Toni Collette, Annie Murphy","Ruby Gillman, a sweet and awkward high school student, discovers she's a direct descendant of the warrior kraken queens. The kraken are sworn to protect the oceans of the world against the vain, power-hungry mermaids. Destined to inherit the throne from her commanding grandmother, Ruby must use her newfound powers to protect those she loves most.",Moderate,At least broke even or decent ratings
1306816,My Daughter is a Zombie,2025-07-30,2025,ko,114,"Comedy, Drama",0,0,6.8634,6.9,14,Pil Gam-seong,"Cho Jung-seok, Lee Jung-eun, Cho Yeo-jeong","Jung-hwan, a fierce animal trainer, lives a chaotic daily life with his rebellious teenage daughter, Soo-ah, who is full of passion for dancing. One day, Soo-ah becomes infected by a zombie virus that has swept across the globe.",Average/Positive,Decent user score (no financials)
1429747,Same Day with Someone,2025-09-18,2025,th,119,"Romance, Comedy, Fantasy",0,0,6.6346,8.0,5,Yanyong Kuruaungkoul,"Jarinporn Joonkiat, Warintorn Panhakarn, Charlette Wasita Hermenau","Trapped in a time loop, a museum curator relives the day everything goes wrong and must navigate beyond her perfect life to break free.",Average/Positive,Decent user score (no financials)
7350,The Bucket List,2007-12-25,2007,en,97,"Drama, Comedy",45000000,175400000,6.9235,7.189,3932,Rob Reiner,"Jack Nicholson, Morgan Freeman, Sean Hayes","Corporate billionaire Edward Cole and working class mechanic Carter Chambers are worlds apart. At a crossroads in their lives, they share a hospital room and discover they have two things in common: a desire to spend the time they have left doing everything they ever wanted to do and an unrealized need to come to terms with who they are. Together they embark on the road trip of a lifetime, becoming friends along the way and learning to live life to the fullest, with insight and humor.",Blockbuster,"Revenue >= 2x budget (175400000 >= 90000000), strong user ratings"
1101401,Sugar Baby,2024-10-15,2024,en,88,"Thriller, Comedy",0,0,6.8589,6.382,17,Lauren Garroni,"Mary Beth Barone, Nina Bloomgarden, James Tupper","An enterprising Sugar Baby is offered $30,000 to move in with her Sugar Daddy for the week, but soon discovers the sinister secrets trapped within his home.",Average/Positive,Decent user score (no financials)
17681,Scooby-Doo! and the Witch's Ghost,1999-10-05,1999,en,70,"Animation, Comedy, Mystery, Family, Fantasy",0,0,6.9185,7.4,459,Jim Stenstrum,"Scott Innes, Mary Kay Bergman, Frank Welker","Scooby-Doo and the Mystery Gang visit Oakhaven, Massachusetts to seek strange goings on involving a famous horror novelist and his ancestor who is rumored to have been a witch.",Average/Positive,Decent user score (no financials)
257445,Goosebumps,2015-08-05,2015,en,103,"Adventure, Horror, Comedy",58000000,158261424,7.4665,6.309,3883,Rob Letterman,"Jack Black, Dylan Minnette, Odeya Rush","After moving to a small town, Zach Cooper finds a silver lining when he meets next door neighbor Hannah, the daughter of bestselling Goosebumps series author R.L. Stine. When Zach unintentionally unleashes real monsters from their manuscripts and they begin to terrorize the town, it’s suddenly up to Stine, Zach and Hannah to get all of them back in the books where they belong.",Hit,Revenue >= 1.2x budget and decent ratings
324852,Despicable Me 3,2017-06-15,2017,en,90,"Action, Animation, Comedy, Family, Adventure",80000000,1034800131,8.5121,6.467,7431,Pierre Coffin,"Steve Carell, Kristen Wiig, Trey Parker",Gru and his wife Lucy must stop former '80s child star Balthazar Bratt from achieving world domination.,Hit,Revenue >= 1.2x budget and decent ratings
20048,Confessions of a Shopaholic,2009-02-05,2009,en,104,"Comedy, Romance",40000000,108394089,7.3811,6.483,2684,P.J. Hogan,"Isla Fisher, Hugh Dancy, Krysten Ritter","In the glamorous world of New York City, Rebecca Bloomwood is a fun-loving girl who is really good at shopping – a little too good, perhaps. She dreams of working for her favorite fashion magazine, but can't quite get her foot in the door – until ironically, she snags a job as an advice columnist for a financial magazine published by the same company.",Hit,Revenue >= 1.2x budget and decent ratings
513434,One Cut of the Dead,2017-11-04,2017,ja,96,"Comedy, Horror, Drama",52406,27590180,6.7015,7.625,919,Shinichiro Ueda,"Takayuki Hamatsu, Yuzuki Akiyama, Kazuaki Nagaya","Real zombies arrive and terrorize the crew of a zombie film being shot in an abandoned warehouse, said to be the site of military experiments on humans.",Hit,Revenue >= 1.2x budget and decent ratings
1303162,Cells at Work!,2024-12-13,2024,ja,110,"Adventure, Action, Comedy, Fantasy",0,26253461,7.4711,7.915,47,Hideki Takeuchi,"Mei Nagano, Takeru Satoh, Mana Ashida","A novice red blood cell and a relentless white blood cell work together to protect their human from invading germs, pathogens and other threats.",Average/Positive,Decent user score (no financials)
11453,Deuce Bigalow: European Gigolo,2005-08-12,2005,en,83,Comedy,22000000,45109561,6.9878,5.305,973,Mike Bigelow,"Rob Schneider, Eddie Griffin, Jeroen Krabbé",Deuce Bigalow goes to Amsterdam after a little accident including two irritating kids and a bunch of aggressive dolphins. There he meets up with his old friend T.J. Hicks. But a mysterious killer starts killing some of Amsterdam's finest gigolos and T.J. is mistaken for the extremely gay murderer. Deuce must enter the gigolo industry again to find the real murderer and clear T.J.'s name.,Moderate,At least broke even or decent ratings
16270,Career Opportunities,1991-03-29,1991,en,83,"Romance, Comedy",6000000,11336986,6.9545,6.886,711,Bryan Gordon,"Frank Whaley, Jennifer Connelly, Dermot Mulroney","Josie, the daughter of the town's wealthiest businessman, faces problems at home and wishes to leave town but is disoriented. Her decision is finalized after she falls asleep in a Target dressing room. She awakens to find herself locked in the store overnight with the janitor, Jim, the town ""no hoper"" and liar.",Hit,Revenue >= 1.2x budget and decent ratings
14442,Ella Enchanted,2004-04-09,2004,en,96,"Family, Fantasy, Comedy",31000000,27400000,7.1487,6.469,1911,Tommy O'Haver,"Anne Hathaway, Hugh Dancy, Cary Elwes","Ella lives in a magical world in which each child, at the moment of their birth, is given a virtuous ""gift"" from a fairy godmother. Ella's so-called gift, however, is obedience. This birthright proves itself to be quite the curse once Ella finds herself in the hands of several unscrupulous characters whom she quite literally cannot disobey. Determined to gain control of her life and decisions, Ella sets off on a journey to find her fairy godmother who she hopes will lift the curse. The path, however, isn't easy -- Ella must outwit a slew of unpleasant obstacles including ogres, giants, wicked stepsisters, elves and Prince Charmont's evil uncle, who wants to take over the crown and rule the kingdom.",Moderate,At least broke even or decent ratings
11045,Taxi,2004-10-06,2004,en,97,"Action, Comedy, Thriller, Crime",25000000,71255003,7.7498,5.59,1111,Tim Story,"Queen Latifah, Jimmy Fallon, Gisele Bündchen",A mouthy and feisty taxicab driver has hot tips for a green and inept cop set on solving a string of New York City bank robberies committed by a quartet of female Brazilian bank robbers.,Moderate,At least broke even or decent ratings
399174,Isle of Dogs,2018-03-23,2018,en,101,"Adventure, Comedy, Animation",62770198,64337744,8.6434,7.846,5170,Wes Anderson,"Bryan Cranston, Koyu Rankin, Bob Balaban","In the future, an outbreak of canine flu leads the mayor of a Japanese city to banish all dogs to an island used as a garbage dump. The outcasts must soon embark on an epic journey when a 12-year-old boy arrives on the island to find his beloved pet.",Moderate,At least broke even or decent ratings
693,Meet the Fockers,2004-12-22,2004,en,115,"Comedy, Romance",80000000,516642939,7.4225,6.251,4960,Jay Roach,"Ben Stiller, Robert De Niro, Dustin Hoffman","Hard-to-crack ex-CIA man Jack Byrnes and his wife Dina head for the warmer climes of Florida to meet the parents of their son-in-law-to-be, Greg Focker. Unlike their happily matched offspring, the future in-laws find themselves in a situation of opposites that definitely do not attract.",Hit,Revenue >= 1.2x budget and decent ratings
955555,The Roundup: No Way Out,2023-05-31,2023,ko,105,"Action, Crime, Comedy, Thriller",0,83410298,7.5981,7.187,491,Lee Sang-yong,"Don Lee, Lee Jun-hyuk, Munetaka Aoki","Detective Ma Seok-do changes his affiliation from the Geumcheon Police Station to the Metropolitan Investigation Team, in order to eradicate Japanese gangsters who enter Korea to commit heinous crimes.",Average/Positive,Decent user score (no financials)
323260,The Gigolo,2015-01-29,2015,cn,97,"Romance, Drama, Comedy",0,709136,6.4623,5.5,42,Amen Au Cheuk-Man,"Dominic Ho Hou-Man, Candy Yuen, Jeana Ho Pui-Yu","Fung looks like a super-heartthrob and was born with a special endowment, making him the high school idol. He was expelled from school when he was caught fighting on campus. When his mom, the sole provider of his family with her poultry business, had to stop working due to her back problems, Fung decides to support his family financially. And from that moment, his life takes on a tumultuous change…",Unknown,Insufficient financial data
111969,Stuck in Love,2013-06-14,2013,en,97,"Drama, Comedy, Romance",0,81071,6.8689,7.373,1968,Josh Boone,"Greg Kinnear, Jennifer Connelly, Lily Collins","An acclaimed writer, his ex-wife, and their teenaged children come to terms with the complexities of love in all its forms over the course of one tumultuous year.",Critically Good,High user score & significant votes (no financials)
139038,A Haunted House,2013-01-11,2013,en,86,"Comedy, Horror",2500000,60141683,7.2795,5.95,1974,Michael Tiddes,"Marlon Wayans, Essence Atkins, Nick Swardson","Malcolm and Kisha move into their dream home, but soon learn a demon also resides there. When Kisha becomes possessed, Malcolm - determined to keep his sex life on track - turns to a priest, a psychic, and a team of ghost-busters for help in this spoof of all the ""found-footage/documentary style"" films released in recent years.",Moderate,At least broke even or decent ratings
5825,National Lampoon's Christmas Vacation,1989-11-30,1989,en,97,Comedy,27000000,74542088,6.7576,7.234,2540,Jeremiah S. Chechik,"Chevy Chase, Beverly D'Angelo, Juliette Lewis","It's Christmastime, and the Griswolds are preparing for a family seasonal celebration. But things never run smoothly for Clark, his wife Ellen, and their two kids. Clark's continual bad luck is worsened by his obnoxious family guests, but he manages to keep going, knowing that his Christmas bonus is due soon.",Blockbuster,"Revenue >= 2x budget (74542088 >= 54000000), strong user ratings"
39513,Paul,2011-02-14,2011,en,104,"Adventure, Comedy, Science Fiction",40000000,98000000,7.4487,6.733,6024,Greg Mottola,"Simon Pegg, Nick Frost, Seth Rogen","For the past 60 years, a space-traveling smart-ass named Paul has been locked up in a top-secret military base, advising world leaders about his kind. But when he worries he’s outlived his usefulness and the dissection table is drawing uncomfortably close, Paul escapes on the first RV that passes by his compound in Area 51. Fortunately, it contains the two earthlings who are most likely to rescue and harbor an alien on the run.",Hit,Revenue >= 1.2x budget and decent ratings
10934,Under the Tuscan Sun,2003-09-20,2003,en,113,"Romance, Comedy",18000000,58878723,7.6493,6.891,919,Audrey Wells,"Diane Lane, Lindsay Duncan, Vincent Riotta","After a rough divorce, Frances, a 35-year-old professor and writer from San Francisco takes a tour of Tuscany at the urgings of her friends. On a whim she buys Bramasole, a run down villa in the Tuscan countryside and begins to piece her life together starting with the villa and finds that life sometimes has unexpected ways of giving her everything she wanted.",Hit,Revenue >= 1.2x budget and decent ratings
96239,Zombadings 1: Patayin sa Shokot si Remington,2011-08-31,2011,tl,96,"Comedy, Horror",22361,721651,6.2487,5.2,15,Jade Castro,"Martin Escudero, Lauren Young, Kerbie Zamora","A boy cursed to turn gay when he grows up must sort out his feelings for the girl he loves and the boy – his best friend – he is suddenly lusting after, come to terms with his homophobia, and escape a pscho gay killer on the loose.",Moderate,At least broke even or decent ratings
33217,Diary of a Wimpy Kid,2010-03-19,2010,en,92,"Comedy, Family",15000000,76196538,8.0848,6.257,1691,Thor Freudenthal,"Zachary Gordon, Robert Capron, Steve Zahn","Greg Heffley is headed for big things, but first he has to survive the scariest, most humiliating experience of any kid’s life – middle school! That won’t be easy, considering he’s surrounded by hairy-freckled morons, wedgie-loving bullies and a moldy slice of cheese with nuclear cooties!",Hit,Revenue >= 1.2x budget and decent ratings
64688,21 Jump Street,2012-03-14,2012,en,109,"Action, Comedy, Crime",42000000,201585328,8.2426,6.882,10649,Phil Lord,"Jonah Hill, Channing Tatum, Brie Larson","When cops Schmidt and Jenko join the secret Jump Street unit, they use their youthful appearances to go undercover as high school students. They trade in their guns and badges for backpacks, and set out to shut down a dangerous drug ring. But, as time goes on, Schmidt and Jenko discover that high school is nothing like it was just a few years earlier -- and, what's more, they must again confront the teenage terror and anxiety they thought they had left behind.",Hit,Revenue >= 1.2x budget and decent ratings
9928,Robots,2005-03-10,2005,en,90,"Animation, Comedy, Family, Science Fiction",75000000,262511490,7.6582,6.473,4769,Chris Wedge,"Ewan McGregor, Halle Berry, Greg Kinnear","Rodney Copperbottom is a young robot inventor who dreams of making the world a better place, until the evil Ratchet takes over Bigweld Industries. Now, Rodney's dreams – and those of his friends – are in danger of becoming obsolete.",Hit,Revenue >= 1.2x budget and decent ratings
11069,Tremors 2: Aftershocks,1996-04-09,1996,en,100,"Action, Horror, Comedy",4000000,0,6.5327,6.3,998,S.S. Wilson,"Fred Ward, Helen Shaver, Chris Gartin","Earl Bassett's celebrity after defeating the Graboid attack against the town of Perfection has proved short-lived, until he's recruited by a Mexican oil company whose workers have found more than they bargained for under the soil.",Average/Positive,Decent user score (no financials)
514999,Murder Mystery,2019-05-25,2019,en,97,"Action, Comedy, Mystery",24000000,0,7.8748,6.271,4624,Kyle Newacheck,"Adam Sandler, Jennifer Aniston, Luke Evans","On a long-awaited trip to Europe, a New York City cop and his hairdresser wife scramble to solve a baffling murder aboard a billionaire's yacht.",Average/Positive,Decent user score (no financials)
676685,Panda Bear in Africa,2024-03-15,2024,nl,94,"Animation, Adventure, Comedy, Family",10000000,5514627,7.034,7.021,73,Karsten Kiilerich,"Yootha Wong-Loi-Sing, Maurits Delchot, Georgina Verbaan","A young adventurous panda travels from China to Africa to rescue his best friend, Jielong the Dragon, who has been kidnapped. On his journey, he discovers a strange amazing new world of mountains, deserts and jungles.",Moderate,At least broke even or decent ratings
899382,Christmas Is Canceled,2021-12-23,2021,en,95,"Comedy, Romance",0,0,7.0193,5.5,94,Prarthana Mohan,"Hayley Orrantia, Dermot Mulroney, Janel Parrish",A father begins dating his 29-year-old daughter Emma's high school frenemy soon after his wife passes away. His daughter embarks on a mission to break up the happy couple.,Unknown,Insufficient financial data
592983,Spellbound,2024-11-22,2024,en,111,"Animation, Fantasy, Family, Adventure, Comedy",0,0,7.2708,6.669,278,Vicky Jenson,"Rachel Zegler, Miguel Bernardeau, Giovanna Bush","When a powerful spell turns her parents into giant monsters, a teenage princess must journey into the wild to reverse the curse before it's too late.",Average/Positive,Decent user score (no financials)
1245347,Twinless,2025-09-04,2025,en,100,"Comedy, Drama",2000000,1252776,6.2345,7.688,25,James Sweeney,"Dylan O'Brien, James Sweeney, Lauren Graham",Two young men meet in a twin bereavement support group and form an unlikely bromance.,Moderate,At least broke even or decent ratings
2978,Ghostbusters II,1989-06-16,1989,en,108,"Comedy, Fantasy",37000000,215394738,8.2276,6.6,4658,Ivan Reitman,"Bill Murray, Dan Aykroyd, Sigourney Weaver",The discovery of a massive river of ectoplasm and a resurgence of spectral activity allows the staff of Ghostbusters to revive the business.,Hit,Revenue >= 1.2x budget and decent ratings
109451,Cloudy with a Chance of Meatballs 2,2013-09-26,2013,en,94,"Animation, Family, Comedy",78000000,248384621,7.3015,6.449,3364,Cody Cameron,"Bill Hader, Anna Faris, James Caan","After the disastrous food storm in the first film, Flint and his friends are forced to leave the town. Flint accepts the invitation from his idol Chester V to join The Live Corp Company, which has been tasked to clean the island, and where the best inventors in the world create technologies for the betterment of mankind. When Flint discovers that his machine still operates and now creates mutant food beasts like living pickles, hungry tacodiles, shrimpanzees and apple pie-thons, he and his friends must return to save the world.",Hit,Revenue >= 1.2x budget and decent ratings
42384,A Tale of Legendary Libido,2008-04-30,2008,ko,120,"Comedy, Fantasy, Drama",0,0,6.9897,5.8,43,Shin Han-sol,"Bong Tae-gyu, Kim Ye-won, Oh Dal-su",A monk gives an impaired man the secret to a strong arousal. The man had been teased and tortured until the travelling man decides to help him out.,Unknown,Insufficient financial data
37834,Knight and Day,2010-06-15,2010,en,109,"Action, Comedy",117000000,261989769,8.2415,6.226,4710,James Mangold,"Tom Cruise, Cameron Diaz, Peter Sarsgaard","A fugitive couple goes on a glamorous and sometimes deadly adventure where nothing and no one – even themselves – are what they seem. Amid shifting alliances and unexpected betrayals, they race across the globe, with their survival ultimately hinging on the battle of truth vs. trust.",Hit,Revenue >= 1.2x budget and decent ratings
34803,Death at a Funeral,2010-04-15,2010,en,92,Comedy,21000000,49050886,7.3343,5.875,1021,Neil LaBute,"Chris Rock, Martin Lawrence, Zoe Saldaña","Aaron's father's funeral is today at the family home, and everything goes wrong: the funeral home delivers the wrong body, his cousin accidentally drugs her fiancé, and Aaron's successful younger brother, Ryan, flies in from New York, broke but arrogant. To top it all off, a mysterious stranger wants a word with Aaron.",Moderate,At least broke even or decent ratings
12572,"New York, I Love You",2008-09-06,2008,en,103,"Comedy, Drama, Romance",14700000,14600000,6.6627,5.951,563,Yvan Attal,"Natalie Portman, Hayden Christensen, Bradley Cooper","New York, I Love You delves into the intimate lives of New Yorkers as they grapple with, delight in and search for love. Journey from the Diamond District in the heart of Manhattan, through Chinatown and the Upper East Side, towards the Village, into Tribeca, and Brooklyn as lovers of all ages try to find romance in the Big Apple.",Flop,Revenue < budget and low ratings
2899,Asterix & Obelix: Mission Cleopatra,2002-01-30,2002,fr,108,"Family, Fantasy, Comedy, Adventure",58500000,131116046,6.886,7.373,3668,Alain Chabat,"Christian Clavier, Gérard Depardieu, Jamel Debbouze",History's favorite Gauls assist Queen Cleopatra when she wagers that the Egyptian people can build a palace for Julius Caesar in just three months.,Blockbuster,"Revenue >= 2x budget (131116046 >= 117000000), strong user ratings"
872,Singin' in the Rain,1952-04-10,1952,en,103,"Comedy, Romance",2540800,7200000,6.8908,8.147,3336,Stanley Donen,"Gene Kelly, Donald O'Connor, Debbie Reynolds","In 1927 Hollywood, a silent film star falls for a chorus girl just as he and his paranoid screen partner struggle to make the difficult transition to talking pictures.",Blockbuster,"Revenue >= 2x budget (7200000 >= 5081600), strong user ratings"
616446,Brothers,2024-10-10,2024,en,89,"Action, Comedy, Crime",0,0,6.7886,5.988,297,Max Barbakow,"Josh Brolin, Peter Dinklage, Glenn Close","A reformed criminal's attempt at going straight is derailed when he reunites with his sanity-testing twin brother on a road trip for the score of a lifetime. Dodging bullets, the law, and an overbearing mother along the way, they must heal their severed family bond before they end up killing each other.",Unknown,Insufficient financial data
2108,The Breakfast Club,1985-02-15,1985,en,98,"Comedy, Drama",1000000,51530442,7.2633,7.7,8285,John Hughes,"Emilio Estevez, Judd Nelson, Molly Ringwald","Five high school students from different walks of life endure a Saturday detention under a power-hungry principal. The disparate group includes rebel John, princess Claire, outcast Allison, brainy Brian and Andrew, the jock. Each has a chance to tell his or her story, making the others see them a little differently -- and when the day ends, they question whether school will ever be the same.",Blockbuster,"Revenue >= 2x budget (51530442 >= 2000000), strong user ratings"
137116,Smurfs: The Lost Village,2017-03-23,2017,en,89,"Family, Comedy, Adventure, Animation",60000000,197183546,7.8692,6.351,1511,Kelly Asbury,"Demi Lovato, Rainn Wilson, Joe Manganiello","In this fully animated, all-new take on the Smurfs, a mysterious map sets Smurfette and her friends Brainy, Clumsy and Hefty on an exciting race through the Forbidden Forest leading to the discovery of the biggest secret in Smurf history.",Hit,Revenue >= 1.2x budget and decent ratings
22538,Scott Pilgrim vs. the World,2010-08-12,2010,en,113,"Action, Comedy, Romance",85000000,51691156,7.832,7.489,8244,Edgar Wright,"Michael Cera, Mary Elizabeth Winstead, Ellen Wong","As bass guitarist for a garage-rock band, Scott Pilgrim has never had trouble getting a girlfriend; usually, the problem is getting rid of them. But when Ramona Flowers skates into his heart, he finds she has the most troublesome baggage of all: an army of ex-boyfriends who will stop at nothing to eliminate him from her list of suitors.",Moderate,At least broke even or decent ratings
1062807,SPY x FAMILY CODE: White,2023-12-22,2023,ja,110,"Animation, Comedy, Adventure, Action",5000000,59629242,6.8993,7.066,578,Takashi Katagiri,"Takuya Eguchi, Atsumi Tanezaki, Saori Hayami","While under the guise of taking his family on a weekend winter getaway, Loid's attempt to make progress on his current mission Operation Strix proves difficult when Anya mistakenly gets involved and triggers events that threaten world peace.",Hit,Revenue >= 1.2x budget and decent ratings
228967,The Interview,2014-12-25,2014,en,113,"Action, Comedy",44000000,12342632,8.5305,6.189,6018,Evan Goldberg,"James Franco, Seth Rogen, Lizzy Caplan","Dave Skylark and his producer Aaron Rapaport run the celebrity tabloid show ""Skylark Tonight"". When they land an interview with a surprise fan, North Korean dictator Kim Jong-un, they are recruited by the CIA to turn their trip to Pyongyang into an assassination mission.",Moderate,At least broke even or decent ratings
604822,Vanguard,2020-01-22,2020,zh,107,"Action, Adventure, Comedy, Crime, Thriller",0,50866901,6.4404,6.33,565,Stanley Tong Gwai-Lai,"Jackie Chan, Yang Yang, Allen",Covert security company Vanguard is the last hope of survival for an accountant after he is targeted by the world's deadliest mercenary organization.,Average/Positive,Decent user score (no financials)
12222,Horton Hears a Who!,2008-03-03,2008,en,86,"Animation, Comedy, Family, Adventure, Fantasy",85000000,298572799,7.1794,6.508,3432,Steve Martino,"Jim Carrey, Steve Carell, Carol Burnett","The classic and beloved story from Dr. Seuss is now a CG animated film from 20th Century Fox Animation, the makers of the Ice Age films. An imaginative elephant named Horton (Jim Carrey) hears a faint cry for help coming from a tiny speck of dust floating through the air. Horton suspects there may be life on that speck and despite a surrounding community, which thinks he has lost his mind, he is determined to save the tiny particle! Jim Carrey and Steve Carell lead an all-star cast in bringing this wonderful family picture to life!",Hit,Revenue >= 1.2x budget and decent ratings
9493,Twins,1988-12-09,1988,en,107,Comedy,15000000,216614388,6.5085,6.0,2383,Ivan Reitman,"Arnold Schwarzenegger, Danny DeVito, Kelly Preston",Julius and Vincent Benedict are the results of an experiment that would allow for the perfect child. Julius was planned and grows to athletic proportions. Vincent is an accident and is somewhat smaller in stature. Vincent is placed in an orphanage while Julius is taken to a south seas island and raised by philosophers. Vincent becomes the ultimate low life and is about to be killed by loan sharks.,Hit,Revenue >= 1.2x budget and decent ratings
372921,Mutual Relations,2015-12-01,2015,ko,90,"Comedy, Romance",0,0,7.177,6.5,19,Kim Hyeon-Bin,"Kim Hwa-yeon, Ji Eun-seo, Park Cho-hyeon","Ho-kyeong, Joo-yeong and Yeon-hee are students of an American university who are all pretty and sexy. They either know too much or know too little so they decide to find men who can satisfy them. A lean man who was a former nude model, a younger man who has perfect techniques and a man who thinks very highly of women; these guys start the project!",Average/Positive,Decent user score (no financials)
203801,The Man from U.N.C.L.E.,2015-08-13,2015,en,116,"Comedy, Action, Adventure",75000000,110045109,7.1715,7.083,6601,Guy Ritchie,"Henry Cavill, Armie Hammer, Alicia Vikander","At the height of the Cold War, a mysterious criminal organization plans to use nuclear weapons and technology to upset the fragile balance of power between the United States and Soviet Union. CIA agent Napoleon Solo and KGB agent Illya Kuryakin are forced to put aside their hostilities and work together to stop the evildoers in their tracks. The duo's only lead is the daughter of a missing German scientist, whom they must find soon to prevent a global catastrophe.",Hit,Revenue >= 1.2x budget and decent ratings
136400,2 Guns,2013-08-02,2013,en,109,"Action, Comedy, Crime",61000000,131940411,8.6199,6.54,4320,Baltasar Kormákur,"Denzel Washington, Mark Wahlberg, Paula Patton",A DEA agent and an undercover Naval Intelligence officer who have been tasked with investigating one another find they have been set up by the mob -- the very organization the two men believe they have been stealing money from.,Hit,Revenue >= 1.2x budget and decent ratings
13477,When in Rome,2010-01-29,2010,en,91,"Comedy, Fantasy, Romance",55000000,43042835,6.5275,5.9,1241,Mark Steven Johnson,"Kristen Bell, Josh Duhamel, Anjelica Huston","Disillusioned with romance, Beth, an ambitious New Yorker, travels to Rome for her sister's wedding, where she plucks magic coins from a special fountain of love. The coins attract unwanted attention from an assortment of odd yet ardent suitors:  a sausage merchant, a street magician, an artist, and a male model. But when the best man from the wedding, persistent reporter Nick, throws his hat in the ring, Beth wonders if his love is the real thing.",Flop,Revenue < budget and low ratings
1267224,Is There No Such Thing As Love?,2024-05-01,2024,ru,105,"Romance, Comedy",0,0,13.3364,7.8,4,Dmitry Fiks,"Anna Chipovskaya, Vladimir Yaglych, Evgeniy Mikheev","Katya is completely disappointed in men, and Sasha can't live a day without a new woman. Chance made them neighbors who couldn't get along. Deciding to reform the self-confident womanizer, Katya uses all means to turn his life into a living nightmare. However, playing with fire can be expensive, because it's only one step from hate to love, even if you don't believe in love.",Average/Positive,Decent user score (no financials)
10925,The Return of the Living Dead,1985-04-25,1985,en,91,"Horror, Comedy, Science Fiction",4000000,14241310,6.608,7.182,2210,Dan O'Bannon,"Clu Gulager, James Karen, Don Calfa","When foreman Frank shows new employee Freddy a secret military experiment in a supply warehouse in Louisville, Kentucky, the two klutzes accidentally release a gas that reanimates corpses into flesh-eating zombies. As the epidemic spreads throughout the town, and the creatures satisfy their hunger in gory and outlandish ways, Frank and Freddy fight to survive with the help of their boss and a mysterious mortician.",Blockbuster,"Revenue >= 2x budget (14241310 >= 8000000), strong user ratings"
12133,Step Brothers,2008-07-25,2008,en,98,Comedy,65000000,128100000,6.9442,6.556,3258,Adam McKay,"Will Ferrell, John C. Reilly, Richard Jenkins","Brennan Huff and Dale Doback might be grown men. But that doesn't stop them from living at home and turning into jealous, competitive stepbrothers when their single parents marry. Brennan's constant competition with Dale strains his mom's marriage to Dale's dad, leaving everyone to wonder whether they'll ever see eye to eye.",Hit,Revenue >= 1.2x budget and decent ratings
10719,Elf,2003-11-07,2003,en,97,"Comedy, Family, Fantasy",32000000,228500000,6.8731,6.656,4288,Jon Favreau,"Will Ferrell, James Caan, Bob Newhart","When young Buddy falls into Santa's gift sack on Christmas Eve, he's transported back to the North Pole and raised as a toy-making elf by Santa's helpers. But as he grows into adulthood, he can't shake the nagging feeling that he doesn't belong. Buddy vows to visit Manhattan and find his real dad, a workaholic.",Hit,Revenue >= 1.2x budget and decent ratings
9336,Police Academy,1984-03-22,1984,en,97,"Comedy, Crime",4500000,81198894,7.0772,6.693,2847,Hugh Wilson,"Steve Guttenberg, Kim Cattrall, G.W. Bailey","New rules enforced by the Lady Mayoress mean that sex, weight, height and intelligence need no longer be a factor for joining the Police Force. This opens the floodgates for all and sundry to enter the Police Academy, much to the chagrin of the instructors. Not everyone is there through choice, though. Social misfit Mahoney has been forced to sign up as the only alternative to a jail sentence and it doesn't take long before he falls foul of the boorish Lieutenant Harris. But before long, Mahoney realises that he is enjoying being a police cadet and decides he wants to stay... while Harris decides he wants Mahoney out!",Hit,Revenue >= 1.2x budget and decent ratings
442062,Goosebumps 2: Haunted Halloween,2018-10-11,2018,en,90,"Comedy, Fantasy, Horror",35000000,93320380,7.2038,6.1,1581,Ari Sandel,"Jeremy Ray Taylor, Madison Iseman, Caleel Harris","Be careful what you wish for. With their after school junk business, best friends Sonny and Sam hope to find treasure in other people’s trash. But when cleaning out the old Stine house, they open a locked book that frees a supernatural nightmare – Slappy! Now, with the help of Sonny’s sister Sarah, they’re in a race against time to get the sinister dummy and all the creatures he’s brought to life back into the pages before he unleashes total pandemonium!",Hit,Revenue >= 1.2x budget and decent ratings
274167,Daddy's Home,2015-12-25,2015,en,96,Comedy,50000000,242786137,6.5113,6.291,3316,Sean Anders,"Will Ferrell, Mark Wahlberg, Linda Cardellini","The story of a mild-mannered radio executive who strives to become the best stepdad ever to his wife's two children, but complications ensue when their freewheeling, freeloading real father arrives, forcing stepdad to compete for the affection of the kids.",Hit,Revenue >= 1.2x budget and decent ratings
1094556,The Thundermans Return,2024-03-07,2024,en,70,"Family, Science Fiction, Action, Comedy",0,0,6.8336,6.929,290,Trevor Kirschner,"Kira Kosarin, Jack Griffo, Addison Riecke","Twins Phoebe and Max are enjoying their superhero lifestyle, but when one 'save' goes awry, the Thundermans are sent back to Hiddenville. While Hank and Barb enjoy their return, and Billy and Nora look forward to a normal high school life, Max and Phoebe are determined to regain their superhero status.",Average/Positive,Decent user score (no financials)
798021,Family Switch,2023-11-30,2023,en,106,"Comedy, Fantasy, Family",0,0,6.4923,6.398,723,McG,"Jennifer Garner, Ed Helms, Emma Myers","When the Walker family members switch bodies with each other during a rare planetary alignment, their hilarious journey to find their way back to normal will bring them closer together than they ever thought possible.",Average/Positive,Decent user score (no financials)
254470,Pitch Perfect 2,2015-05-07,2015,en,115,"Comedy, Music",29000000,287144079,6.7318,6.846,5412,Elizabeth Banks,"Anna Kendrick, Brittany Snow, Hailee Steinfeld","The Bellas are back, and they are better than ever. After being humiliated in front of none other than the President of the United States of America, the Bellas are taken out of the Aca-Circuit. In order to clear their name, and regain their status, the Bellas take on a seemingly impossible task: winning an international competition no American team has ever won. In order to accomplish this monumental task, they need to strengthen the bonds of friendship and sisterhood and blow away the competition with their amazing aca-magic! With all new friends and old rivals tagging along for the trip, the Bellas can hopefully accomplish their dreams.",Hit,Revenue >= 1.2x budget and decent ratings
10663,The Waterboy,1998-11-06,1998,en,90,Comedy,23000000,185991646,7.1253,6.056,1923,Frank Coraci,"Adam Sandler, Kathy Bates, Henry Winkler",Bobby Boucher is a water boy for a struggling college football team. The coach discovers Boucher's hidden rage makes him a tackling machine whose bone-crushing power might vault his team into the playoffs.,Hit,Revenue >= 1.2x budget and decent ratings
10661,You Don't Mess with the Zohan,2008-06-05,2008,en,113,"Comedy, Action",90000000,204313400,8.0418,5.723,3919,Dennis Dugan,"Adam Sandler, Emmanuelle Chriqui, John Turturro",An Israeli counterterrorism soldier with a secretly fabulous ambition to become a Manhattan hairstylist. Zohan's desire runs so deep that he'll do anything -- including faking his own death and going head-to-head with an Arab cab driver -- to make his dreams come true.,Moderate,At least broke even or decent ratings
982271,Book Club: The Next Chapter,2023-05-11,2023,en,108,"Comedy, Romance",20000000,27849137,6.9902,6.335,206,Bill Holderman,"Diane Keaton, Jane Fonda, Candice Bergen","Four best friends take their book club to Italy for the fun girls' trip they never had. When things go off the rails and secrets are revealed, their relaxing vacation turns into a once-in-a-lifetime cross-country adventure.",Moderate,At least broke even or decent ratings
857702,LEGO Star Wars Terrifying Tales,2021-10-01,2021,en,45,"Animation, Family, Science Fiction, Comedy, TV Movie",0,0,7.1467,6.854,264,Ken Cunningham,"Jake Green, Raphael Alejandro, Dana Snyder","Poe Dameron and BB-8 must face the greedy crime boss Graballa the Hutt, who has purchased Darth Vader’s castle and is renovating it into the galaxy’s first all-inclusive Sith-inspired luxury hotel.",Average/Positive,Decent user score (no financials)
981588,The No Man Zone. The Movie,2022-06-09,2022,ru,48,"Comedy, Science Fiction",0,0,6.1853,6.3,34,Dmitry Gribanov,"Pelageya Nevzorova, Nikita Kologrivyy, Andrey Skorokhod","What will happen if, as a result of biological warfare, almost the entire male population dies out? Women will grieve (for a short time), and then they will unite and create a new better world - with eco-towns, renewable energy, opportunities to do whatever they want, even science and biohacking, even yoga and self-development. Reproduction now occurs by artificial insemination, and only girls are born in the new world. But not everyone likes such a world order. Some of the surviving men and women loyal to them go to live in abandoned cities, begin to steal electricity, enjoying freedom and traditional sex. The tranquility of the ideally arranged female world is threatened when teacher Rada from the eco-city ""Two Hills"" meets the young ""primate"" Hera outside it.",Average/Positive,Decent user score (no financials)
178682,The Wizards Return: Alex vs. Alex,2013-06-01,2013,en,60,"Family, Comedy, TV Movie, Fantasy",0,0,6.9046,7.745,1013,Victor Gonzalez,"Selena Gomez, Jake T. Austin, Jennifer Stone","While trying to prove to her family she can be mature and responsible, teen wizard Alex Russo conjures up a spell to rid herself of her bad qualities, unintentionally creating a Good and Evil Alex. When Evil Alex gets involved in a plan to take over the world by a dark wizard, Good Alex must find a way to save her family, humankind, and ultimately herself in an epic Good vs. Evil battle.",Critically Good,High user score & significant votes (no financials)
1284004,May the 12th Be with You,2024-05-09,2024,en,5,"Animation, Comedy",0,0,6.6217,5.377,57,David Silverman,"Julie Kavner, Dan Castellaneta, Chris Edgerly","It's Mother's Day and Marge Simpson joins the moms of Disney+ on a special holiday outing that turns into an epic galactic adventure filled with heroes, villains, and Stewie from Family Guy.",Unknown,Insufficient financial data
71,Billy Elliot,2000-09-28,2000,en,110,"Drama, Comedy, Music",5000000,109280263,6.6785,7.597,3964,Stephen Daldry,"Jamie Bell, Gary Lewis, Julie Walters","County Durham, England, 1984. The miners' strike has started and the police have started coming up from Bethnal Green, starting a class war with the lower classes suffering. Caught in the middle of the conflict is 11-year old Billy Elliot, who, after leaving his boxing club for the day, stumbles upon a ballet class and finds out that he's naturally talented. He practices with his teacher Mrs. Wilkinson for an upcoming audition in Newcastle-upon Tyne for the royal Ballet school in London.",Blockbuster,"Revenue >= 2x budget (109280263 >= 10000000), strong user ratings"
1229262,I Don't Understand You,2024-03-08,2024,en,96,"Horror, Comedy",0,0,6.3115,5.86,25,David Joseph Craig,"Andrew Rannells, Nick Kroll, Morgan Spector","Stranded in rural Italy without transportation or language skills, an American couple on the verge of adopting tries to reconnect during a disastrous vacation, as their fears and relationship problems threaten to boil over.",Unknown,Insufficient financial data
5559,Bee Movie,2007-10-28,2007,en,91,"Family, Animation, Adventure, Comedy",150000000,287594577,7.2229,6.027,5074,Simon J. Smith,"Jerry Seinfeld, Renée Zellweger, Matthew Broderick","Barry B. Benson, a recent college graduate who wants more out of his life than making honey, decides to sue the human race after learning about the exploitation of bees at the hands of mankind. What will happen next?",Hit,Revenue >= 1.2x budget and decent ratings
1082424,Jane Austen Wrecked My Life,2025-01-22,2025,fr,98,"Comedy, Romance, Drama",0,1176969,6.031,6.417,54,Laura Piani,"Camille Rutherford, Pablo Pauly, Charlie Anson",An aspiring author looking to get more out of life takes up a writing residency and finds herself in the sort of romantic entanglements that could come from the pages of a Jane Austen novel.,Average/Positive,Decent user score (no financials)
431580,Abominable,2019-09-19,2019,en,97,"Family, Animation, Adventure, Comedy",75000000,190304772,6.6351,7.453,2120,Jill Culton,"Chloe Bennet, Albert Tsai, Eddie Izzard","A group of misfits encounter a young Yeti named Everest, and they set off to reunite the magical creature with his family on the mountain of his namesake.",Blockbuster,"Revenue >= 2x budget (190304772 >= 150000000), strong user ratings"
400160,The SpongeBob Movie: Sponge on the Run,2020-08-14,2020,en,95,"Family, Comedy, Adventure, Animation",60000000,4700000,6.917,7.426,2916,Tim Hill,"Tom Kenny, Bill Fagerbakke, Rodger Bumpass","When his best friend Gary is suddenly snatched away, SpongeBob takes Patrick on a madcap mission far beyond Bikini Bottom to save their pink-shelled pal.",Moderate,At least broke even or decent ratings
11622,Blast from the Past,1999-02-12,1999,en,112,"Drama, Romance, Comedy",35000000,40263020,6.5644,6.8,1151,Hugh Wilson,"Brendan Fraser, Alicia Silverstone, Christopher Walken","Following a bomb scare in the 1960s that locked the Webers into their bomb shelter for 35 years, Adam now ventures forth into Los Angeles to obtain food and supplies for his family, and a non-mutant wife for himself.",Moderate,At least broke even or decent ratings
9488,Spy Kids 2: The Island of Lost Dreams,2002-08-07,2002,en,100,"Family, Action, Adventure, Comedy, Science Fiction",38000000,119723358,6.8755,5.651,2275,Robert Rodriguez,"Alexa PenaVega, Daryl Sabara, Antonio Banderas","Exploring the further adventures of Carmen and Juni Cortez, who have now joined the family spy business as Level 2 OSS agents. Their new mission is to save the world from a mad scientist living on a volcanic island populated by an imaginative menagerie of creatures. On this bizarre island, none of the Cortez's gadgets work and they must rely on their wits--and each other--to survive and save the day.",Moderate,At least broke even or decent ratings
673593,Mean Girls,2024-01-10,2024,en,113,Comedy,36000000,104970953,6.9329,5.916,657,Arturo Perez Jr.,"Angourie Rice, Reneé Rapp, Auliʻi Cravalho","New student Cady Heron is welcomed into the top of the social food chain by the elite group of popular girls called ‘The Plastics,’ ruled by the conniving queen bee Regina George and her minions Gretchen and Karen. However, when Cady makes the major misstep of falling for Regina’s ex-boyfriend Aaron Samuels, she finds herself prey in Regina’s crosshairs. As Cady sets to take down the group’s apex predator with the help of her outcast friends Janis and Damian, she must learn how to stay true to herself while navigating the most cutthroat jungle of all: high school.",Moderate,At least broke even or decent ratings
1328913,Padre no hay más que uno 5: Nido repleto,2025-06-26,2025,es,100,"Comedy, Family",0,0,6.5282,6.611,9,Santiago Segura,"Santiago Segura, Toni Acosta, Leo Harlem","Some parents experience the anguish of the ""empty nest"" when their children leave home. Javier, on the other hand, suffers the trauma of the ""full nest"": no one wants to leave home.",Average/Positive,Decent user score (no financials)
817,Austin Powers: The Spy Who Shagged Me,1999-06-08,1999,en,95,"Adventure, Comedy, Crime, Science Fiction",33000000,312016928,7.829,6.294,3505,Jay Roach,"Mike Myers, Heather Graham, Verne Troyer","When diabolical genius Dr. Evil travels back in time to steal superspy Austin Powers's ‘mojo,’ Austin must return to the swingin' '60s himself - with the help of American agent, Felicity Shagwell - to stop the dastardly plan. Once there, Austin faces off against Dr. Evil's army of minions to try to save the world in his own unbelievably groovy way.",Hit,Revenue >= 1.2x budget and decent ratings
9353,Nacho Libre,2006-06-16,2006,en,92,Comedy,35000000,99255460,7.3195,6.511,1756,Jared Hess,"Jack Black, Ana de la Reguera, Héctor Jiménez","Ignacio, a disrespected cook at a Mexican monastery, can barely afford to feed the orphans who live there. Inspired by a local wrestling hero, he decides to moonlight as the not-so-famous Luchador ""Nacho Libre"" to earn money for the monastery -- not to mention the admiration of beautiful nun Sister Encarnación.",Hit,Revenue >= 1.2x budget and decent ratings
965791,A Difficult Year,2023-10-18,2023,fr,120,Comedy,13000000,7004555,5.9329,5.933,299,Éric Toledano,"Pio Marmaï, Jonathan Cohen, Noémie Merlant","Compulsive spenders Albert and Bruno are in debt up to their necks. While seeking help from community workers to get their lives back on track, they run into a group of young green activists. Lured by the free beer and snacks rather than by the ideals of eco-activists, Albert and Bruno find themselves joining the movement without much conviction.",Flop,Revenue < budget and low ratings
539681,DC League of Super-Pets,2022-07-27,2022,en,105,"Family, Comedy, Adventure, Animation, Science Fiction",90000000,203000000,7.0151,7.182,1661,Jared Stern,"Dwayne Johnson, Kevin Hart, John Krasinski","When Superman and the rest of the Justice League are kidnapped, Krypto the Super-Dog must convince a rag-tag shelter pack - Ace the hound, PB the potbellied pig, Merton the turtle and Chip the squirrel - to master their own newfound powers and help him rescue the superheroes.",Hit,Revenue >= 1.2x budget and decent ratings
856,Who Framed Roger Rabbit,1988-06-22,1988,en,104,"Fantasy, Animation, Comedy, Crime",70000000,329800000,6.9195,7.5,5956,Robert Zemeckis,"Bob Hoskins, Christopher Lloyd, Joanna Cassidy","'Toon star Roger is worried that his wife Jessica is playing pattycake with someone else, so the studio hires detective Eddie Valiant to snoop on her. But the stakes are quickly raised when Marvin Acme is found dead and Roger is the prime suspect.",Blockbuster,"Revenue >= 2x budget (329800000 >= 140000000), strong user ratings"
287947,Shazam!,2019-03-29,2019,en,132,"Action, Comedy, Fantasy",80000000,367799011,7.3573,6.986,9915,David F. Sandberg,"Zachary Levi, Mark Strong, Asher Angel",A boy is given the ability to become an adult superhero in times of need with a single magic word.,Hit,Revenue >= 1.2x budget and decent ratings
446893,Trolls World Tour,2020-03-11,2020,en,91,"Family, Animation, Comedy, Fantasy, Adventure, Music",90000000,49276818,7.0625,7.3,2214,Walt Dohrn,"Anna Kendrick, Justin Timberlake, Ron Funches","Queen Poppy and Branch make a surprising discovery — there are other Troll worlds beyond their own, and their distinct differences create big clashes between these various tribes. When a mysterious threat puts all of the Trolls across the land in danger, Poppy, Branch, and their band of friends must embark on an epic quest to create harmony among the feuding Trolls to unite them against certain doom.",Moderate,At least broke even or decent ratings
9339,Click,2006-06-23,2006,en,107,"Comedy, Drama, Fantasy",82500000,240685326,7.9767,6.3,7295,Frank Coraci,"Adam Sandler, Kate Beckinsale, Christopher Walken","A married workaholic, Michael Newman doesn't have time for his wife and children, not if he's to impress his ungrateful boss and earn a well-deserved promotion. So when he meets Morty, a loopy sales clerk, he gets the answer to his prayers: a magical remote that allows him to bypass life's little distractions with increasingly hysterical results.",Hit,Revenue >= 1.2x budget and decent ratings
80207,Bambina,1974-09-17,1974,it,97,"Comedy, Drama, Romance",0,0,6.4625,5.0,37,Alberto Lattuada,"Gigi Proietti, Irene Papas, Teresa Ann Savoy","In order to convince Raimonda, a wealthy noble woman, to finance his project for a holiday resort, Saverio gets engaged to Clotilde, her mentally-disturbed and sex-obsessed adolescent daughter. He plans to have her kidnapped and raped by an accomplice so she won't be a virgin anymore and he'll have an excuse to get out of the impending marriage. But what he doesn't plan is to fall in love with the girl...",Unknown,Insufficient financial data
544,There's Something About Mary,1998-07-15,1998,en,120,"Romance, Comedy",23000000,369900000,7.5432,6.618,5123,Peter Farrelly,"Cameron Diaz, Matt Dillon, Ben Stiller","For Ted, prom night went about as bad as it’s possible for any night to go. Thirteen years later, he finally gets another chance with his old prom date, only to run up against other suitors including the sleazy detective he hired to find her.",Hit,Revenue >= 1.2x budget and decent ratings
986054,Theater Camp,2023-07-13,2023,en,93,Comedy,5000000,4400000,6.2646,6.513,197,Molly Gordon,"Ben Platt, Molly Gordon, Noah Galvin","After the indomitable and beloved founder of a scrappy theater camp in upstate New York falls into a coma, the eccentric staff must band together with her clueless ""crypto-bro"" son to keep the thespian paradise afloat.",Moderate,At least broke even or decent ratings
332392,The Man Who Had Power Over Women,1970-08-12,1970,en,89,"Comedy, Drama, Music",0,121400,6.2963,4.7,7,John Krish,"Rod Taylor, Carol White, James Booth","A successful talent agent enjoys the good life until his wife leaves him. Moving in with his friend and igniting an affair with the man's wife, he also acquires a difficult new client whose public image must be preserved at any cost.",Unknown,Insufficient financial data
16337,The Texas Chainsaw Massacre 2,1986-08-22,1986,en,100,"Horror, Comedy",4500000,8027706,6.6782,5.638,956,Tobe Hooper,"Dennis Hopper, Caroline Williams, Bill Johnson",A radio host is victimised by the notorious cannibal family while a former Texas Marshal hunts them.,Moderate,At least broke even or decent ratings
1015724,Trick or Treat Scooby-Doo!,2022-10-04,2022,en,77,"Adventure, Mystery, Comedy, Animation, Family",0,0,7.3017,7.028,197,Audie Harrison,"Frank Welker, Grey DeLisle, Matthew Lillard","Mystery Inc. has cracked the case to top all cases! They’ve tracked down Coco Diablo, the head of a notorious costume crime syndicate. With Coco and her kitty in prison, Mystery Inc. thinks that they can finally enjoy a break. Wrong! Suddenly, menacing doppelgänger ghosts of the Scooby crew and favorite classic foes show up in Coolsville to threaten Halloween. Now it’s up to the meddling kids to unmask the latest scoundrel and save Halloween!",Average/Positive,Decent user score (no financials)
11077,Problem Child,1990-07-27,1990,en,81,"Comedy, Family",10000000,72000000,5.8751,6.156,877,Dennis Dugan,"John Ritter, Jack Warden, Michael J. Oliver","Ben Healy and his social climbing wife Flo adopt fun-loving seven year old Junior. But they soon discover he's a little monster as he turns a camping trip, a birthday party and even a baseball game into comic nightmares.",Hit,Revenue >= 1.2x budget and decent ratings
10761,Made of Honor,2008-04-30,2008,en,101,"Comedy, Romance",40000000,106407672,7.4809,6.448,1727,Paul Weiland,"Patrick Dempsey, Michelle Monaghan, Kevin McKidd","Tom and Hannah have been platonic friends for 10 years. He's a serial dater, while she wants marriage but hasn't found Mr. Right. Just as Tom is starting to think that he is relationship material after all, Hannah gets engaged. When she asks Tom to be her 'maid' of honor, he reluctantly agrees just so he can attempt to stop the wedding and woo her.",Hit,Revenue >= 1.2x budget and decent ratings
8697,Who Am I?,1998-01-17,1998,cn,120,"Adventure, Action, Comedy, Thriller",0,0,6.5606,7.125,934,Jackie Chan,"Jackie Chan, Michelle Ferre, Mirai Yamamoto","A group of covert CIA operatives trailing a potential new energy source are double-crossed by corrupt agent Morgan, who causes a helicopter crash in remote South Africa. The sole survivor, suffering severe amnesia, is nursed to recovery by a kindly native tribe who call him ""Whoami"" after the question he keeps asking. With the help of a mysterious reporter Christine, Whoami pieces together his past and tracks the turncoat agent and his criminal cohorts.",Critically Good,High user score & significant votes (no financials)
41630,No Strings Attached,2011-01-21,2011,en,107,"Comedy, Romance",25000000,149200000,7.5066,6.297,4843,Ivan Reitman,"Natalie Portman, Ashton Kutcher, Kevin Kline","Emma is a busy doctor who sets up a seemingly perfect arrangement when she offers her best friend Adam a relationship with one rule: No strings attached. But when a fling becomes a thing, can sex friends stay best friends?",Hit,Revenue >= 1.2x budget and decent ratings
11212,Baby's Day Out,1994-07-01,1994,en,99,"Comedy, Adventure, Family, Crime, Drama",50000000,16671505,6.4011,6.382,1386,Patrick Read Johnson,"Joe Mantegna, Lara Flynn Boyle, Joe Pantoliano","Baby Bink couldn't ask for more: he has adoring (if somewhat sickly-sweet) parents, lives in a huge mansion, and he's just about to appear in the social pages of the paper. Unfortunately, not everyone in the world is as nice as Baby Bink's parents—especially the three enterprising kidnappers who pretend to be photographers from the newspaper. Successfully kidnapping Baby Bink, they have a harder time keeping hold of the rascal, who not only keeps one step ahead of them, but seems to be more than a little bit smarter than the three bumbling criminals.",Moderate,At least broke even or decent ratings
10054,Spy Kids,2001-03-18,2001,en,88,"Family, Action, Comedy, Adventure, Science Fiction",35000000,147934180,6.079,5.815,3583,Robert Rodriguez,"Alexa PenaVega, Daryl Sabara, Antonio Banderas","Carmen and Juni think their parents are boring. Little do they know that in their day, Gregorio and Ingrid Cortez were the top secret agents from their respective countries. They gave up that life to raise their children. Now, the disappearances of several of their old colleagues forces the Cortez' return from retirement. What they didn't count on was Carmen and Juni joining the ""family business.""",Moderate,At least broke even or decent ratings
57431,The Sitter,2011-12-09,2011,en,81,Comedy,25000000,34942188,6.662,5.586,978,David Gordon Green,"Jonah Hill, Landry Bender, Max Records","Noah, is not your typical entertain-the-kids-no-matter-how-boring-it-is kind of sitter. He's reluctant to take a sitting gig; he'd rather, well, be doing anything else, especially if it involves slacking. When Noah is watching the neighbor's kid he gets a booty call from his girlfriend in the city. To hook up with her, Noah takes to the streets, but his urban adventure spins out of control as he finds himself on the run from a maniacal drug lord.",Moderate,At least broke even or decent ratings
11888,Snow Dogs,2002-01-18,2002,en,99,"Comedy, Family, Adventure",35000000,81000000,6.853,5.634,755,Brian Levant,"Cuba Gooding Jr., James Coburn, Sisqó","When a Miami dentist inherits a team of sled dogs, he's got to learn the trade or lose his pack to a crusty mountain man.",Moderate,At least broke even or decent ratings
297021,"Recently, My Sister Is Unusual",2014-05-17,2014,ja,117,"Comedy, Fantasy, Romance",0,0,6.7329,7.1,70,Iggy Coen,"Tenka Hashimoto, Yūkichi Kobayashi, Mayu Mitsui","Mitsuki and Yuya become stepsister and stepbrother because of their parents' marriage. Mitsuki can't get along with her new family and Yuya doesn't know how to approach his new stepsister. One day, Mitsuki becomes possessed by the spirit of Hiyori.  Hiyori likes Yuya and believes Yuya can help her get to heaven. Hiyori places a leather chastity belt upon on Mitsuki and a plan takes place to help send Hiyori to heaven.",Average/Positive,Decent user score (no financials)
1124566,Sentimental Value,2025-08-20,2025,no,135,"Drama, Comedy",7800000,6757440,6.4259,7.5,79,Joachim Trier,"Renate Reinsve, Stellan Skarsgård, Inga Ibsdotter Lilleaas","Sisters Nora and Agnes reunite with their estranged father, the charismatic Gustav, a once-renowned director who offers stage actress Nora a role in what he hopes will be his comeback film. When Nora turns it down, she soon discovers he has given her part to an eager young Hollywood star.",Moderate,At least broke even or decent ratings
10982,Hoodwinked!,2005-12-16,2005,en,81,"Animation, Comedy, Family, Crime, Mystery",8000000,110000000,6.6415,6.245,1821,Cory Edwards,"Anne Hathaway, Glenn Close, Patrick Warburton","Little Red Riding Hood: A classic story, but there's more to every tale than meets the eye. Before you judge a book by its cover, you've got to flip through the pages. In the re-telling of this classic fable, the story begins at the end of the tale and winds its way back. Chief Grizzly and Detective Bill Stork investigate a domestic disturbance at Granny's cottage, involving a karate-kicking Red Riding Hood, a sarcastic wolf and an oafish Woodsman.",Hit,Revenue >= 1.2x budget and decent ratings
4523,Enchanted,2007-11-20,2007,en,107,"Comedy, Family, Fantasy, Romance",85000000,340487652,6.4377,6.841,5570,Kevin Lima,"Amy Adams, Patrick Dempsey, James Marsden","The beautiful princess Giselle is banished by an evil queen from her magical, musical animated land and finds herself in the gritty reality of the streets of modern-day Manhattan. Shocked by this strange new environment that doesn't operate on a ""happily ever after"" basis, Giselle is now adrift in a chaotic world badly in need of enchantment. But when Giselle begins to fall in love with a charmingly flawed divorce lawyer who has come to her aid - even though she is already promised to a perfect fairy tale prince back home - she has to wonder: Can a storybook view of romance survive in the real world?",Hit,Revenue >= 1.2x budget and decent ratings
324849,The Lego Batman Movie,2017-02-08,2017,en,104,"Animation, Action, Comedy, Family",80000000,311950384,6.8544,7.232,5230,Chris McKay,"Will Arnett, Michael Cera, Rosario Dawson","A cooler-than-ever Bruce Wayne must deal with the usual suspects as they plan to rule Gotham City, while discovering that he has accidentally adopted a teenage orphan who wishes to become his sidekick.",Blockbuster,"Revenue >= 2x budget (311950384 >= 160000000), strong user ratings"
2770,American Pie 2,2001-08-10,2001,en,108,"Comedy, Romance",30000000,287553595,7.794,6.247,5108,J.B. Rogers,"Jason Biggs, Thomas Ian Nicholas, Chris Klein","After a year apart - attending different schools, meeting different people - the guys rent a beach house and vow to make this the best summer ever. As it turns out, whether that will happen or not has a lot to do with the girls. Between the wild parties, outrageous revelations and yes, a trip to band camp, they discover that times change and people change, but in the end, it's all about sticking together.",Hit,Revenue >= 1.2x budget and decent ratings
2123,"Me, Myself & Irene",2000-06-22,2000,en,116,Comedy,51000000,149270999,6.9327,6.605,4061,Peter Farrelly,"Jim Carrey, Renée Zellweger, Anthony Anderson","Rhode Island State Trooper Charlie Baileygates has a multiple personality disorder. One personality is crazy and aggressive, while the other is more friendly and laid back. Both of these personalities fall in love with the same woman named Irene after Charlie loses his medication.",Hit,Revenue >= 1.2x budget and decent ratings
85877,The 33D Invader,2011-10-06,2011,cn,82,"Comedy, Science Fiction",0,0,6.6259,5.645,31,Cash Chin Man-Kei,"Wu Qing-Qing, Chen Jun-Yan, Akiho Yoshizawa","A young woman named Future is sent from the year 2046 to the year 2011 in Hong Kong. Future was sent by the United Nations in order to get pregnant, where she can then extract her genes and repopulate the earth as 99% of males have become infertile in the future due to attacks from Planet Xucker. Two assassins from Xuckler are sent after her to stop her. Future meets three University students: Felix, Dan-san and Sing. The men are obsessed with female students next door: Chin-chin, Chen-chen and Sai-sai. The students agree to help Future find a mate at the university.",Unknown,Insufficient financial data
9718,Talladega Nights: The Ballad of Ricky Bobby,2006-08-04,2006,en,108,Comedy,72500000,163000000,7.028,6.365,1783,Adam McKay,"Will Ferrell, John C. Reilly, Sacha Baron Cohen","The fastest man on four wheels, Ricky Bobby is one of the greatest drivers in NASCAR history. A big, hairy American winning machine, Ricky has everything a dimwitted daredevil could want, a luxurious mansion, a smokin' hot wife and all the fast food he can eat. But Ricky's turbo-charged lifestyle hits an unexpected speed bump when he's bested by flamboyant Euro-idiot Jean Girard and reduced to a fear-ridden wreck.",Hit,Revenue >= 1.2x budget and decent ratings
325358,Superfast!,2015-03-05,2015,en,99,"Comedy, Action",20000000,0,6.9442,5.099,482,Jason Friedberg,"Alex Ashbaugh, Dale Pavinski, Andrea Navedo","Undercover cop Lucas White joins Vin Serento's gang of illegal street racers. They are fast and they are furious and they plan to double cross Los Angeles kingpin Juan Carlos de la Sol, who hides his cash in a downtown Taco Bell.",Unknown,Insufficient financial data
11653,The Myth,2005-05-11,2005,zh,118,"Action, Adventure, Comedy, Drama, Fantasy",15000000,6669097,6.3959,6.384,397,Stanley Tong Gwai-Lai,"Jackie Chan, Kim Hee-seon, Tony Leung Ka-fai","When a fellow scientist asks for Jack's help in locating the mausoleum of China's first emperor, the past collides violently with the present as Jack discovers his amazing visions are based in fact.",Moderate,At least broke even or decent ratings
9362,Tremors,1990-01-19,1990,en,96,"Horror, Action, Science Fiction, Comedy",11000000,48572000,6.7125,6.9,3412,Ron Underwood,"Kevin Bacon, Fred Ward, Finn Carter","Val McKee and Earl Bassett are in a fight for their lives when they discover that their desolate town has been infested with gigantic, man-eating creatures that live below the ground.",Hit,Revenue >= 1.2x budget and decent ratings
37735,Easy A,2010-09-16,2010,en,93,Comedy,8000000,75026327,7.3797,6.81,7151,Will Gluck,"Emma Stone, Penn Badgley, Amanda Bynes","Olive, an average high school student, sees her below-the-radar existence turn around overnight once she decides to use the school's gossip grapevine to advance her social standing. Now her classmates are turning against her and the school board is becoming concerned, including her favorite teacher and the distracted guidance counselor. With the support of her hilariously idiosyncratic parents and a little help from a long-time crush, Olive attempts to take on her notorious new identity and crush the rumor mill once and for all.",Hit,Revenue >= 1.2x budget and decent ratings
8488,Hitch,2005-02-11,2005,en,118,"Comedy, Drama, Romance",70000000,371600000,7.3731,6.571,6016,Andy Tennant,"Will Smith, Eva Mendes, Kevin James","Dating coach Alex 'Hitch' Hitchens mentors a bumbling client, Albert, who hopes to win the heart of the glamorous Allegra Cole. While Albert makes progress, Hitch faces his own romantic setbacks when proven techniques fail to work on Sara Melas, a tabloid reporter digging for dirt on Allegra Cole's love life. When Sara discovers Hitch's connection to Albert – now Allegra's boyfriend – it threatens to destroy both relationships.",Hit,Revenue >= 1.2x budget and decent ratings
62764,Mirror Mirror,2012-03-15,2012,en,106,"Adventure, Comedy, Family, Fantasy",85000000,183018522,5.8467,5.923,3226,Tarsem Singh,"Lily Collins, Julia Roberts, Armie Hammer","After she spends all her money, an evil enchantress queen schemes to marry a handsome, wealthy prince. There's just one problem - he's in love with a beautiful princess, Snow White. Now, joined by seven rebellious dwarves, Snow White launches an epic battle of good vs. evil...",Moderate,At least broke even or decent ratings
9279,Jingle All the Way,1996-11-21,1996,en,89,"Family, Comedy, Adventure",60000000,129800000,6.2585,6.1,2796,Brian Levant,"Arnold Schwarzenegger, Sinbad, Phil Hartman","Howard Langston, a salesman for a mattress company, is constantly kept busy at his job, disappointing his son. After he misses his son's karate exposition, Howard vows to make it up to him by buying an action figure of his son's favorite television hero for Christmas. Unfortunately for Howard, it is Christmas Eve, and every store is sold out of Turbo Man. Now, Howard must travel all over town and compete with everybody else to find a Turbo Man action figure.",Hit,Revenue >= 1.2x budget and decent ratings
23398,Alvin and the Chipmunks: The Squeakquel,2009-12-21,2009,en,88,"Comedy, Family, Animation, Fantasy, Music",75000000,443140005,6.7399,5.646,3045,Betty Thomas,"Zachary Levi, David Cross, Jason Lee","Pop sensations Alvin, Simon and Theodore end up in the care of Dave Seville's twenty-something nephew Toby. The boys must put aside music super stardom to return to school, and are tasked with saving the school's music program by winning the $25,000 prize in a battle of the bands. But the Chipmunks unexpectedly meet their match in three singing chipmunks known as The Chipettes - Brittany, Eleanor and Jeanette. Romantic and musical sparks are ignited when the Chipmunks and Chipettes square off.",Moderate,At least broke even or decent ratings
11852,The Hot Chick,2002-12-13,2002,en,104,"Comedy, Fantasy",34000000,54639553,6.2881,6.363,2084,Tom Brady,"Rob Schneider, Anna Faris, Matthew Lawrence","Not only is Jessica Spencer the most popular girl in school -- she is also the meanest. But things change for the attractive teen when a freak accident involving a cursed pair of earrings and a chance encounter at a gas station causes her to switch bodies with Clive, a sleazy crook. Jessica, in the form of the repulsive Clive, struggles to adjust to this radical alteration and sets out to get her own body back before the upcoming prom.",Hit,Revenue >= 1.2x budget and decent ratings
457332,Hidden Strike,2023-07-06,2023,en,103,"Action, Comedy, Thriller",80000000,0,6.7381,6.9,1029,Scott Waugh,"Jackie Chan, John Cena, Ma Xinrui",Two elite soldiers must escort civilians through a gauntlet of gunfire and explosions.,Average/Positive,Decent user score (no financials)
1694,Re-Animator,1985-10-18,1985,en,86,"Science Fiction, Comedy, Horror",900000,2023414,6.816,7.046,1591,Stuart Gordon,"Jeffrey Combs, Bruce Abbott, Barbara Crampton","Conducting clandestine experiments within the morgue at Miskatonic University, scientist Herbert West reveals to a fellow graduate student his groundbreaking work concerning the re-animation of fresh corpses.",Hit,Revenue >= 1.2x budget and decent ratings
840430,The Holdovers,2023-10-27,2023,en,133,"Comedy, Drama",13000000,42513270,7.5413,7.66,2181,Alexander Payne,"Paul Giamatti, Dominic Sessa, Da'Vine Joy Randolph","A curmudgeonly instructor at a New England prep school is forced to remain on campus during Christmas break to babysit the handful of students with nowhere to go. Eventually, he forms an unlikely bond with one of them — a damaged, brainy troublemaker — and with the school’s head cook, who has just lost a son in Vietnam.",Blockbuster,"Revenue >= 2x budget (42513270 >= 26000000), strong user ratings"
296099,Vacation,2015-07-28,2015,en,99,Comedy,31000000,104400000,7.3772,6.303,3844,John Francis Daley,"Ed Helms, Christina Applegate, Skyler Gisondo","Hoping to bring his family closer together and to recreate his childhood vacation for his own kids, a grown up Rusty Griswold takes his wife and their two sons on a cross-country road trip to the coolest theme park in America, Walley World. Needless to say, things don't go quite as planned.",Hit,Revenue >= 1.2x budget and decent ratings
375262,The Favourite,2018-11-23,2018,en,120,"History, Comedy, Drama",15000000,95918706,8.6134,7.504,5707,Yorgos Lanthimos,"Emma Stone, Olivia Colman, Rachel Weisz","England, early 18th century. The close relationship between Queen Anne and Sarah Churchill is threatened by the arrival of Sarah's cousin, Abigail Hill, resulting in a bitter rivalry between the two cousins to be the Queen's favourite.",Blockbuster,"Revenue >= 2x budget (95918706 >= 30000000), strong user ratings"
440472,The Upside,2019-01-10,2019,en,126,"Comedy, Drama",37500000,125000000,6.263,7.131,1341,Neil Burger,"Kevin Hart, Bryan Cranston, Nicole Kidman","Phillip is a wealthy quadriplegic who needs a caretaker to help him with his day-to-day routine in his New York penthouse. He decides to hire Dell, a struggling parolee who's trying to reconnect with his ex and his young son. Despite coming from two different worlds, an unlikely friendship starts to blossom.",Hit,Revenue >= 1.2x budget and decent ratings
9788,Accepted,2006-08-18,2006,en,93,Comedy,23000000,38505009,6.9305,6.418,1648,Steve Pink,"Justin Long, Jonah Hill, Blake Lively","A high school slacker who's rejected by every school he applies to opts to create his own institution of higher learning, the South Harmon Institute of Technology, on a rundown piece of property near his hometown.",Hit,Revenue >= 1.2x budget and decent ratings
1160360,If I Had Legs I'd Kick You,2025-10-10,2025,en,113,"Comedy, Drama",0,21263,6.4855,7.0,3,Mary Bronstein,"Rose Byrne, Delaney Quinn, Mary Bronstein","With her life crashing down around her, Linda attempts to navigate her child's mysterious illness, her absent husband, a missing person, and an increasingly hostile relationship with her therapist.",Average/Positive,Decent user score (no financials)
473186,East Lynne on the Western Front,1931-07-13,1931,en,85,Comedy,0,0,6.0703,0.0,0,George Pearson,"Herbert Mundin, Mark Daly, Alf Goddard",During the First World War a group of British soldiers serving on the Western Front stage a comic performance of the play East Lynne to entertain their comrades.,Unknown,Insufficient financial data
265268,Hurra...die deutsche Sex-Partei,1974-01-01,1974,de,83,Comedy,0,0,6.6424,1.5,2,Hans D. Bornhauser,"Michael Conti, Lisa Lotz, Angela Adams",The German sex party wants to enter the German Bundestag to dismantle outdated moral concepts. The racy redheaded party leader and her playmates attract public attention with revealing actions...,Unknown,Insufficient financial data
195173,Age of Panic,2013-09-18,2013,fr,94,"Comedy, Drama",0,0,5.8308,6.1,74,Justine Triet,"Laetitia Dosch, Vincent Macaigne, Arthur Harari","May 6, 2012. Cable news reporter Laetitia is covering the French presidential elections, while Vincent, her ex-husband, demands to see their two young daughters. It's a manic Sunday in Paris: two agitated girls, a frazzled babysitter, a needy new boyfriend, a grumpy lawyer and France cut in half!",Average/Positive,Decent user score (no financials)
587807,Tom & Jerry,2021-02-10,2021,en,101,"Comedy, Family, Animation",50000000,136536687,6.5744,6.743,2514,Tim Story,"Chloë Grace Moretz, Michael Peña, Colin Jost","Tom the cat and Jerry the mouse get kicked out of their home and relocate to a fancy New York hotel, where a scrappy employee named Kayla will lose her job if she can’t evict Jerry before a high-class wedding at the hotel. Her solution? Hiring Tom to get rid of the pesky mouse.",Hit,Revenue >= 1.2x budget and decent ratings
11631,Mamma Mia!,2008-07-03,2008,en,108,"Comedy, Romance",52000000,609841637,7.4053,6.98,6802,Phyllida Lloyd,"Meryl Streep, Amanda Seyfried, Pierce Brosnan",A spirited young bride-to-be living with her single mother on a small Greek island secretly invites three of her mother's ex-boyfriends in hope of finding her biological father to walk her down the aisle.,Hit,Revenue >= 1.2x budget and decent ratings
87818,Movie 43,2013-01-24,2013,en,94,Comedy,6000000,32443111,7.8423,4.627,2418,Steven Brill,"Dennis Quaid, Greg Kinnear, Hugh Jackman",A series of interconnected short films are the backdrop for a maniac screenwriter who pitches insane storylines featuring some of Hollywood's biggest and brightest.,Moderate,At least broke even or decent ratings
364689,Ferdinand,2017-12-09,2017,en,108,"Animation, Family, Adventure, Comedy",111000000,295038508,7.1844,7.223,2988,Carlos Saldanha,"John Cena, Kate McKinnon, Anthony Anderson","Ferdinand, a little bull, prefers sitting quietly under a cork tree just smelling the flowers versus jumping around, snorting, and butting heads with other bulls. As Ferdinand grows big and strong, his temperament remains mellow, but one day five men come to choose the ""biggest, fastest, roughest bull"" for the bullfights in Madrid and Ferdinand is mistakenly chosen.  Based on the classic 1936 children's book by Munro Leaf.",Blockbuster,"Revenue >= 2x budget (295038508 >= 222000000), strong user ratings"
848538,Argylle,2024-01-31,2024,en,139,"Action, Adventure, Comedy, Thriller",200000000,96221061,6.695,6.021,1583,Matthew Vaughn,"Bryce Dallas Howard, Sam Rockwell, Bryan Cranston","When the plots of reclusive author Elly Conway's fictional espionage novels begin to mirror the covert actions of a real-life spy organization, quiet evenings at home become a thing of the past. Accompanied by her cat Alfie and Aidan, a cat-allergic spy, Elly races across the world to stay one step ahead of the killers as the line between Conway's fictional world and her real one begins to blur.",Moderate,At least broke even or decent ratings
639721,The Addams Family 2,2021-10-01,2021,en,93,"Animation, Family, Comedy, Fantasy, Adventure",0,119815153,6.4587,6.949,1362,Conrad Vernon,"Oscar Isaac, Charlize Theron, Chloë Grace Moretz",The Addams get tangled up in more wacky adventures and find themselves involved in hilarious run-ins with all sorts of unsuspecting characters.,Average/Positive,Decent user score (no financials)
83200,Tummy Trouble,1989-06-23,1989,en,7,"Comedy, Animation",0,0,7.0591,6.7,74,Rob Minkoff,"Charles Fleischer, April Winchell, Lou Hirsch",Roger Rabbit once again is chosen for the dangerous task of babysitting Baby Herman and everything is going to be just fine.,Average/Positive,Decent user score (no financials)
11520,Grumpy Old Men,1993-12-25,1993,en,103,"Comedy, Romance",35100000,70200000,6.1754,6.7,709,Donald Petrie,"Jack Lemmon, Walter Matthau, Ann-Margret","For decades, next-door neighbors and former friends John and Max have feuded, trading insults and wicked pranks. When an attractive widow moves in nearby, their bad blood erupts into a high-stakes rivalry full of naughty jokes and adolescent hijinks.",Hit,Revenue >= 1.2x budget and decent ratings
71552,American Reunion,2012-04-04,2012,en,113,Comedy,50000000,234989584,7.8319,6.303,4550,Jon Hurwitz,"Jason Biggs, Alyson Hannigan, Seann William Scott","The characters we met a little more than a decade ago return to East Great Falls for their high school reunion. In one long-overdue weekend, they will discover what has changed, who hasn’t, and that time and distance can’t break the bonds of friendship.",Hit,Revenue >= 1.2x budget and decent ratings
238713,Spy,2015-05-06,2015,en,120,"Action, Comedy, Crime",65000000,235666219,7.2362,6.834,6212,Paul Feig,"Melissa McCarthy, Rose Byrne, Jason Statham","A desk-bound CIA analyst volunteers to go undercover to infiltrate the world of a deadly arms dealer, and prevent diabolical global disaster.",Hit,Revenue >= 1.2x budget and decent ratings
228161,Home,2015-03-18,2015,en,94,"Fantasy, Comedy, Animation, Science Fiction, Family",135000000,368871007,5.9774,6.793,4115,Tim Johnson,"Jim Parsons, Rihanna, Steve Martin","When Earth is taken over by the overly-confident Boov, an alien race in search of a new place to call home, all humans are promptly relocated, while all Boov get busy reorganizing the planet. But when one resourceful girl, Tip, manages to avoid capture, she finds herself the accidental accomplice of a banished Boov named Oh. The two fugitives realize there’s a lot more at stake than intergalactic relations as they embark on the road trip of a lifetime.",Hit,Revenue >= 1.2x budget and decent ratings
1404864,Inspector Zende,2025-09-04,2025,hi,112,"Comedy, Drama, Thriller",0,0,6.1253,6.0,10,Chinmay Mandlekar,"Manoj Bajpayee, Jim Sarbh, Bhalchandra Kadam","When serial killer Carl Bhojraj escapes prison and resurfaces in Mumbai, the determined Inspector Zende steps up to nab the cunning fugitive once more.",Average/Positive,Decent user score (no financials)
51540,Horrible Bosses,2011-07-08,2011,en,98,"Comedy, Crime",35000000,209838559,6.9932,6.573,6576,Seth Gordon,"Jason Bateman, Charlie Day, Jason Sudeikis","For Nick, Kurt and Dale, the only thing that would make the daily grind more tolerable would be to grind their intolerable bosses into dust. Quitting is not an option, so, with the benefit of a few-too-many drinks and some dubious advice from a hustling ex-con, the three friends devise a convoluted and seemingly foolproof plan to rid themselves of their respective employers... permanently.",Hit,Revenue >= 1.2x budget and decent ratings
14324,Virgin Territory,2007-12-17,2007,en,93,"Adventure, Action, Comedy, Romance",38000000,5410749,6.7728,4.883,351,David Leland,"Hayden Christensen, Mischa Barton, Kate Groombridge","In Black Death era Tuscany, as in the Decameron, ten young Florentines take refuge from the plague. But instead of telling stories, they have lusty adventures, bawdy exchanges, romance, swordplay, randy nuns, Saracen pirates, and a sexy cow.",Flop,Revenue < budget and low ratings
1139817,Officer Black Belt,2024-09-12,2024,ko,108,"Action, Comedy, Crime",0,0,6.143,7.708,317,Jason Kim,"Kim Woo-bin, Kim Sung-kyun, Lee Hyun-gul",A talented martial artist who can't walk past a person in need unites with a probation officer to fight and prevent crime as a martial arts officer.,Average/Positive,Decent user score (no financials)
1026605,A Magical Christmas Village,2022-11-13,2022,en,84,"TV Movie, Comedy, Romance",0,0,5.4578,6.4,23,Jason Furukawa,"Alison Sweeney, Luke Macfarlane, Marlo Thomas","When Summer’s mother Vivian moves in with her and her young daughter Chloe, her orderly existence is upended. Upon arrival, Vivian sets up an heirloom, miniature Christmas village resembling their town, and tells Chloe it grants Christmas wishes. As Chloe begins setting up the figurines, real-life events seem to mimic the scenes she creates. With a little help from the magic of the Christmas village, the family will be brought closer together and just maybe, Summer will learn to open her heart to love again.",Average/Positive,Decent user score (no financials)
21481,Twitches,2005-10-14,2005,en,86,"Comedy, Drama, Family, Fantasy, TV Movie",20000000,0,6.3857,6.749,520,Stuart Gillard,"Tia Mowry, Tamera Mowry-Housley, Kristen Wilson","Twins separated at birth, Camryn and Alex meet by chance for the first time on their 21st birthday and discover they're witches with the power to save their homeland of Coventry from the evil that threatens it. But when Camryn leaves Alex to face the darkness alone, will Coventry be doomed? Or will the sisters multiply their magic by standing together?",Average/Positive,Decent user score (no financials)
484718,Coming 2 America,2021-03-04,2021,en,110,Comedy,60000000,0,6.7117,6.373,2306,Craig Brewer,"Eddie Murphy, Arsenio Hall, Jermaine Fowler","Prince Akeem Joffer is set to become King of Zamunda when he discovers he has a son he never knew about in America – a street savvy Queens native named Lavelle. Honoring his royal father's dying wish to groom this son as the crown prince, Akeem and Semmi set off to America once again.",Average/Positive,Decent user score (no financials)
1201176,Easter Bloody Easter,2024-03-25,2024,en,103,"Horror, Comedy, Fantasy",0,0,5.9535,4.625,12,Diane Foster,"Diane Foster, Kelly Grant, Allison Lobel",A woman must protect her small town from the Jackalope (based on the mythical rabbit-antelope creature of North American folklore) and his army of devilish bunnies as they embark on a murder spree over the Easter weekend.,Unknown,Insufficient financial data
22705,Cheeky,2000-01-28,2000,it,91,"Comedy, Drama, Romance",2100000,0,6.7035,5.6,272,Tinto Brass,"Yuliya Mayarchuk, Jarno Berardi, Francesca Nunzi","While scouting out apartments in London for her Venetian boyfriend, Carla rents an apartment overlooking the Thames. There, she meets a real estate agent by the name of Moira.",Unknown,Insufficient financial data
32694,Can't Buy Me Lunch: Another Look at The Rutles,2003-08-16,2003,en,56,"Comedy, Music, TV Movie",0,0,6.5188,5.6,13,Eric Idle,"Eric Idle, Neil Innes, Ricky Fataar","Twenty-three years after the release of the original Beatles mockumentary, 'The Rutles: All You Need Is Cash', famous artists, actors and musicians speak out on how The Rutles influenced them.",Unknown,Insufficient financial data
6878,Homeward Bound: The Incredible Journey,1993-02-03,1993,en,84,"Adventure, Comedy, Family",24000000,57333324,6.5735,6.973,1075,Duwayne Dunham,"Michael J. Fox, Sally Field, Don Ameche","Before the Seavers leave for a family vacation to San Francisco, they drop off their pets -- Chance, an adventurous American bulldog; Shadow, a wise golden retriever; and Sassy, a cautious cat -- at a friend's ranch. But when the animals start to worry that they've been left for good, the three embark together on a treacherous and thrilling journey to find their way back home through the California wilderness.",Hit,Revenue >= 1.2x budget and decent ratings
10377,My Cousin Vinny,1992-03-13,1992,en,120,"Comedy, Drama",11000000,64088552,6.6555,7.495,1712,Jonathan Lynn,"Joe Pesci, Marisa Tomei, Ralph Macchio","Two carefree pals from Brooklyn traveling through rural Alabama on their way back to college are mistakenly arrested, and charged with murder. Fortunately, one of them has a cousin who's a lawyer - Vincent Gambini, a former auto mechanic from Brooklyn who just passed his bar exam after his sixth try. When he arrives with his leather-clad girlfriend, to try his first case, it's a real shock - for him and the Deep South!",Hit,Revenue >= 1.2x budget and decent ratings
8012,Get Shorty,1995-10-20,1995,en,105,"Comedy, Thriller, Crime",30250000,115101622,6.2226,6.512,1129,Barry Sonnenfeld,"John Travolta, Gene Hackman, Rene Russo","Chili Palmer is a Miami mobster who gets sent to L.A. to collect a bad debt from Harry Zimm, a Hollywood producer who specializes in cheesy horror films. When Chili meets Harry's leading lady, the romantic sparks fly. After pitching his own life story as a movie idea, Chili learns that being a mobster and being a Hollywood producer really aren't all that different.",Hit,Revenue >= 1.2x budget and decent ratings
535581,The Dead Don't Die,2019-05-15,2019,en,104,"Comedy, Horror, Fantasy, Science Fiction",11000000,15325468,6.7065,5.43,2734,Jim Jarmusch,"Bill Murray, Adam Driver, Chloë Sevigny","In the sleepy town of Centerville, the lives of a number of interconnected characters are disrupted by the undead.",Moderate,At least broke even or decent ratings
7443,Chicken Run,2000-06-23,2000,en,84,"Animation, Comedy, Family",45000000,224834564,7.1722,6.833,5233,Nick Park,"Julia Sawalha, Mel Gibson, Imelda Staunton","The creators of Wallace & Gromit bring you an exciting and original story about a group of chickens determined to fly the coop–even if they can’t fly! It’s hardly poultry in motion when Rocky attempts to teach Ginger and her feathered friends to fly…but, with teamwork, determination and a little bit o’ cluck, the fearless flock plots one last attempt in a spectacular bid for freedom.",Hit,Revenue >= 1.2x budget and decent ratings
597922,The Greatest Beer Run Ever,2022-09-23,2022,en,126,"Drama, Comedy, War",2800000,0,6.2994,7.535,836,Peter Farrelly,"Zac Efron, Russell Crowe, Kyle Allen","Chickie wants to support his friends fighting in Vietnam, so he does something wild—personally bring them American beer. What starts as a well-meaning journey quickly changes Chickie's life and perspective.",Critically Good,High user score & significant votes (no financials)
222517,Snow White and 7 Wise Men,1982-04-03,1982,it,93,Comedy,0,0,6.2797,5.0,13,Mario Bianchi,"Michela Miti, Franco Bracardi, Aldo Sambrell",The king and the queen conceive Snow White during a sexual relationship in the snow.,Unknown,Insufficient financial data
1329336,The Bad Guys: Haunted Heist,2024-10-02,2024,en,25,"Animation, Comedy",0,0,6.4321,6.9,141,Kevin Peaty,"Michael Godere, Ezekiel Ajeigbe, Raul Ceballos",The crafty Bad Guys crew embarks on a high-stakes Halloween heist to swipe a priceless amulet from a spooky mansion. What could go wrong?,Average/Positive,Decent user score (no financials)
4442,The Brothers Grimm,2005-08-26,2005,en,118,"Adventure, Fantasy, Action, Comedy, Thriller",88000000,105300000,6.6303,5.841,2839,Terry Gilliam,"Matt Damon, Heath Ledger, Lena Headey","Folklore collectors and con artists, Jake and Will Grimm, travel from village to village pretending to protect townsfolk from enchanted creatures and performing exorcisms. However, they are put to the test when they encounter a real magical curse in a haunted forest with real magical beings, requiring genuine courage.",Moderate,At least broke even or decent ratings
200727,"Love, Rosie",2014-10-16,2014,en,102,"Romance, Drama, Comedy",0,4439431,7.2105,7.817,6379,Christian Ditter,"Lily Collins, Sam Claflin, Christian Cooke","Since the moment they met at age 5, Rosie and Alex have been best friends, facing the highs and lows of growing up side by side. A fleeting shared moment, one missed opportunity, and the decisions that follow send their lives in completely different directions. As each navigates the complexities of life, love, and everything in between, they always find their way back to each other - but is it just friendship, or something more?",Critically Good,High user score & significant votes (no financials)
57214,Project X,2012-03-01,2012,en,88,Comedy,12000000,102731865,6.8221,6.886,6593,Nima Nourizadeh,"Thomas Mann, Oliver Cooper, Jonathan Daniel Brown","Three high school seniors throw a party to make a name for themselves. As the night progresses, things spiral out of control as word of the party spreads.",Hit,Revenue >= 1.2x budget and decent ratings
10956,Joe Dirt,2001-04-10,2001,en,91,"Mystery, Adventure, Comedy, Romance, Drama",17700000,30987695,5.9694,5.604,762,Dennie Gordon,"David Spade, Dennis Miller, Brittany Daniel","Joe Dirt is a janitor with a mullet hairdo, acid-washed jeans and a dream to find the parents that he lost at the Grand Canyon when he was a belligerent, trailer park-raised eight-year-old. Now, blasting Van Halen in his jacked-up economy car, the irrepressibly optimistic Joe hits the road alone in search of his folks.",Moderate,At least broke even or decent ratings
300,The Science of Sleep,2006-06-25,2006,fr,106,"Comedy, Drama, Fantasy",6000000,9524340,6.4087,6.993,800,Michel Gondry,"Gael García Bernal, Charlotte Gainsbourg, Miou-Miou",A man entranced by his dreams and imagination is lovestruck with a French woman and feels he can show her his world.,Hit,Revenue >= 1.2x budget and decent ratings
11774,Lemony Snicket's A Series of Unfortunate Events,2004-12-16,2004,en,107,"Adventure, Comedy, Family",140000000,209073645,5.5345,6.819,5138,Brad Silberling,"Emily Browning, Liam Aiken, Kara Hoffman","Three wealthy children's parents are killed in a fire. When they are sent to a distant relative, they find out that he is plotting to kill them and seize their fortune.",Hit,Revenue >= 1.2x budget and decent ratings
10438,Beethoven's 2nd,1993-12-14,1993,en,89,"Family, Comedy",15000000,118243066,5.8401,5.566,1022,Rod Daniel,"Charles Grodin, Bonnie Hunt, Nicholle Tom","Beethoven is back -- and this time, he has a whole brood with him now that he's met his canine match, Missy, and fathered a family. The only problem is that Missy's owner, Regina, wants to sell the puppies and tear the clan apart. It's up to Beethoven and the Newton kids to save the day and keep everyone together.",Moderate,At least broke even or decent ratings
20453,3 Idiots,2009-12-23,2009,hi,171,"Drama, Comedy",9000000,70000000,6.173,8.0,2550,Rajkumar Hirani,"Aamir Khan, R. Madhavan, Sharman Joshi","Rascal. Joker. Dreamer. Genius... You've never met a college student quite like ""Rancho."" From the moment he arrives at India's most prestigious university, Rancho's outlandish schemes turn the campus upside down—along with the lives of his two newfound best friends. Together, they make life miserable for ""Virus,"" the school’s uptight and heartless dean. But when Rancho catches the eye of the dean's daughter, Virus sets his sights on flunking out the ""3 idiots"" once and for all.",Blockbuster,"Revenue >= 2x budget (70000000 >= 18000000), strong user ratings"
623,A Fish Called Wanda,1988-07-15,1988,en,109,"Comedy, Crime",7500000,188593712,6.8243,7.205,2315,Charles Crichton,"Jamie Lee Curtis, John Cleese, Kevin Kline","While a diamond advocate attempts to steal a collection of diamonds, troubles arise when he realises he’s not the only one after the collection.",Blockbuster,"Revenue >= 2x budget (188593712 >= 15000000), strong user ratings"
1123093,Diary of a Wimpy Kid Christmas: Cabin Fever,2023-12-07,2023,en,64,"Animation, Comedy, Family",0,0,6.574,6.463,82,Luke Cormican,"Wesley Kimmel, Erica Cerra, Christian Convery","A hilarious and heartfelt holiday tale centered around everyone's favorite disaster-prone middle school student, Greg Heffley, which finds him desperately fighting to stay off Santa's naughty list as the family prepares for a major winter snowstorm.",Average/Positive,Decent user score (no financials)
9889,Shallow Hal,2001-11-01,2001,en,114,"Comedy, Romance, Fantasy",40000000,141069860,6.2279,6.2,3012,Bobby Farrelly,"Jack Black, Gwyneth Paltrow, Jason Alexander","After taking his dying father's advice, Hal dates only the embodiments of female physical perfection. But that all changes after Hal has an unexpected run-in with self-help guru Tony Robbins. Intrigued by Hal's shallowness, Robbins hypnotizes him into seeing the beauty that exists even in the least physically appealing women. Hal soon falls for Rosemary, but he doesn't realize that his gorgeous girlfriend is actually a 300-pound-not-so-hottie.",Hit,Revenue >= 1.2x budget and decent ratings
262841,Monster Trucks,2016-12-21,2016,en,104,"Action, Comedy, Science Fiction",125000000,64493915,6.6753,6.09,882,Chris Wedge,"Lucas Till, Jane Levy, Amy Ryan","Tripp is a high school senior with a knack for building trucks who makes an incredible discovery - a gas-guzzling creature named Creech. To protect his mischievous new friend, Tripp hides Creech under the hood of his latest creation, turning it into a real-life super-powered Monster Truck. Together, this unlikely duo with a shared taste for speed team up on a wild and unforgettable journey to reunite Creech with his family.",Moderate,At least broke even or decent ratings
1051891,Thelma,2024-06-21,2024,en,98,"Action, Comedy, Adventure, Drama",5000000,12537071,5.9226,6.909,339,Josh Margolin,"June Squibb, Fred Hechinger, Richard Roundtree","When 93-year-old Thelma Post gets duped by a phone scammer pretending to be her grandson, she sets out on a treacherous quest across the city to reclaim what was taken from her.",Moderate,At least broke even or decent ratings
424781,Sorry to Bother You,2018-07-06,2018,en,112,"Fantasy, Science Fiction, Comedy",3200000,18200000,5.4825,6.792,1656,Boots Riley,"LaKeith Stanfield, Tessa Thompson, Jermaine Fowler","In an alternate present-day version of Oakland, black telemarketer Cassius Green discovers a magical key to professional success – which propels him into a macabre universe.",Hit,Revenue >= 1.2x budget and decent ratings
1316147,Grand Prix of Europe,2025-07-24,2025,en,98,"Animation, Adventure, Comedy",0,4989093,6.1504,7.2,10,Waldemar Fast,"Gemma Arterton, Thomas Brodie-Sangster, Hayley Atwell","Edda, a young mouse and the daughter of fairground operator Erwin, dreams of becoming a race car driver. Ahead of the 50th anniversary of the European Grand Prix, Edda gets the opportunity to meet her idol, racing star Ed, and to help her father save his failing business. But to do so, she'll have to get behind the wheel herself.",Average/Positive,Decent user score (no financials)
979660,Freaky Tales,2025-04-04,2025,en,107,"Action, Comedy, Crime",0,400000,6.8323,6.419,162,Ryan Fleck,"Jay Ellis, Pedro Pascal, Ben Mendelsohn","In 1987 Oakland, a mysterious force guides The Town's underdogs in four interconnected tales: teen punks defend their turf against Nazi skinheads, a rap duo battles for hip-hop immortality, a weary henchman gets a shot at redemption, and an NBA All-Star settles the score.",Average/Positive,Decent user score (no financials)
796499,Army of Thieves,2021-10-29,2021,en,127,"Action, Crime, Comedy",30000000,46900000,7.0163,6.812,2170,Matthias Schweighöfer,"Matthias Schweighöfer, Nathalie Emmanuel, Ruby O. Fee",A mysterious woman recruits bank teller Ludwig Dieter to lead a group of aspiring thieves on a top-secret heist during the early stages of the zombie apocalypse.,Hit,Revenue >= 1.2x budget and decent ratings
1024452,French Girl,2024-03-15,2024,en,106,"Romance, Comedy",0,0,6.5401,6.3,91,James A. Woods,"Zach Braff, Evelyne Brochu, Vanessa Hudgens","Sweet Gordon, an affable English teacher in Brooklyn, has beaten the odds; a French Girl has fallen in love with him and he’s fallen even harder back. But their future is thrown into limbo when she interviews for an executive chef position in her hometown of Quebec City. To Gordon’s dismay her future boss also happens to be her former lover, a celebrity Chef with oceanic eyes and a hit TV show. Good luck Gordon.",Average/Positive,Decent user score (no financials)
1559491,You Gotta Have Faith,2025-10-15,2025,pt,87,"Romance, Comedy",300,0,4.9802,10.0,1,Tomás Fleck,"Luciana Paes, Rafael Pimenta, Eduardo Mendonça","Faith, love, and irony collide when a priest's sacred duty is to marry the only woman he ever loved - to someone else.",Average/Positive,Decent user score (no financials)
509967,6 Underground,2019-12-10,2019,en,128,"Action, Comedy, Thriller",150000000,0,6.6018,6.342,4975,Michael Bay,"Ryan Reynolds, Mélanie Laurent, Manuel Garcia-Rulfo","After faking his death, a tech billionaire recruits a team of international operatives for a bold and bloody mission to take down a brutal dictator.",Average/Positive,Decent user score (no financials)
1581,The Holiday,2006-12-05,2006,en,136,"Comedy, Romance",85000000,205219880,6.6942,7.091,5368,Nancy Meyers,"Cameron Diaz, Kate Winslet, Jude Law","Two women, one American and one British, swap homes at Christmastime following bad breakups. Each woman finds romance with a local man but realizes that the imminent return home may end the relationship.",Blockbuster,"Revenue >= 2x budget (205219880 >= 170000000), strong user ratings"
87428,That's My Boy,2012-06-14,2012,en,116,Comedy,70000000,57719093,7.1637,5.826,2072,Sean Anders,"Adam Sandler, Andy Samberg, Leighton Meester","While in his teens, Donny fathered a son, Todd, and raised him as a single parent up until Todd's 18th birthday. Now, after not seeing each other for years, Todd's world comes crashing down when Donny resurfaces just before Todd's wedding.",Flop,Revenue < budget and low ratings
1421990,The Baltimorons,2025-08-10,2025,en,99,"Comedy, Drama",0,39307,5.7503,6.594,16,Jay Duplass,"Michael Strassner, Liz Larsen, Olivia Luccardi",A newly sober man's Christmas Eve dental emergency leads to an unexpected romance with his older dentist as they explore Baltimore together.,Average/Positive,Decent user score (no financials)
100042,Dumb and Dumber To,2014-11-12,2014,en,110,Comedy,40000000,169837010,7.4124,5.567,3295,Bobby Farrelly,"Jim Carrey, Jeff Daniels, Laurie Holden","20 years since their first adventure, Lloyd and Harry go on a road trip to find Harry's newly discovered daughter, who was given up for adoption.",Moderate,At least broke even or decent ratings
587301,School Life,2019-08-28,2019,fr,111,"Drama, Comedy, Family",0,0,6.0143,6.888,791,Mehdi Idir,"Zita Hanrot, Liam Pierron, Soufiane Guerrab","In one of the poorest areas of Paris, a school counselor devotes herself to working with disadvantaged students, while facing challenges of her own.",Average/Positive,Decent user score (no financials)
13688,CJ7,2008-01-30,2008,cn,88,"Comedy, Drama, Family, Fantasy, Science Fiction",20000000,47301471,6.8854,7.303,755,Stephen Chow,"Stephen Chow, Xu Jiao, Zhang Yuqi","A poor construction worker, who struggles to keep his son in private school, mistakes an orb he finds in a junkjard for a toy which proves to be much, much more once the young boy starts to play with it.",Hit,Revenue >= 1.2x budget and decent ratings
1389038,Mickey and the Very Many Christmases,2024-12-01,2024,en,22,"Animation, Adventure, Comedy, Family",0,0,5.9321,6.5,16,Greg Rankin,"Bret Iwan, Kaitlyn Robrock, Bill Farmer",Mickey makes a magical wish that every day could be Christmas — but winds up having second thoughts when his wish actually comes true!,Average/Positive,Decent user score (no financials)
11451,Herbie Fully Loaded,2005-06-22,2005,en,100,"Comedy, Family, Adventure, Fantasy, Romance",50000000,144100000,6.1858,5.818,2368,Angela Robinson,"Lindsay Lohan, Michael Keaton, Matt Dillon","Maggie Peyton, the new owner of Number 53 - the free-wheelin' Volkswagen bug with a mind of its own - puts the car through its paces on the road to becoming a NASCAR competitor.",Moderate,At least broke even or decent ratings
11153,National Lampoon's Vacation,1983-07-29,1983,en,99,"Comedy, Adventure",15000000,61418063,5.8773,7.102,1650,Harold Ramis,"Chevy Chase, Beverly D'Angelo, Anthony Michael Hall","Clark Griswold is on a quest to take his family to the Walley World theme park for a vacation, but things don't go exactly as planned.",Hit,Revenue >= 1.2x budget and decent ratings
941,Lethal Weapon,1987-03-06,1987,en,110,"Adventure, Action, Comedy, Thriller, Crime",15000000,120207127,7.5753,7.286,4803,Richard Donner,"Mel Gibson, Danny Glover, Gary Busey",A veteran cop and an unstable detective become partners who must put their differences aside in order to bring down a heroin-smuggling ring run by ex-Special Forces.,Blockbuster,"Revenue >= 2x budget (120207127 >= 30000000), strong user ratings"
9678,Little Nicky,2000-11-10,2000,en,90,"Comedy, Fantasy",85000000,58292295,6.8077,5.853,1901,Steven Brill,"Adam Sandler, Patricia Arquette, Harvey Keitel","After the lord of darkness decides he will not cede his throne to any of his three sons, the two most powerful of them escape to Earth to create a kingdom for themselves. This action closes the portal filtering sinful souls to Hell and causes Satan to wither away. He must send his most weak but beloved son, Little Nicky, to Earth to return his brothers to Hell.",Flop,Revenue < budget and low ratings
4564,Sex and the City,2008-05-12,2008,en,146,"Comedy, Drama, Romance",65000000,418800000,7.0959,6.6,2200,Michael Patrick King,"Sarah Jessica Parker, Kim Cattrall, Kristin Davis",A New York writer on sex and love is finally getting married to her Mr. Big. But her three best girlfriends must console her after one of them inadvertently leads Mr. Big to jilt her.,Hit,Revenue >= 1.2x budget and decent ratings
400928,Gifted,2017-04-07,2017,en,101,"Drama, Comedy",7000000,40300000,6.8618,8.004,5774,Marc Webb,"Chris Evans, Mckenna Grace, Lindsay Duncan","Frank, a single man raising his child prodigy niece Mary, is drawn into a custody battle with his mother.",Blockbuster,"Revenue >= 2x budget (40300000 >= 14000000), strong user ratings"
11828,Erik the Viking,1989-09-01,1989,en,107,"Adventure, Fantasy, Comedy",0,1932642,5.7118,5.876,234,Terry Jones,"Tim Robbins, Mickey Rooney, Eartha Kitt","Erik the Viking gathers warriors from his village and sets out on a dangerous journey to Valhalla, to ask the gods to end the Age of Ragnorok and allow his people to see sunlight again. A Pythonesque satire of Viking life.",Unknown,Insufficient financial data
1584,School of Rock,2003-10-03,2003,en,110,"Comedy, Music",35000000,131100000,6.2965,7.083,5898,Richard Linklater,"Jack Black, Joan Cusack, Mike White","Fired from his band and hard up for cash, guitarist and vocalist Dewey Finn finagles his way into a job as a fifth-grade substitute teacher at a private school, where he secretly begins teaching his students the finer points of rock 'n' roll. The school's hard-nosed principal is rightly suspicious of Finn's activities. But Finn's roommate remains in the dark about what he's doing.",Blockbuster,"Revenue >= 2x budget (131100000 >= 70000000), strong user ratings"
137607,Celestine,1974-10-16,1974,fr,98,Comedy,0,0,6.1192,5.7,23,Jesús Franco,"Lina Romay, Olivier Mathot, Howard Vernon","The story opens with Celestine eluding arrest with a friend as the police raid a brothel. While hiding out in the hayloft of the Count de la Braquette's estate, she meets the hayseed handyman Sébastien and the butler Malou, who reward her favors with the offer of employment. In a manner recalling Terence Stamp's effect on the household in TEOREMA, Celestine's open and relaxed attitude toward sexuality has a transformative effect on the isolated, moribund inhabitants of the mansion, imbuing them with gift of renewed life for the men and women alike, that remains even after a third act twist that forces her to betray them.",Unknown,Insufficient financial data
1314784,Hridayapoorvam,2025-08-28,2025,ml,151,"Romance, Comedy, Drama, Family",0,0,6.1833,7.4,8,Sathyan Anthikad,"Mohanlal, Malavika Mohanan, Sangita","Sandeep, a middle-aged bachelor who recently got a heart transplant, travels to Pune to attend the engagement of his heart-donor’s daughter, Haritha. Her engagement gets broken and Sandeep injures his back on the same day, forcing him to stay back in Pune for a few weeks, in his heart-donor’s house – who was an adventurous Colonel.",Average/Positive,Decent user score (no financials)
2925,The First Wives Club,1996-09-20,1996,en,102,Comedy,26000000,116400000,6.1234,6.7,786,Hugh Wilson,"Goldie Hawn, Bette Midler, Diane Keaton","After years of helping their hubbies climb the ladder of success, three mid-life Manhattanites have been dumped for a newer, curvier model. But the trio is determined to turn their pain into gain. They come up with a cleverly devious plan to hit their exes where it really hurts - in the wallet!",Hit,Revenue >= 1.2x budget and decent ratings
12902,Scooby-Doo! and the Loch Ness Monster,2004-05-20,2004,en,74,"Family, Adventure, Animation, Comedy, Fantasy, Mystery",0,0,6.5351,7.288,439,Scott Jeralds,"Frank Welker, Casey Kasem, Mindy Cohn","While the gang travel to Scotland to visit Daphne's cousin and witness the annual Highland Games, they find themselves terrorized by the legendary Loch Ness Monster.",Average/Positive,Decent user score (no financials)
7278,Meet the Spartans,2008-01-24,2008,en,84,"Comedy, Fantasy",30000000,85897593,6.9127,4.102,1772,Jason Friedberg,"Travis Van Winkle, Sean Maguire, Carmen Electra","The heroic Leonidas, armed with nothing but leather underwear and a cape, leads a ragtag group of thirteen Spartans to defend their homeland against the invading Persians (whose ranks include Ghost Rider, Rocky Balboa, the Transformers, and a hunchbacked Paris Hilton). No one is safe when the Spartans take on the biggest icons in pop culture!",Moderate,At least broke even or decent ratings
325133,Neighbors 2: Sorority Rising,2016-05-04,2016,en,92,Comedy,35000000,108007109,6.1548,5.819,4497,Nicholas Stoller,"Seth Rogen, Zac Efron, Rose Byrne",A sorority moves in next door to the home of Mac and Kelly Radner who have a young child. The Radner's enlist their former nemeses from the fraternity to help battle the raucous sisters.,Moderate,At least broke even or decent ratings
522931,Hitman's Wife's Bodyguard,2021-06-14,2021,en,100,"Action, Comedy, Crime, Thriller",70000000,70060492,6.8423,6.664,2444,Patrick Hughes,"Ryan Reynolds, Samuel L. Jackson, Salma Hayek Pinault","The world’s most lethal odd couple – bodyguard Michael Bryce and hitman Darius Kincaid – are back on another life-threatening mission. Still unlicensed and under scrutiny, Bryce is forced into action by Darius's even more volatile wife, the infamous international con artist Sonia Kincaid. As Bryce is driven over the edge by his two most dangerous protectees, the trio get in over their heads in a global plot and soon find that they are all that stand between Europe and a vengeful and powerful madman.",Moderate,At least broke even or decent ratings
1234731,Anaconda,2025-12-24,2025,en,0,"Adventure, Comedy, Horror",0,0,6.3309,0.0,0,Tom Gormican,"Paul Rudd, Jack Black, Daniela Melchior","A group of friends facing mid-life crises head to the rainforest with the intention of remaking their favorite movie from their youth, only to find themselves in a fight for their lives against natural disasters, giant snakes and violent criminals.",Unknown,Insufficient financial data
11528,The Sandlot,1993-04-07,1993,en,101,"Family, Comedy",7000000,34348444,6.3991,7.539,1248,David Mickey Evans,"Tom Guiry, Mike Vitar, Patrick Renna","During a summer of friendship and adventure, one boy becomes a part of the gang, nine boys become a team and their leader becomes a legend by confronting the terrifying mystery beyond the right field wall.",Hit,Revenue >= 1.2x budget and decent ratings
955916,Lift,2024-01-10,2024,en,107,"Action, Comedy, Crime",0,0,7.3139,6.44,1368,F. Gary Gray,"Kevin Hart, Gugu Mbatha-Raw, Sam Worthington","An international heist crew, led by Cyrus Whitaker, race to lift $500 million in gold from a passenger plane at 40,000 feet.",Average/Positive,Decent user score (no financials)
10878,Saving Silverman,2001-02-09,2001,en,90,"Comedy, Crime, Romance",22000000,19351569,6.5931,5.657,569,Dennis Dugan,"Steve Zahn, Jack Black, Jason Biggs","A pair of buddies conspire to save their best friend from marrying the wrong woman, a cold-hearted beauty who snatches him from them and breaks up their Neil Diamond cover band.",Flop,Revenue < budget and low ratings
818,Austin Powers in Goldmember,2002-07-26,2002,en,94,"Comedy, Crime, Science Fiction",63000000,296938801,6.7249,6.0,3269,Jay Roach,"Mike Myers, Beyoncé, Seth Green","The world's most shagadelic spy continues his fight against Dr. Evil. This time, the diabolical doctor and his clone, Mini-Me, team up with a new foe—'70s kingpin Goldmember. While pursuing the team of villains to stop them from world domination, Austin gets help from his dad and an old girlfriend.",Hit,Revenue >= 1.2x budget and decent ratings
11044,Arizona Dream,1993-01-06,1993,en,142,"Fantasy, Comedy, Drama, Romance",19000000,112547,6.534,7.172,725,Emir Kusturica,"Johnny Depp, Jerry Lewis, Faye Dunaway","An Inuit hunter races his sled home with a fresh-caught halibut. This fish pervades the entire film, in real and imaginary form. Meanwhile, Axel tags fish in New York as a naturalist's gofer. He's happy there, but a messenger arrives to bring him to Arizona for his uncle's wedding. It's a ruse to get Axel into the family business. In Arizona, Axel meets two odd women: vivacious, needy, and plagued by neuroses and familial discord. He gets romantically involved with one, while the other, rich but depressed, plays accordion tunes to a gaggle of pet turtles.",Moderate,At least broke even or decent ratings
929204,Wallace & Gromit: Vengeance Most Fowl,2024-12-18,2024,en,79,"Family, Comedy, Adventure, Animation",0,191452,6.7013,7.506,561,Merlin Crossingham,"Ben Whitehead, Peter Kay, Lauren Patel","Gromit’s concern that Wallace is becoming too dependent on his inventions proves justified, when Wallace invents a “smart” gnome that seems to develop a mind of its own. When it emerges that a vengeful figure from the past might be masterminding things, it falls to Gromit to battle sinister forces and save his master… or Wallace may never be able to invent again!",Critically Good,High user score & significant votes (no financials)
732670,LEGO Star Wars Holiday Special,2020-11-17,2020,en,44,"Animation, Family, Science Fiction, Adventure, Comedy, TV Movie",0,0,6.3075,6.561,350,Ken Cunningham,"Helen Sadler, Omar Benson Miller, Jake Green","As her friends prep for a Life Day holiday celebration, Rey journeys with BB-8 on a quest to gain a deeper knowledge of the Force at a mysterious Jedi Temple. There, she embarks on a cross-timeline adventure through beloved moments in Star Wars history, coming into contact with iconic heroes and villains from all eras of the saga. But will she make it back in time for the Life Day feast?",Average/Positive,Decent user score (no financials)
11283,Nanny McPhee,2005-10-21,2005,en,97,"Fantasy, Comedy, Family",25000000,123276807,5.9623,6.684,3135,Kirk Jones,"Emma Thompson, Colin Firth, Kelly Macdonald","Widower Cedric Brown hires Nanny McPhee to care for his seven rambunctious children, who have chased away all previous nannies. Taunted by Simon and his siblings, Nanny McPhee uses mystical powers to instill discipline. And when the children's great-aunt and benefactor, Lady Adelaide Stitch, threatens to separate the kids, the family pulls together under the guidance of Nanny McPhee.",Hit,Revenue >= 1.2x budget and decent ratings
486589,Red Shoes and the Seven Dwarfs,2019-07-25,2019,ko,92,"Animation, Fantasy, Family, Comedy, Romance, Adventure",20000000,10054356,6.5371,7.7,1108,Hong Sung-ho,"Ahn So-yi, Shin Yong-woo, Jun Jin-ah","Princes who have been turned into Dwarfs seek the red shoes of a lady in order to break the spell, although it will not be easy.",Moderate,At least broke even or decent ratings
9522,Wedding Crashers,2005-07-13,2005,en,119,"Comedy, Romance",40000000,288500000,6.4839,6.492,4539,David Dobkin,"Owen Wilson, Vince Vaughn, Christopher Walken","John and his buddy, Jeremy are emotional criminals who know how to use a woman's hopes and dreams for their own carnal gain. Their modus operandi: crashing weddings. Normally, they meet guests who want to toast the romantic day with a random hook-up. But when John meets Claire, he discovers what true love – and heartache – feels like.",Hit,Revenue >= 1.2x budget and decent ratings
308266,War Dogs,2016-08-18,2016,en,114,"Comedy, Crime, Drama",50000000,86234523,6.6196,6.926,5218,Todd Phillips,"Miles Teller, Jonah Hill, Ana de Armas","Based on the true story of two young men, David Packouz and Efraim Diveroli, who won a $300 million contract from the Pentagon to arm America's allies in Afghanistan.",Hit,Revenue >= 1.2x budget and decent ratings
995926,"I, the Executioner",2024-09-13,2024,ko,118,"Action, Crime, Comedy",0,53453611,5.8004,6.92,81,Ryoo Seung-wan,"Hwang Jung-min, Jung Hae-in, Oh Dal-su","The veteran detective Seo Do-cheol and his team at Major Crimes, relentless in their pursuit of criminals, join forces with rookie cop Park Sun-woo to track down a serial killer who has plunged the nation into turmoil.",Average/Positive,Decent user score (no financials)
12233,Oliver & Company,1988-11-18,1988,en,74,"Animation, Comedy, Family",31000000,121000000,6.3326,6.7,1644,George Scribner,"Joey Lawrence, Billy Joel, Cheech Marin","A young cat named Oliver is left alone in a kitten box, while all the other young cats have new owners. A big dog named Dodger shows him how to get food and later Oliver lives with him, his owner Fagin and Fagin's other dogs Tito, Rita, Einstein, and Francis. Fagin has one problem besides being broke he owes a nasty man named Sykes a lot of money. If he can't pay it back he's in big trouble. While Oliver runs into a little girl named Jenny who becomes his new owner which he is happy with and later Sykes sees Jenny as the key for him to get his money.",Hit,Revenue >= 1.2x budget and decent ratings
27983,"Yours, Mine and Ours",1968-04-24,1968,en,111,Comedy,0,0,5.8169,6.9,145,Melville Shavelson,"Lucille Ball, Henry Fonda, Van Johnson","When a widower with ten children marries a widow with eight, can the twenty of them ever come together as one big happy family?",Average/Positive,Decent user score (no financials)
2280,Big,1988-06-03,1988,en,104,"Fantasy, Drama, Comedy, Romance, Family",18000000,151927281,7.2948,7.181,3817,Penny Marshall,"Tom Hanks, Elizabeth Perkins, Robert Loggia",When a young boy makes a wish at a carnival machine to be big—he wakes up the following morning to find that it has been granted and his body has grown older overnight. But he is still the same 13-year-old boy inside. Now he must learn how to cope with the unfamiliar world of grown-ups including getting a job and having his first romantic encounter with a woman.,Blockbuster,"Revenue >= 2x budget (151927281 >= 36000000), strong user ratings"
672183,Groper Train: Love Me From Behind,1989-01-28,1989,ja,61,Comedy,0,0,5.8198,3.0,2,Akira Fukamachi,"Aiko Yoshimoto, Kyoko Hashimoto, Reika Kazami",A woman is groped on a train and employs her molester to make films with her.,Unknown,Insufficient financial data
82372,Medicine Italian Style,1969-12-19,1969,it,103,"Comedy, Drama",0,0,5.8119,6.565,77,Luciano Salce,"Alberto Sordi, Ida Galli, Pupella Maggio",Story of an ambitious young doctor through unethical means intend to make a quick career. Now is primary in a luxury clinic where administers the sick with the same cynicism of his young years.,Average/Positive,Decent user score (no financials)
11459,Sky High,2005-07-29,2005,en,99,"Adventure, Comedy, Family",35000000,86369815,6.7006,6.25,2386,Mike Mitchell,"Michael Angarano, Mary Elizabeth Winstead, Kurt Russell","Set in a world where superheroes are commonly known and accepted, young Will Stronghold, the son of the Commander and Jetstream, tries to find a balance between being a normal teenager and an extraordinary being.",Hit,Revenue >= 1.2x budget and decent ratings
82052,My Other Husband,1983-09-21,1983,fr,110,Comedy,0,0,5.5906,5.9,19,Georges Lautner,"Miou-Miou, Roger Hanin, Eddy Mitchell",A woman leaves her husband and marries another man without divorcing the first.,Unknown,Insufficient financial data
41733,Due Date,2010-11-03,2010,en,95,"Comedy, Drama",65000000,211800000,7.376,6.386,5604,Todd Phillips,"Robert Downey Jr., Zach Galifianakis, Michelle Monaghan","Peter Highman must scramble across the US in five days to be present for the birth of his first child. He gets off to a bad start when his wallet and luggage are stolen, and put on the 'no-fly' list. Peter embarks on a terrifying journey when he accepts a ride from an actor.",Hit,Revenue >= 1.2x budget and decent ratings
1139087,Once Upon a Studio,2023-09-24,2023,en,9,"Animation, Family, Fantasy, Comedy",0,0,6.372,8.282,404,Trent Correy,"Chris Diamantopoulos, Kaitlyn Robrock, Tony Anselmo","Created for Disney's 100th anniversary, the short features Mickey Mouse corralling a gallery of legendary Disney characters for a group photo.",Average/Positive,Decent user score (no financials)
390043,The Hitman's Bodyguard,2017-08-16,2017,en,118,"Action, Comedy, Crime, Thriller",30000000,176586701,4.9491,6.892,6442,Patrick Hughes,"Ryan Reynolds, Samuel L. Jackson, Gary Oldman","The world’s top bodyguard gets a new client, a hitman who must testify at the International Court of Justice. They must put their differences aside and work together to make it to the trial on time.",Hit,Revenue >= 1.2x budget and decent ratings
11215,Baby Boom,1987-10-07,1987,en,110,"Drama, Comedy, Romance",15000000,26712476,6.4089,6.383,384,Charles Shyer,"Diane Keaton, Sam Shepard, Harold Ramis","J.C. Wiatt is a talented and ambitious New York City career woman who is married to her job and working towards partner at her firm. She has a live-in relationship with Steven, a successful investment broker who, along with J.C., agreed children aren't part of the plan. J.C.'s life takes an unexpected turn when a distant relative dies and the will appoints her the caretaker of their baby girl, Elizabeth. The baby's sudden arrival causes Steven to leave, breaking off their relationship. Juggling power lunches and powdered formula, she is soon forced off the fast track by a conniving colleague and a bigoted boss. But she won't stay down for long. She'll prove to the world that a woman can have it all and on her own terms too!",Moderate,At least broke even or decent ratings
14306,Marley & Me,2008-12-25,2008,en,115,"Comedy, Family",60000000,255700000,7.0424,7.192,4688,David Frankel,"Owen Wilson, Jennifer Aniston, Eric Dane","A newly married couple, in the process of starting a family, learn many of life's important lessons from their trouble-loving retriever, Marley. Packed with plenty of laughs to lighten the load, the film explores the highs and lows of marriage, maturity and confronting one's own mortality, as seen through the lens of family life with a dog.",Blockbuster,"Revenue >= 2x budget (255700000 >= 120000000), strong user ratings"
650783,The Comeback Trail,2020-11-12,2020,en,104,"Comedy, Crime",25000000,0,6.066,5.863,351,George Gallo,"Robert De Niro, Morgan Freeman, Tommy Lee Jones",Two movie producers who owe money to the mob set up their aging movie star for an insurance scam to try and save themselves. But they wind up getting more than they ever imagined.,Unknown,Insufficient financial data
747188,Asteroid City,2023-06-08,2023,en,105,"Comedy, Drama",25000000,53857743,6.7555,6.444,2261,Wes Anderson,"Jason Schwartzman, Scarlett Johansson, Tom Hanks","In an American desert town circa 1955, the itinerary of a Junior Stargazer/Space Cadet convention is spectacularly disrupted by world-changing events.",Hit,Revenue >= 1.2x budget and decent ratings
668482,Roald Dahl's Matilda the Musical,2022-11-25,2022,en,117,"Family, Comedy, Fantasy",25000000,37289659,6.2904,6.788,771,Matthew Warchus,"Alisha Weir, Emma Thompson, Lashana Lynch","An extraordinary young girl discovers her superpower and summons the remarkable courage, against all odds, to help others change their stories, whilst also taking charge of her own destiny. Standing up for what's right, she's met with miraculous results.",Hit,Revenue >= 1.2x budget and decent ratings
8273,American Wedding,2003-08-01,2003,en,103,"Comedy, Romance",55000000,231449203,6.5264,6.216,4225,Jesse Dylan,"Jason Biggs, Seann William Scott, Alyson Hannigan","With high school a distant memory, Jim and Michelle are getting married — and in a hurry, since Jim's grandmother is sick and wants to see him walk down the aisle — prompting Stifler to throw the ultimate bachelor party. And Jim's dad is reliable as ever, doling out advice no one wants to hear.",Hit,Revenue >= 1.2x budget and decent ratings
957,Spaceballs,1987-06-24,1987,en,96,"Comedy, Science Fiction",22700000,38120460,6.4045,6.857,3196,Mel Brooks,"Mel Brooks, John Candy, Rick Moranis","When the nefarious Dark Helmet hatches a plan to snatch Princess Vespa and steal her planet's air, space-bum-for-hire Lone Starr and his clueless sidekick fly to the rescue. Along the way, they meet Yogurt, who puts Lone Starr wise to the power of ""The Schwartz."" Can he master it in time to save the day?",Hit,Revenue >= 1.2x budget and decent ratings
27327,Phantom of the Paradise,1974-10-31,1974,en,92,"Music, Comedy, Horror",1300000,250000,5.977,7.48,708,Brian De Palma,"William Finley, Paul Williams, Jessica Harper","Singer-songwriter Winslow Leach seeks revenge on the nefarious music producer Swan, who steals both Winslow's music and his favorite singer for the grand opening of Swan's new rock palace, the Paradise.",Moderate,At least broke even or decent ratings
10843,After Hours,1985-09-13,1985,en,97,"Comedy, Thriller, Drama",4500000,10609321,6.8972,7.5,1622,Martin Scorsese,"Griffin Dunne, Rosanna Arquette, Verna Bloom","Desperate to escape his mind-numbing routine, uptown Manhattan office worker Paul Hackett ventures downtown for a hookup with a mystery woman.",Hit,Revenue >= 1.2x budget and decent ratings
112205,The Family,2013-09-13,2013,en,111,"Crime, Comedy, Action",30000000,36894225,6.8625,6.366,3007,Luc Besson,"Robert De Niro, Michelle Pfeiffer, Tommy Lee Jones","After ratting out his Mafia cohorts, Giovanni Manzoni and his family enter the Witness Protection Program and relocate to a sleepy town in France. Despite the best efforts of their handler to keep them in line, Giovanni (now called Fred Blake), his wife and children can't help but resort to doing things the ""family"" way. However, their dependence on such old habits places everyone in danger from vengeful mobsters.",Hit,Revenue >= 1.2x budget and decent ratings
64348,Robotrix,1991-05-31,1991,cn,98,"Action, Comedy, Crime, Romance, Science Fiction, Thriller",0,0,6.0533,5.987,39,Jamie Luk Kim-Ming,"Amy Yip Chi-Mei, Chikako Aoyama, Hui Hiu-Daan","When evil inventor Ryuichi Yamamoto transfers his mind into that of a powerful cyborg, he becomes a murderer and rapist. But when one of his victims, Police officer Selina Lam becomes super robot Eve-R27, she teams up with android sidekick Ann and together they seek to bring the criminally insane scientist to justice.",Unknown,Insufficient financial data
23023,Tooth Fairy,2010-01-14,2010,en,101,"Comedy, Family, Fantasy",48000000,112462508,6.6415,5.5,2053,Michael Lembeck,"Dwayne Johnson, Stephen Merchant, Ashley Judd","When minor-league hockey player Derek Thompson -- who has a penchant for knocking out his opponents' teeth every time he plays -- disillusions a fan, he is sentenced to a stint for one week as a bona fide, tutu-clad, real-life tooth fairy. Soon, Derek is inspired to rekindle his youthful dreams.",Moderate,At least broke even or decent ratings
508439,Onward,2020-02-29,2020,en,102,"Family, Comedy, Adventure, Animation, Fantasy",200000000,141888276,7.3485,7.7,6392,Dan Scanlon,"Tom Holland, Chris Pratt, Julia Louis-Dreyfus","In a suburban fantasy world, two teenage elf brothers embark on an extraordinary quest to discover if there is still a little magic left out there.",Moderate,At least broke even or decent ratings
515195,Yesterday,2019-06-26,2019,en,116,"Comedy, Fantasy, Music, Romance",26000000,154608856,6.1146,6.688,4096,Danny Boyle,"Himesh Patel, Lily James, Sophia Di Martino",A struggling musician realizes he's the only person on Earth who can remember The Beatles after waking up in an alternate reality where the group was forgotten.,Hit,Revenue >= 1.2x budget and decent ratings
1300963,Scared Shitless,2024-08-26,2024,en,76,"Horror, Comedy",0,0,5.6131,5.0,7,Vivieno Caldinelli,"Steven Ogg, Daniel Doheny, Mark McKinney","A plumber and his germophobic son are forced to get their hands dirty to save the residents of an apartment building, when a genetically engineered, blood-thirsty creature escapes into the plumbing system.",Unknown,Insufficient financial data
11854,Kuch Kuch Hota Hai,1998-10-16,1998,hi,185,"Romance, Drama, Comedy",2420000,25690000,5.8386,7.5,406,Karan Johar,"Shah Rukh Khan, Kajol, Rani Mukerji","Per her mother's last wish, an 8 year old girl sets out to reunite her father with his college best friend who was in love with him.",Moderate,At least broke even or decent ratings
69733,The Man-Eater,1999-08-26,1999,it,80,Comedy,0,0,5.7019,5.0,40,Aurelio Grimaldi,"Loredana Cannata, Arturo Paglia, Pascal Persiano","This is the story of a Sicilian woman that tries to have avidly as many sexual adventures as possible. She uses different identities and personalities, but she can't stop collecting adventures. One day she meets Valerio, a young student who falls in love with her.",Unknown,Insufficient financial data
12573,A Serious Man,2009-10-02,2009,en,106,"Comedy, Drama",7000000,31400000,6.1875,6.714,2226,Ethan Coen,"Michael Stuhlbarg, Richard Kind, Fred Melamed","It is 1967, and Larry Gopnik, a physics professor at a quiet Midwestern university, has just been informed by his wife Judith that she is leaving him. She has fallen in love with one of his more pompous acquaintances Sy Ableman.",Hit,Revenue >= 1.2x budget and decent ratings
1597,Meet the Parents,2000-10-06,2000,en,108,"Comedy, Romance",55000000,330444045,6.0277,6.684,6161,Jay Roach,"Ben Stiller, Robert De Niro, Teri Polo","Greg Focker is ready to marry his girlfriend, Pam, but before he pops the question, he must win over her formidable father, humorless former CIA agent Jack Byrnes, at the wedding of Pam's sister. As Greg bends over backward to make a good impression, his visit to the Byrnes home turns into a hilarious series of disasters, and everything that can go wrong does, all under Jack's critical, hawklike gaze.",Hit,Revenue >= 1.2x budget and decent ratings
10137,Stuart Little,1999-12-17,1999,en,84,"Family, Fantasy, Comedy, Adventure",133000000,300135367,6.2099,6.066,4513,Rob Minkoff,"Michael J. Fox, Geena Davis, Hugh Laurie","When the Littles adopt Stuart, the mouse, George is initially unwelcoming to his new brother, and the family cat, Snowbell, is even less enthusiastic. Stuart resolves to face these difficulties with as much pluck and courage as he can muster.",Hit,Revenue >= 1.2x budget and decent ratings
345149,Another Yeti a Love Story: Life on the Streets,2017-02-14,2017,en,77,"Comedy, Horror",0,0,6.5263,5.2,12,Adam Deyoe,"Adam Malamut, Dave Zakheim, Michael Price","After moving to Los Angeles to start anew, Adam, an out of the closet single father of a yeti baby, is dragged into the underground sex trade when his child is kidnapped; Now with the help of his two new friends, a heroin-addicted yeti prostitute and a sexy stripper, they must fight the forces of evil to save the world.",Unknown,Insufficient financial data
704239,The Union,2024-08-15,2024,en,109,"Action, Comedy",0,0,5.6452,6.122,1052,Julian Farino,"Mark Wahlberg, Halle Berry, J.K. Simmons",A New Jersey construction worker goes from regular guy to aspiring spy when his long-lost high school sweetheart recruits him for an espionage mission.,Average/Positive,Decent user score (no financials)
2239,Hallam Foe,2007-02-16,2007,en,95,"Drama, Comedy, Thriller",8000000,2149799,6.2816,6.7,176,David Mackenzie,"Jamie Bell, Sophia Myles, Ciarán Hinds","Hallam's talent for spying on people reveals his darkest fears-and his most peculiar desires. Driven to expose the true cause of his mother's death, he instead finds himself searching the rooftops of the city for love.",Moderate,At least broke even or decent ratings
73881,Thawing Out,2009-01-31,2009,fr,27,"Comedy, Drama",0,0,6.08,5.763,38,Jean-Julien Chervier,"Marc Beffa, Géraldine Martineau, Zazon Castro","Léo is dragged to a nudist camping resort by his mother. Like most boys at the age of 12 or 13, being nude in public holds little appeal for Léo, who protests by wearing extra layers. Until he meets a certain special girl, who captures his heart and releases his inhibitions.",Unknown,Insufficient financial data
35019,Nanny McPhee and the Big Bang,2010-03-26,2010,en,109,"Comedy, Fantasy, Family",35000000,93251121,6.7661,6.305,1894,Susanna White,"Emma Thompson, Asa Butterfield, Lil Woods","Nanny McPhee appears at the door of a harried young mother who is trying to run the family farm while her husband is away at war. But once she’s arrived, Nanny discovers that the children are fighting a war of their own against two spoiled city cousins who have just moved in. Relying on everything from a flying motorcycle and a statue that comes to life to a tree-climbing piglet and a baby elephant, Nanny uses her magic to teach her mischievous charges five new lessons.",Hit,Revenue >= 1.2x budget and decent ratings
479455,Men in Black: International,2019-06-12,2019,en,115,"Comedy, Science Fiction, Action, Adventure",110000000,253890701,6.6702,5.901,5153,F. Gary Gray,"Chris Hemsworth, Tessa Thompson, Rebecca Ferguson","The Men in Black have always protected the Earth from the scum of the universe. In this new adventure, they tackle their biggest, most global threat to date: a mole in the Men in Black organization.",Moderate,At least broke even or decent ratings
17899,"Sex, Party and Lies",2009-03-27,2009,es,107,"Comedy, Drama",0,5723917,6.9405,4.6,149,Alfonso Albacete,"Mario Casas, Ana de Armas, Yon González","A youth group is preparing for what will be the summer of their life, including secrets, lies, sex, confusion, evenings and holidays.",Unknown,Insufficient financial data
1273,TMNT,2007-03-23,2007,en,87,"Adventure, Animation, Comedy, Family",34000000,95608995,6.2207,6.148,1159,Kevin Munroe,"James Arnold Taylor, Mitchell Whitfield, Nolan North","After the defeat of their old arch nemesis, The Shredder, the Turtles have grown apart as a family. Struggling to keep them together, their rat sensei, Splinter, becomes worried when strange things begin to brew in New York City.",Hit,Revenue >= 1.2x budget and decent ratings
9377,Ferris Bueller's Day Off,1986-06-11,1986,en,103,Comedy,6000000,70100000,6.599,7.571,5163,John Hughes,"Matthew Broderick, Alan Ruck, Mia Sara","After high school slacker Ferris Bueller successfully fakes an illness in order to skip school for the day, he goes on a series of adventures throughout Chicago with his girlfriend Sloane and best friend Cameron, all the while trying to outwit his wily school principal and fed-up sister.",Blockbuster,"Revenue >= 2x budget (70100000 >= 12000000), strong user ratings"
52629,El Infierno,2010-09-03,2010,es,148,"Action, Crime, Western, Comedy, Drama",0,6703873,5.5213,7.884,724,Luis Estrada,"Damián Alcázar, Joaquín Cosío, Ernesto Gómez Cruz","After being deported back to Mexico, a man has no choice but to join the vicious drug cartel that has corrupted his hometown in order to survive.",Critically Good,High user score & significant votes (no financials)
60307,Diary of a Wimpy Kid: Rodrick Rules,2011-03-25,2011,en,99,"Family, Comedy",21000000,72526996,6.1832,6.696,1199,David Bowers,"Zachary Gordon, Devon Bostick, Robert Capron","Wimpy Greg Heffley, now in seventh grade, thinks he has it all together. He has mastered middle school and gotten rid of the Cheese Touch. However, Greg's older brother, Rodrick, is itching to cut him down to size. He gets the perfect opportunity when their mother tries to force the boys to bond. Rodrick may be Greg's chief tormentor, but he feels his constant pranks are just what his little brother needs to prepare him for life's hard knocks.",Hit,Revenue >= 1.2x budget and decent ratings
674324,The Banshees of Inisherin,2022-10-20,2022,en,114,"Drama, Comedy",20000000,49300000,7.0324,7.455,3085,Martin McDonagh,"Colin Farrell, Brendan Gleeson, Kerry Condon","Two lifelong friends find themselves at an impasse when one abruptly ends their relationship, with alarming consequences for both of them.",Blockbuster,"Revenue >= 2x budget (49300000 >= 40000000), strong user ratings"
10849,The Purple Rose of Cairo,1985-03-01,1985,en,82,"Fantasy, Comedy, Romance",15000000,10631333,6.7052,7.398,1087,Woody Allen,"Mia Farrow, Jeff Daniels, Danny Aiello","Cecilia is a waitress in New Jersey, living a dreary life during the Great Depression. Her only escape from her mundane reality is the movie theatre. After losing her job, Cecilia goes to see 'The Purple Rose of Cairo' in hopes of raising her spirits, where she watches dashing archaeologist Tom Baxter time and again.",Moderate,At least broke even or decent ratings
13353,"It's the Great Pumpkin, Charlie Brown",1966-10-27,1966,en,25,"Family, Animation, TV Movie, Comedy",0,0,6.5628,7.499,431,Bill Melendez,"Peter Robbins, Christopher Shea, Sally Dryer","Join the Peanuts gang for a timeless adventure as Charlie Brown preps for a party, Snoopy sets his sights on the Red Baron, and Linus patiently awaits a pumpkin patch miracle.",Average/Positive,Decent user score (no financials)
335795,Monster High: The Movie,2022-10-06,2022,en,89,"Family, Fantasy, Comedy, Adventure",1000000,0,5.838,6.787,293,Todd Holland,"Miia Harris, Ceci Balagot, Nayah Damasen","Clawdeen Wolf, half human and half werewolf, has recently started attending Monster High, a school for monsters in all forms. After quickly befriending her classmates Frankie Stein and Draculaura, Clawdeen feels like she has finally found a place where she can truly be herself, or so she thinks. Soon, a devious plan to destroy Monster High threatens to reveal her real identity and Clawdeen must learn to embrace her true monster heart before it's too late.",Average/Positive,Decent user score (no financials)
239,Some Like It Hot,1959-03-19,1959,en,122,"Comedy, Romance, Crime",2883848,25000000,6.594,8.093,3693,Billy Wilder,"Tony Curtis, Jack Lemmon, Marilyn Monroe",Two musicians witness a mob hit and struggle to find a way out of the city. Their only opportunity comes in the form of joining an all-girl band as they prepare to leave on a tour. The two disguise themselves as women and struggle to keep their identities secret as they deal with the problems this brings.,Blockbuster,"Revenue >= 2x budget (25000000 >= 5767696), strong user ratings"
1207830,Gracie & Pedro: Pets to the Rescue,2024-05-01,2024,en,89,"Animation, Adventure, Comedy, Family",0,664443,5.9347,6.9,95,Kevin Donovan,"Claire Alan, Cory Doran, Susan Sarandon","Family frenemies, Gracie and Pedro, must put their differences aside, embarking on a thrilling quest packed with perilous escapades in order to reunite with their owners.",Average/Positive,Decent user score (no financials)
261392,American Ultra,2015-08-19,2015,en,96,"Action, Comedy",28000000,27100000,5.6527,6.089,2862,Nima Nourizadeh,"Jesse Eisenberg, Kristen Stewart, Topher Grace","Mike is an unmotivated stoner whose small-town life with his live-in girlfriend, Phoebe, is suddenly turned upside down.  Unbeknownst to him, Mike is actually a highly trained, lethal sleeper agent. In the blink of an eye, as his secret past comes back to haunt him, Mike is thrust into the middle of a deadly government operation and is forced to summon his inner action-hero in order to survive.",Moderate,At least broke even or decent ratings
830784,"Lyle, Lyle, Crocodile",2022-10-07,2022,en,106,"Comedy, Family, Music",50000000,104088441,5.9999,6.969,623,Will Speck,"Shawn Mendes, Winslow Fegley, Javier Bardem","When the Primm family moves to New York City, their young son Josh struggles to adapt to his new school and new friends. All of that changes when he discovers Lyle — a singing crocodile who loves baths, caviar and great music — living in the attic of his new home. But when Lyle’s existence is threatened by evil neighbor Mr. Grumps, the Primms must band together to show the world that family can come from the most unexpected places.",Hit,Revenue >= 1.2x budget and decent ratings
50647,Wanderlust,2012-02-23,2012,en,98,"Comedy, Romance",35000000,24200000,6.0461,5.498,1287,David Wain,"Jennifer Aniston, Paul Rudd, Justin Theroux","Rattled by sudden unemployment, a Manhattan couple surveys alternative living options, ultimately deciding to experiment with living on a rural commune where free love rules.",Flop,Revenue < budget and low ratings
481533,When Jeff Tried to Save the World,2018-04-16,2018,en,93,"Comedy, Drama",0,0,5.8364,5.7,30,Kendall Goldberg,"Jon Heder, Jim O'Heir, Brendan Meyer","When Jeff discovers that the bowling alley he manages is being sold, he must do everything he can to save the place he's come to call home.",Unknown,Insufficient financial data
55721,Bridesmaids,2011-05-13,2011,en,125,"Comedy, Romance",32500000,288383523,6.9985,6.518,4513,Paul Feig,"Kristen Wiig, Maya Rudolph, Rose Byrne","Annie's life is a mess. But when she finds out her lifetime best friend is engaged, she simply must serve as Lillian's maid of honor. Though lovelorn and broke, Annie bluffs her way through the expensive and bizarre rituals. With one chance to get it perfect, she’ll show Lillian and her bridesmaids just how far you’ll go for someone you love.",Hit,Revenue >= 1.2x budget and decent ratings
1174128,Forbidden Fairytale,2025-01-08,2025,ko,110,"Comedy, Romance",0,0,6.0431,7.5,14,Lee Jong-suk,"Park Ji-hyun, Choi Si-won, Sung Dong-il",An aspiring children's book writer agrees to write erotic web novels to pay her car repair debt – with unintended consequences for her coworker.,Average/Positive,Decent user score (no financials)
9471,Charlie's Angels: Full Throttle,2003-06-25,2003,en,106,"Action, Adventure, Comedy",120000000,259175788,6.4734,5.483,3161,McG,"Cameron Diaz, Drew Barrymore, Lucy Liu","The Angels are charged with finding a pair of missing rings that are encoded with the personal information of members of the Witness Protection Program. As informants are killed, the ladies target a rogue agent who might be responsible.",Moderate,At least broke even or decent ratings
8005,Robin Hood: Men in Tights,1993-07-28,1993,en,104,Comedy,20000000,35739755,6.5737,6.596,2172,Mel Brooks,"Cary Elwes, Richard Lewis, Roger Rees","Robin Hood comes home after fighting in the Crusades to learn that the noble King Richard is in exile and that the despotic King John now rules England, with the help of the Sheriff of Rottingham. Robin Hood assembles a band of fellow patriots to do battle with King John and the Sheriff.",Hit,Revenue >= 1.2x budget and decent ratings
82654,Warm Bodies,2013-01-31,2013,en,97,"Horror, Comedy, Romance",35000000,117000000,5.9872,6.468,6230,Jonathan Levine,"Nicholas Hoult, Teresa Palmer, Lio Tipton","After a zombie becomes involved with the girlfriend of one of his victims, their romance sets in motion a sequence of events that might transform the entire lifeless world.",Hit,Revenue >= 1.2x budget and decent ratings
1171462,Golden Kamuy,2024-01-19,2024,ja,129,"Action, Adventure, Comedy",0,19077748,6.1006,6.9,77,Shigeaki Kubo,"Kento Yamazaki, Anna Yamada, Gordon Maeda","On the Hokkaido frontier, a war veteran and Ainu girl race against misfits and military renegades to find treasure mapped out on tattooed outlaws.",Average/Positive,Decent user score (no financials)
32629,A Chinese Torture Chamber Story,1994-05-19,1994,cn,93,"Horror, Comedy, Drama",0,0,6.3454,5.701,67,Bosco Lam Tsz-Ho,"Yvonne Yung Hung, Lawrence Ng Kai-Wah, Tommy Wong",A corrupt magistrate subjects a innocent young bride to inconceivable physical punishments after convicting her of killing her husband.,Unknown,Insufficient financial data
10891,Tremors 4: The Legend Begins,2004-01-02,2004,en,101,"Action, Comedy, Horror, Western",5000000,0,6.6388,5.725,487,S.S. Wilson,"Michael Gross, Sara Botsford, Billy Drago","In 1889, seventeen men die under mysterious circumstances, and spooked by recent events, the miners who populate the town leave in droves until there's nothing left but a shell of a community.",Unknown,Insufficient financial data
256591,Focus,2015-02-25,2015,en,105,"Romance, Comedy, Crime",50100000,153962963,6.6851,6.872,8073,Glenn Ficarra,"Will Smith, Margot Robbie, Adrian Martinez","Nicky, an accomplished con artist, gets romantically involved with his disciple Jess but later ends their relationship. Years later, she returns as a femme fatale to spoil his plans.",Hit,Revenue >= 1.2x budget and decent ratings
10757,Kabhi Khushi Kabhie Gham,2001-12-14,2001,hi,209,"Comedy, Drama",0,0,6.1522,7.7,576,Karan Johar,"Amitabh Bachchan, Shah Rukh Khan, Hrithik Roshan","Years after his father disowns his adopted brother for marrying a woman of lower social standing, a young man goes on a mission to reunite his family.",Critically Good,High user score & significant votes (no financials)
9038,The Heartbreak Kid,2007-10-05,2007,en,116,"Comedy, Romance",60000000,128453183,6.1708,5.739,1686,Bobby Farrelly,"Ben Stiller, Malin Åkerman, Michelle Monaghan","Eddie, the 40-year-old confirmed bachelor finally says ""I do"" to the beautiful and sexy Lila. But during their honeymoon in Mexico, the woman of his dreams turns out to be a total nightmare, and the guy who could never pull the trigger realizes he’s jumped the gun.",Moderate,At least broke even or decent ratings
974613,The Fabulous Four,2024-07-26,2024,en,99,"Comedy, Drama",0,3207277,5.6335,6.025,20,Jocelyn Moorhouse,"Susan Sarandon, Bette Midler, Megan Mullally","Three lifelong friends travel to Key West, Florida to be bridesmaids in the surprise wedding of their college girlfriend Marilyn. Once there, sisterhoods are rekindled, the past rises up again in all its glory, and there’s enough sparks, drinks and romance to change all their lives in ways they never expected.",Average/Positive,Decent user score (no financials)
615774,Scooby-Doo! Return to Zombie Island,2019-09-03,2019,en,80,"Fantasy, Animation, Family, Adventure, Comedy, Mystery, Horror",0,0,5.6364,6.986,943,Ethan Spaulding,"Frank Welker, Grey DeLisle, Matthew Lillard","Scooby-Doo and his pals win an all-expense paid vacation and embark on a trip of a lifetime to a tropical paradise. Their destination however, turns out to be Zombie Island. As soon as they arrive, they realize the place looks strangely familiar and is reminiscent of a trip they took years ago, in which they became wrapped up in a mystery involving zombies. The gang soon learns that their trip to paradise comes with a price when the zombies re-emerge and attack their hotel. Will Scooby-Doo and the Mystery Inc. gang finally solve the mystery behind Zombie Island?",Average/Positive,Decent user score (no financials)
3980,Critters,1986-04-11,1986,en,86,"Comedy, Horror, Science Fiction",2000000,13167232,6.4342,6.465,1034,Stephen Herek,"Dee Wallace, M. Emmet Walsh, Billy Green Bush","Carnivorous aliens arrive unannounced at a Kansas family farm; two intergalactic bounty hunters soon follow, determined to blow them off the planet.",Hit,Revenue >= 1.2x budget and decent ratings
114150,Pitch Perfect,2012-09-28,2012,en,112,"Comedy, Music, Romance",17000000,115647426,6.4185,7.278,6716,Jason Moore,"Anna Kendrick, Anna Camp, Brittany Snow","College student Beca knows she does not want to be part of a clique, but that's exactly where she finds herself after arriving at her new school. Thrust in among mean gals, nice gals and just plain weird gals, Beca finds that the only thing they have in common is how well they sing together. She takes the women of the group out of their comfort zone of traditional arrangements and into a world of amazing harmonic combinations in a fight to the top of college music competitions.",Blockbuster,"Revenue >= 2x budget (115647426 >= 34000000), strong user ratings"
11006,Smokey and the Bandit,1977-05-27,1977,en,96,"Action, Adventure, Comedy",4300000,126700000,5.935,6.989,764,Hal Needham,"Burt Reynolds, Sally Field, Jerry Reed","A race car driver tries to transport an illegal beer shipment from Texas to Atlanta in under 28 hours, picking up a reluctant bride-to-be on the way.",Hit,Revenue >= 1.2x budget and decent ratings
622841,You Animal! The Nimfa Dimaano Story,2020-10-28,2020,tl,73,"Animation, Romance, Comedy",0,0,5.9015,6.9,14,Avid Liongoren,"Angelica Panganiban, Robin Padilla, Sam Milby",Follow an attractive feline saleslady at a department store as she figures in a love triangle between her mongrel janitor boyfriend and her high society businessdog.,Average/Positive,Decent user score (no financials)
11797,Fright Night,1985-08-02,1985,en,107,"Comedy, Horror",9000000,24922237,6.283,7.033,1463,Tom Holland,"Chris Sarandon, William Ragsdale, Amanda Bearse","Charley Brewster, a high school student, accidentally discovers the true and creepy nature of Jerry Dandrige, his dashing and enigmatic new neighbor; but no one seems willing to believe him.",Hit,Revenue >= 1.2x budget and decent ratings
788,Mrs. Doubtfire,1993-11-24,1993,en,125,"Comedy, Drama, Family",25000000,441286195,6.5332,7.195,6372,Chris Columbus,"Robin Williams, Sally Field, Lisa Jakub","Loving but irresponsible dad Daniel Hillard, estranged from his exasperated spouse, is crushed by a court order allowing only weekly visits with his kids. When Daniel learns his ex needs a housekeeper, he gets the job -- disguised as a British nanny. Soon he becomes not only his children's best pal but the kind of parent he should have been from the start.",Blockbuster,"Revenue >= 2x budget (441286195 >= 50000000), strong user ratings"
8487,Wild Wild West,1999-06-30,1999,en,106,"Action, Adventure, Comedy, Science Fiction, Western",170000000,222104681,6.2404,5.317,3440,Barry Sonnenfeld,"Will Smith, Kevin Kline, Kenneth Branagh",Legless Southern inventor Dr. Arliss Loveless plans to rekindle the Civil War by assassinating President Ulysses S. Grant. Only two men can stop him: gunfighter James West and master-of-disguise and inventor Artemus Gordon. The two must team up to thwart Loveless' plans.,Moderate,At least broke even or decent ratings
44244,Camp Rock 2: The Final Jam,2010-09-17,2010,en,98,"Comedy, Music, TV Movie",0,0,6.2859,6.332,1545,Paul Hoen,"Demi Lovato, Joe Jonas, Nick Jonas","Mitchie can't wait to go back to Camp Rock and spend the summer making new music with her friends and superstar Shane Gray. But the slick new camp across the lake, Camp Star, has drummed up some serious competition – featuring newcomers Luke and Dana. In a sensational battle of the bands, with Camp Rock's future at stake, will Camp Star's flashy production and over-the-top antics win out, or will Camp Rockers prove that music, teamwork, and spirit are what truly matter?",Average/Positive,Decent user score (no financials)
463272,Johnny English Strikes Again,2018-09-13,2018,en,89,"Action, Adventure, Comedy",25000000,158972570,6.5195,6.265,2629,David Kerr,"Rowan Atkinson, Olga Kurylenko, Ben Miller","Disaster strikes when a criminal mastermind reveals the identities of all active undercover agents in Britain. The secret service can now rely on only one man - Johnny English. Currently teaching at a minor prep school, Johnny springs back into action to find the mysterious hacker. For this mission to succeed, he’ll need all of his skills - what few he has - as the man with yesterday’s analogue methods faces off against tomorrow’s digital technology.",Hit,Revenue >= 1.2x budget and decent ratings
1061728,Butterfly Tale,2023-10-12,2023,fr,82,"Animation, Comedy, Family",0,0,5.8439,7.6,18,Sophie Roy,"Tatiana Maslany, Andrey Batt, Ludivine Reding",A pair of rival butterflies form an unlikely friendship.,Average/Positive,Decent user score (no financials)
586333,Who Would You Take to a Deserted Island?,2019-03-22,2019,es,90,"Comedy, Drama",0,0,4.9676,5.1,375,Jota Linares,"Pol Monen, Jaime Lorente, Andrea Ros","On their last night together, four longtime flatmates' lives are suddenly upended when a secret is revealed during the course of an evening celebration.",Unknown,Insufficient financial data
159481,The Pink Panther in 'Pink at First Sight',1981-05-10,1981,en,30,"Animation, Comedy",0,0,5.9407,6.5,4,Bob Richardson,"Frank Welker, Marilyn Schreffler, Hal Smith","It is Valentine's Day and the hip feline has no love and no money except for seven cents. He goes to a messenger service for a job but messes his rehearsal up. He then buys a cassette player and pre-recorded cassettes with the seven cents he had left and goes back to the messenger service miming to ""Vesti la giubba"", an aria from Ruggero Leoncavallo's opera Pagliacci, and gets hired as a messenger on Valentine's Day",Average/Positive,Decent user score (no financials)
1044043,Who's a Good Boy?,2022-11-23,2022,es,95,Comedy,0,0,5.8541,5.2,38,Ihtzi Hurtado,"Sebastian Dante, Sirena Ortiz, Luisa Guzmán Quintero","Chema has a mission: to date Claudia, the attractive new girl at his school, and lose his virginity. Can he fulfill his dream before graduating?",Unknown,Insufficient financial data
11397,Not Another Teen Movie,2001-12-07,2001,en,89,Comedy,16000000,66468332,6.6809,5.793,2178,Joel Gallen,"Chyler Leigh, Chris Evans, Jaime Pressly","On a bet, a gridiron hero at John Hughes High School sets out to turn a bespectacled plain Jane into a beautiful and popular prom queen in this outrageous send-up of the teen movies of the 1980s and '90s.",Moderate,At least broke even or decent ratings
8986,Milk Money,1994-08-31,1994,en,108,"Comedy, Romance, Drama",0,18137661,6.4744,6.379,293,Richard Benjamin,"Melanie Griffith, Ed Harris, Michael Patrick Carter","Three young boys pool their money and pay V, a kindhearted prostitute, to strip for them. Afterward, she drives them home to the suburbs -- but then her car breaks down. It's just as well, though, because a mobster named Waltzer is after her, and V realizes the suburbs are the perfect place to hide. But things get a lot more complicated when V falls in love with Tom, a single father who is unaware of her real profession.",Average/Positive,Decent user score (no financials)
38151,It Started in Naples,1960-08-06,1960,en,100,"Comedy, Romance",0,2300000,5.9286,6.4,76,Melville Shavelson,"Clark Gable, Sophia Loren, Vittorio De Sica","Mike Hamilton, a Philadelphia lawyer, comes to Naples to settle the estate of his long estranged ""black sheep"" brother. Once there, he discovers that the deceased has left an 8 year old boy who is being raised by Michael's sister-in-law Lucia Curcio. To make matters worse, Lucia happens to be a sexy nightclub dancer.",Average/Positive,Decent user score (no financials)
95610,Bridget Jones's Baby,2016-09-14,2016,en,123,"Drama, Comedy, Romance",35000000,211952420,6.0213,6.411,3016,Sharon Maguire,"Renée Zellweger, Colin Firth, Patrick Dempsey","After breaking up with Mark Darcy five years earlier, Bridget Jones' happily-ever-after hasn't quite gone according to plan. Fortysomething and single again, she decides to focus on her job as top news producer and surround herself with old friends and new. For once, Bridget has everything completely under control. Then her love life takes a turn - while a weekend away at a music festival, she meets a dashing American named Jack, who is everything Mark is not, and spends a night with him. A week later, she runs into newly-separated Mark, and has a one-night dalliance. In an unlikely twist, she finds herself pregnant, but with one hitch - she's not sure of the identity of her baby's father - Mark or Jack.",Hit,Revenue >= 1.2x budget and decent ratings
928833,Craig Before the Creek,2023-12-11,2023,en,88,"Animation, Family, TV Movie, Adventure, Comedy, Fantasy",0,0,6.1262,7.8,68,Matt Burnett,"Philip Solomon, Noël Wells, H Michael Croner","Before he was Craig of the Creek, he was just Craig — a new kid in a new town. All Craig wants is to go back to his old friends at his old home. But when he learns that the nearby creek is hiding a lost treasure that could make his wish come true, Craig sets off on a journey to find it — navigating the perilous suburban wilderness, forging new friendships, all while being pursued by a fearsome band of pirates who are bent on destroying the Creek itself.",Average/Positive,Decent user score (no financials)
39144,Dragon Ball: Curse of the Blood Rubies,1986-12-20,1986,ja,50,"Action, Animation, Adventure, Comedy, Fantasy, Science Fiction",0,7417517,6.1434,6.831,356,Daisuke Nishio,"Masako Nozawa, Hiromi Tsuru, Naoki Tatsuta",The great King Gurumes is searching for the Dragon Balls in order to put a stop to his endless hunger. A young girl named Pansy who lives in the nearby village has had enough of the treachery and decides to seek Muten Rōshi for assistance. Can our heroes save the village and put a stop to the Gurumes Army?,Average/Positive,Decent user score (no financials)
11375,Hollywood Homicide,2003-06-09,2003,en,116,"Action, Adventure, Comedy, Thriller",75000000,51142659,5.5438,5.225,667,Ron Shelton,"Harrison Ford, Josh Hartnett, Lena Olin","Joe Gavilan and his new partner K. C. Calden, are detectives on the beat in Tinseltown. Neither one of them really wants to be a cop, Gavilan moonlights as a real estate broker, and Calden is an aspiring actor moonlighting as a yoga instructor. When the two are assigned a big case they must work out whether they want to solve the case or follow their hearts.",Flop,Revenue < budget and low ratings
502147,Wild Nights with Emily,2018-03-11,2018,en,84,"History, Comedy",0,0,5.4535,6.0,43,Madeleine Olnek,"Molly Shannon, Susan Ziegler, Amy Seimetz","Explore Emily Dickinson's vivacious, irreverent side that was covered up for years — most notably her lifelong romantic relationship with another woman.",Average/Positive,Decent user score (no financials)
1220552,The Eminence in Shadow: Lost Echoes,,,ja,0,"Animation, Comedy, Adventure, Fantasy",0,0,6.2044,0.0,0,Kazuya Nakanishi,Seiichiro Yamashita,,Unknown,Insufficient financial data
387592,Early Man,2018-01-26,2018,en,89,"Family, Comedy, Animation, Adventure",50000000,53431158,5.4345,6.146,841,Nick Park,"Eddie Redmayne, Tom Hiddleston, Maisie Williams","Dug, along with his sidekick Hognob, unite a cavemen tribe to save their hidden valley from being spoiled and, all together as a team, to face the menace of a mysterious and mighty enemy, on the turf of an ancient and sacred sport.",Moderate,At least broke even or decent ratings
7484,Open Season,2006-09-27,2006,en,86,"Animation, Family, Adventure, Comedy",85000000,197300000,6.4591,6.168,2882,Roger Allers,"Martin Lawrence, Ashton Kutcher, Gary Sinise","Boog, a domesticated 900lb. Grizzly bear finds himself stranded in the woods 3 days before Open Season. Forced to rely on Elliot, a fast-talking mule deer, the two form an unlikely friendship and must quickly rally other forest animals if they are to form a rag-tag army against the hunters.",Hit,Revenue >= 1.2x budget and decent ratings
10897,The Little Rascals,1994-08-05,1994,en,82,"Romance, Comedy, Family",0,67308282,5.6224,6.789,1265,Penelope Spheeris,"Bug Hall, Brittany Ashton Holmes, Travis Tedford","When nine-year-old Alfalfa falls for Darla, his ""He-Man-Woman-Hating"" friends attempt to sabotage their relationship.",Average/Positive,Decent user score (no financials)
1535421,Christmas of Giving,2025-11-01,2025,en,88,"TV Movie, Comedy, Romance",0,0,5.4557,0.0,0,Oliver Friedman,"Ash Tsai, Marshall Williams, Joseph Moreland","Belle Carter, dedicated but exhausted head of beloved local nonprofit, Bedford House, has devoted her whole life to making Christmas bright for those in need. But with the holidays just days away, donations are down, time is running out, and Belle feels her efforts are slipping away. When the town’s Mayor announces a new nonprofit consultant, Clara James will be joining Belle to help, Belle fears she’s being replaced in the role that has defined her for years.",Unknown,Insufficient financial data
9671,Crocodile Dundee,1986-09-26,1986,en,104,"Adventure, Comedy",5000000,328203506,6.088,6.423,2002,Peter Faiman,"Paul Hogan, Linda Kozlowski, Mark Blum","When a New York reporter plucks crocodile hunter Mick Dundee from the Australian Outback for a visit to the Big Apple, it's a clash of cultures and a recipe for good-natured comedy as naïve Dundee negotiates the concrete jungle. He proves that his instincts are quite useful in the city and adeptly handles everything from wily muggers to high-society snoots without breaking a sweat.",Hit,Revenue >= 1.2x budget and decent ratings
63481,Femmes Fatales,1976-02-11,1976,fr,81,Comedy,0,0,5.4692,6.1,128,Bertrand Blier,"Jean-Pierre Marielle, Jean Rochefort, Brigitte Fossey","Two men, fortyish, worn out by their wives, abandon everything to go and live in the back of beyond. There they meet a truculent priest, a boozer, Émile who recalls them to life's simple pleasures. Calm is what they want. But soon their example inspires thousands of disorientated males...",Average/Positive,Decent user score (no financials)
504588,"Mektoub, My Love: Intermezzo",2019-05-23,2019,fr,212,"Comedy, Drama",0,0,5.4446,4.4,17,Abdellatif Kechiche,"Lou Luttiau, Alexia Chardard, Shaïn Boumedine","It's the end of summer vacation for Amin. The young photographer spends cozy evenings with Charlotte, the ex-girlfriend of his Casanova cousin. She talks to him about literature, he photographs her. Nobody knows that they see each other, especially not Ophélie, his childhood friend, who instead confides her troubles to Amin : her father wants her to take over the family farm, her fiancé Clement will return soon from Iraq for their wedding, she is pregnant with Tony’s baby, and Tony wants to keep their affair secret instead of having a serious relationship. Ophélie constantly contemplates her choices : would it be better to get an abortion in secret and marry Clement or to follow her maternal instinct and keep the child, perhaps seeking refuge with Amin in Paris?",Unknown,Insufficient financial data
497828,Triangle of Sadness,2022-09-18,2022,en,147,"Comedy, Drama",15600000,24733572,7.1959,7.035,2601,Ruben Östlund,"Harris Dickinson, Charlbi Dean, Dolly de Leon","A celebrity model couple are invited on a luxury cruise for the uber-rich, helmed by an unhinged, alcoholic captain. What first appears Instagrammable ends catastrophically, leaving the survivors stranded on a desert island in a struggle of hierarchy.",Hit,Revenue >= 1.2x budget and decent ratings
7520,Cocktail,1988-07-29,1988,en,104,"Romance, Drama, Comedy",20000000,171504781,6.0409,6.122,1545,Roger Donaldson,"Tom Cruise, Bryan Brown, Elisabeth Shue","After being discharged from the Army, Brian Flanagan moves back to Queens and takes a job in a bar run by Doug Coughlin, who teaches Brian the fine art of bar-tending. Brian quickly becomes a patron favorite with his flashy drink-mixing style, and Brian adopts his mentor's cynical philosophy on life and goes for the money.",Hit,Revenue >= 1.2x budget and decent ratings
2332,Taxi 2,2000-03-25,2000,fr,82,"Action, Comedy, Adventure, Crime",10500000,64433844,5.8268,6.262,1817,Gérard Krawczyk,"Samy Naceri, Frédéric Diefenthal, Marion Cotillard",A cabdriver and a cop race to Paris to rescue a love interest and the Japanese minister of defense from kidnappers.,Hit,Revenue >= 1.2x budget and decent ratings
246403,Tusk,2014-09-19,2014,en,102,"Comedy, Horror",3000000,1882074,5.46,5.513,1513,Kevin Smith,"Michael Parks, Justin Long, Genesis Rodriguez","When his best friend and podcast co-host goes missing in the backwoods of Canada, a young guy joins forces with his friend's girlfriend to search for him.",Flop,Revenue < budget and low ratings
455207,Crazy Rich Asians,2018-08-15,2018,en,121,"Comedy, Romance",30000000,238539198,6.1771,7.062,3824,Jon M. Chu,"Constance Wu, Henry Golding, Michelle Yeoh","An American-born Chinese economics professor accompanies her boyfriend to Singapore for his best friend's wedding, only to get thrust into the lives of Asia's rich and famous.",Blockbuster,"Revenue >= 2x budget (238539198 >= 60000000), strong user ratings"
928,Gremlins 2: The New Batch,1990-06-15,1990,en,106,"Comedy, Horror, Fantasy",50000000,41482207,6.8487,6.52,2756,Joe Dante,"Zach Galligan, Phoebe Cates, John Glover","Young sweethearts Billy and Kate move to the Big Apple, land jobs in a high-tech office park and soon reunite with the friendly and lovable Gizmo. But a series of accidents creates a whole new generation of Gremlins. The situation worsens when the devilish green creatures invade a top-secret laboratory and develop genetically altered powers, making them even harder to destroy!",Moderate,At least broke even or decent ratings
740985,Borat Subsequent Moviefilm,2020-10-23,2020,en,96,Comedy,0,0,6.5329,6.438,2706,Jason Woliner,"Sacha Baron Cohen, Maria Bakalova, Tom Hanks","14 years after making a film about his journey across the USA, Borat risks life and limb when he returns to the United States with his young daughter, and reveals more about the culture, the COVID-19 pandemic, and the political elections.",Average/Positive,Decent user score (no financials)
13499,"Yours, Mine & Ours",2005-11-23,2005,en,90,"Comedy, Family, Romance",45000000,72028752,5.7006,6.179,862,Raja Gosnell,"Dennis Quaid, Rene Russo, Sean Faris","Admiral Frank Beardsley returns to New London to run the Coast Guard Academy, his last stop before a probable promotion to head the Guard. A widower with eight children, he runs a loving but tight ship, with charts and salutes. The kids long for a permanent home. Helen North is a free spirit, a designer whose ten children live in loving chaos, with occasional group hugs. Helen and Frank, high school sweethearts, reconnect at a reunion, and it's love at first re-sighting. They marry on the spot. Then the problems start as two sets of kids, the free spirits and the disciplined preppies, must live together. The warring factions agree to work together to end the marriage.",Hit,Revenue >= 1.2x budget and decent ratings
13702,A Dirty Shame,2004-09-24,2004,en,89,"Comedy, Fantasy",15000000,1914166,5.9997,5.349,288,John Waters,"Tracey Ullman, Johnny Knoxville, Selma Blair","Sylvia Stickles runs a convenience store with her husband and mother-in-law. One day, Sylvia is hit on the head and transforms from an uptight prude to a sex-crazed lunatic. As she goes on a rampage through town, Sylvia attracts the attention of Ray Ray, a sexual healer and tow truck driver in search of the world's greatest orgasm. Their sexual revolution, however, causes a class war in their tiny Baltimore community.",Flop,Revenue < budget and low ratings
762,Monty Python and the Holy Grail,1975-04-03,1975,en,91,"Adventure, Comedy, Fantasy",400000,5763644,6.4937,7.803,6123,Terry Jones,"Graham Chapman, John Cleese, Eric Idle","King Arthur, accompanied by his squire, recruits his Knights of the Round Table, including Sir Bedevere the Wise, Sir Lancelot the Brave, Sir Robin the Not-Quite-So-Brave-As-Sir-Lancelot and Sir Galahad the Pure. On the way, Arthur battles the Black Knight who, despite having had all his limbs chopped off, insists he can still fight. They reach Camelot, but Arthur decides not  to enter, as ""it is a silly place"".",Blockbuster,"Revenue >= 2x budget (5763644 >= 800000), strong user ratings"
441728,Hampstead,2017-06-23,2017,en,102,"Comedy, Romance",0,6335171,5.9473,5.99,200,Joel Hopkins,"Diane Keaton, Brendan Gleeson, James Norton","Emily Walters is an American widow living a peaceful, uneventful existence in the idyllic Hampstead Village of London, when she meets  local recluse, Donald Horner. For 17 years, Donald has lived—wildly yet peacefully—in a ramshackle hut near the edge of the forest. When Emily learns his home is the target of developers who will stop at nothing to remove him, saving Donald and his property becomes her personal mission. Despite his gruff exterior and polite refusals for help, Emily is drawn to him—as he is to her—and what begins as a charitable cause evolves into a relationship that will grow even as the bulldozers close in.",Unknown,Insufficient financial data
239678,This Is Where I Leave You,2014-09-10,2014,en,103,"Drama, Comedy",19800000,41300000,5.2148,6.621,1413,Shawn Levy,"Jason Bateman, Tina Fey, Jane Fonda","When their father passes away, four grown, world-weary siblings return to their childhood home and are requested -- with an admonition -- to stay there together for a week, along with their free-speaking mother and a collection of spouses, exes and might-have-beens. As the brothers and sisters re-examine their shared history and the status of each tattered relationship among those who know and love them best, they reconnect in hysterically funny and emotionally significant ways.",Hit,Revenue >= 1.2x budget and decent ratings
121514,Miracolo italiano,1994-12-21,1994,it,104,Comedy,0,0,5.8159,4.1,29,Enrico Oldoini,"Renato Pozzetto, Ezio Greggio, Nino Frassica","7 segments about life in 1990s Italy: two MPs from the opposite sides of the political spectrum spend the night together; during their honeymoon, a woman cheats on her husband with her favorite soap opera star; a married man pretends to be ill to seduce his younger nurse; a family discovers that their son's beautiful fiancée is transgender; an unsatisfied single woman is duped by her celebrity crush for Kevin Costner; two best friends want to have fun; a couple on a tropical holiday is fascinated by their indigenous masseuse.",Unknown,Insufficient financial data
13680,The Game Plan,2007-09-28,2007,en,110,"Comedy, Family",22000000,147880543,5.2816,6.5,2120,Andy Fickman,"Dwayne Johnson, Madison Pettis, Kyra Sedgwick","Bachelor football star Joe Kingman seems to have it all. He is wealthy and carefree, and his team is on the way to capturing a championship. Suddenly, he is tackled by some unexpected news: He has a young daughter, the result of a last fling with his ex-wife. Joe must learn to balance his personal and professional lives with the needs of his child.",Hit,Revenue >= 1.2x budget and decent ratings
1154762,His Three Daughters,2024-09-05,2024,en,104,"Drama, Comedy",0,0,6.4166,6.957,243,Azazel Jacobs,"Carrie Coon, Natasha Lyonne, Elizabeth Olsen",Emotions run high when three estranged sisters reunite in a cramped New York City apartment to watch over their ailing father during his final days.,Average/Positive,Decent user score (no financials)
366514,Up for Love,2016-05-04,2016,fr,98,"Comedy, Romance, Drama",10000000,0,5.7858,6.0,857,Laurent Tirard,"Jean Dujardin, Virginie Efira, Cédric Kahn","Diane is a well-known lawyer, divorced for three years. She loses her mobile telephone and receives a call from the person who finds it. That person is Alexandre, a charming man and the perfect gentleman. They make a connection over the phone and agree to meet up the following day. But when Alexandre arrives, there's a surprise in store when Diane discovers he is only 4' 6"" tall. From that moment on, Diane tries to overcome the prejudices of society and her own fears to experience the best time of her life...",Average/Positive,Decent user score (no financials)
9384,Starsky & Hutch,2004-03-05,2004,en,101,"Comedy, Crime",60000000,170300000,6.1249,5.822,2421,Todd Phillips,"Ben Stiller, Owen Wilson, Snoop Dogg","Join uptight David Starsky and laid-back Ken ""Hutch"" Hutchinson as they're paired for the first time as undercover cops. The new partners must overcome their differences to solve an important case with help from street informant Huggy Bear and persuasive criminal Reese Feldman.",Moderate,At least broke even or decent ratings
448119,Dolittle,2020-01-02,2020,en,101,"Family, Comedy, Fantasy, Adventure",175000000,251410631,6.1684,6.591,3753,Stephen Gaghan,"Robert Downey Jr., Harry Collett, Michael Sheen","After losing his wife seven years earlier, the eccentric Dr. John Dolittle, famed doctor and veterinarian of Queen Victoria’s England, hermits himself away behind the high walls of Dolittle Manor with only his menagerie of exotic animals for company. But when the young queen falls gravely ill, a reluctant Dolittle is forced to set sail on an epic adventure to a mythical island in search of a cure, regaining his wit and courage as he crosses old adversaries and discovers wondrous creatures.",Hit,Revenue >= 1.2x budget and decent ratings
1226354,Param Sundari,2025-08-29,2025,hi,136,"Romance, Drama, Comedy",0,0,5.6704,6.8,8,Tushar Jalota,"Sidharth Malhotra, Janhvi Kapoor, Manjot Singh","In Kerala's picturesque backwaters, a North Indian and South Indian find unexpected love. Their cultural differences spark a hilarious and chaotic romance, full of twists and turns.",Average/Positive,Decent user score (no financials)
10776,Little Shop of Horrors,1986-12-19,1986,en,94,"Horror, Comedy",25000000,53964308,5.7252,7.0,1542,Frank Oz,"Rick Moranis, Ellen Greene, Vincent Gardenia","Seymour Krelborn is a nerdy orphan working at Mushnik's; a flower shop in urban Skid Row. He harbors a crush on fellow co-worker, Audrey Fulquard, and is berated by Mr. Mushnik daily. One day, Seymour finds a very mysterious unidentified plant which he calls Audrey II. The plant seems to have a craving for blood and soon begins to sing for his supper.",Hit,Revenue >= 1.2x budget and decent ratings
10603,George of the Jungle,1997-07-15,1997,en,92,"Adventure, Comedy, Family, Romance",55000000,174463257,5.8628,5.643,2159,Sam Weisman,"Brendan Fraser, Leslie Mann, Thomas Haden Church","Deep in the African jungle, a baby named George, the sole survivor of a plane crash, is raised by gorillas. George grows up to be a buff and lovable klutz who has a rainforest full of animal friends: Tookie, his big-beaked toucan messenger; Ape, a witty talking gorilla; and Shep, a peanut-loving pooch of an elephant. But when poachers mess with George's pals, the King of Swing swings into action.",Moderate,At least broke even or decent ratings
6978,Big Trouble in Little China,1986-05-30,1986,en,100,"Action, Comedy, Fantasy, Adventure",25000000,11102672,6.9521,7.2,3179,John Carpenter,"Kurt Russell, Kim Cattrall, Dennis Dun","Truck driver Jack Burton gets embroiled in a supernatural battle when his best friend Wang Chi's green-eyed fiancée is kidnapped by henchmen of the sorcerer Lo Pan, who must marry a girl with green eyes in order to return to the human realm.",Moderate,At least broke even or decent ratings
39346,Casper: A Spirited Beginning,1997-09-09,1997,en,90,"Adventure, Family, Comedy, Fantasy",3500000,0,5.5727,5.434,324,Sean McNamara,"Jeremy Foley, Brendon Ryan Barrett, Steve Guttenberg","Before he met and befriended the other ghouls at Applegate Manor, friendly ghost Casper meets young Chris Carson, a lonely kid who decides to teach Casper how to be a proper ghost.",Unknown,Insufficient financial data
9683,Bubble Boy,2001-08-24,2001,en,84,"Comedy, Adventure, Romance",0,5007209,5.8737,5.732,603,Blair Hayes,"Jake Gyllenhaal, Swoosie Kurtz, Marley Shelton","Jimmy is a young man who was born without an immune system and has lived his life within a plastic bubble in his bedroom... who pines for the sweet caresses of girl-next-door Chloe. But when Chloe decides to marry her high school boyfriend, Jimmy – bubble suit and all – treks cross-country to stop her.",Unknown,Insufficient financial data
213921,Black-White-Red Four Poster,1962-11-22,1962,de,100,Comedy,0,0,5.9391,0.0,0,Rolf Thiele,"Thomas Fritsch, Martin Held, Margot Hielscher",,Unknown,Insufficient financial data
1242357,The Gutter,2024-11-01,2024,en,89,Comedy,0,0,5.3369,4.6,5,Yassir Lester,"Shameik Moore, D'Arcy Carden, Susan Sarandon","Walt (lover of threesomes, hater of shirts) strikes up an unlikely friendship with a former Pro Bowler as they discover he might be THE GOAT of the lanes. The only things standing in their way are racism, alcoholism and Linda ""The Crusher"" Curson.",Unknown,Insufficient financial data
11244,The Meteor Man,1993-08-06,1993,en,100,"Fantasy, Action, Comedy, Science Fiction",20000000,8000000,5.8374,5.8,185,Robert Townsend,"Robert Townsend, Marla Gibbs, Eddie Griffin","One night Jefferson Reed gets hit in the chest by a souped-up chunk of meteor. So he can fly, but he's scared of heights. He can master the information in any book ... for about thirty seconds. Now his friends and family want him to protect their community from the dreaded Golden Lords.",Flop,Revenue < budget and low ratings
10437,The Muppet Christmas Carol,1992-12-11,1992,en,86,"Music, Comedy, Family, Fantasy, Drama",12000000,27300000,5.4272,7.421,1078,Brian Henson,"Michael Caine, Dave Goelz, Steve Whitmire","A retelling of the classic Dickens tale of Ebenezer Scrooge, miser extraordinaire. He is held accountable for his dastardly ways during night-time visitations by the Ghosts of Christmas Past, Present and Future.",Hit,Revenue >= 1.2x budget and decent ratings
594695,A Feeling of Home,2019-05-11,2019,en,90,"Romance, Comedy, TV Movie",0,0,5.764,6.328,29,Richard Gabai,"Jonna Walsh, Nathan Parsons, Mary-Margaret Humes","Web entrepreneur Abby hides her Texas roots to convince a backer she's from New England, a task complicated by a trip home and an unexpected reunion with Ryan, her high school sweetheart.",Average/Positive,Decent user score (no financials)
8321,In Bruges,2008-02-08,2008,en,108,"Comedy, Drama, Crime",15000000,34533783,6.6803,7.495,5474,Martin McDonagh,"Colin Farrell, Brendan Gleeson, Ralph Fiennes","Ray and Ken, two hit men, are in Bruges, Belgium, waiting for their next mission. While they are there they have time to think and discuss their previous assignment. When the mission is revealed to Ken, it is not what he expected.",Blockbuster,"Revenue >= 2x budget (34533783 >= 30000000), strong user ratings"
10729,Quick Change,1990-07-13,1990,en,89,"Comedy, Crime",15000000,15260154,5.1976,6.695,393,Bill Murray,"Bill Murray, Geena Davis, Randy Quaid","With the aid of his girlfriend, Phyllis Potter, and best friend, Loomis, Grimm enters a Manhattan bank dressed as a clown, creates a hostage situation and executes a flawless robbery. The only thing left for the trio to do is make their getaway out of the city and to the airport. It sounds simple enough, but it seems that fate deserts them immediately after the bank heist. One mishap after another conspires to keep these robbers from reaching freedom.",Moderate,At least broke even or decent ratings
58233,Johnny English Reborn,2011-09-15,2011,en,101,"Crime, Action, Comedy",45000000,160078586,6.6711,6.242,3448,Oliver Parker,"Rowan Atkinson, Gillian Anderson, Dominic West","The most prominent heads of state in the world begin gathering for a conference that could have a major impact on global politics. When MI-7 receives word that the Chinese premier has become the target of some high-powered killers, it falls on Johnny English to save the day. Armed with the latest high-tech weaponry and gadgets that would make even James Bond jealous, the once-disgraced agent uncovers evidence of a massive conspiracy involving some of the world's most powerful organisations, and vows to redeem his tarnished reputation by stopping the killers before they can strike.",Hit,Revenue >= 1.2x budget and decent ratings
11425,"Honey, We Shrunk Ourselves",1997-03-18,1997,en,74,"Adventure, Comedy, Family, Science Fiction",7000000,0,6.1743,5.421,705,Dean Cundey,"Rick Moranis, Bug Hall, Allison Mack","The joke's on absent-minded scientist Wayne Szalinski when his troublesome invention shrinks him, his brother and their wives so effectively that their children think they've completely disappeared. Of course, this gives the kids free rein to do anything they want, unaware that their parents are watching every move.",Unknown,Insufficient financial data
1014530,Ivy + Bean: Doomed to Dance,2022-09-02,2022,en,57,"Family, Comedy",0,0,5.5554,6.833,12,Elissa Down,"Keslee Blalock, Madison Skye Validum, Jesse Tyler Ferguson","Ivy and Bean sign up for ballet, only to learn they'll be dancing in a recital in front of hundreds of people. Time to get out of it — tout suite!",Average/Positive,Decent user score (no financials)
1013850,A Real Pain,2024-11-01,2024,en,90,"Comedy, Drama",3000000,24856027,5.8913,6.755,1177,Jesse Eisenberg,"Jesse Eisenberg, Kieran Culkin, Will Sharpe",Mismatched cousins David and Benji reunite for a tour through Poland to honor their beloved grandmother. The adventure takes a turn when the pair's old tensions resurface against the backdrop of their family history.,Hit,Revenue >= 1.2x budget and decent ratings
6443,The Forest for the Trees,2004-09-16,2004,de,81,"Comedy, Drama",0,0,5.3475,6.6,45,Maren Ade,"Eva Löbau, Daniela Holtz, Jan Neumann","As an awkward idealistic high school teacher begins her first job in the city, things turn out to be much tougher than she had imagined.",Average/Positive,Decent user score (no financials)
14943,Crows Zero,2007-10-26,2007,ja,130,"Action, Comedy, Crime",0,22036607,6.237,7.082,365,Takashi Miike,"Shun Oguri, Kyosuke Yabe, Meisa Kuroki","The students of Suzuran High compete for the King of School title. An ex-graduate yakuza is sent to kill the son of a criminal group, but he can't make himself do it as he reminds him of his youth.",Average/Positive,Decent user score (no financials)
227973,The Peanuts Movie,2015-11-05,2015,en,88,"Comedy, Animation, Family",99000000,246233113,5.6132,6.9,1732,Steve Martino,"Noah Schnapp, Bill Melendez, Marleik 'Mar Mar' Walker","Snoopy embarks upon his greatest mission as he and his team take to the skies to pursue their arch-nemesis, while his best pal Charlie Brown begins his own epic quest.",Hit,Revenue >= 1.2x budget and decent ratings
9390,Jerry Maguire,1996-12-13,1996,en,139,"Comedy, Drama, Romance",50000000,273600000,6.5692,6.973,3505,Cameron Crowe,"Tom Cruise, Renée Zellweger, Cuba Gooding Jr.","Jerry Maguire used to be a typical sports agent: willing to do just about anything he could to get the biggest possible contracts for his clients, plus a nice commission for himself. Then, one day, he suddenly has second thoughts about what he's really doing. When he voices these doubts, he ends up losing his job and all of his clients, save Rod Tidwell, an egomaniacal football player.",Hit,Revenue >= 1.2x budget and decent ratings
9317,The Cabbage Soup,1981-12-02,1981,fr,98,"Comedy, Science Fiction",0,0,6.1393,6.373,902,Jean Girault,"Louis de Funès, Jean Carmet, Jacques Villeret",Two buddy farmers are visited by aliens who like their domestic cabbage soup.,Average/Positive,Decent user score (no financials)
8079,Om Shanti Om,2007-11-07,2007,hi,169,"Comedy, Thriller, Drama",9100000,37707444,5.9904,7.093,371,Farah Khan,"Shah Rukh Khan, Deepika Padukone, Arjun Rampal","Reincarnated 30 years after being killed in a suspicious on-set fire, a small-time actor is determined to punish the person who ignited the blaze.",Moderate,At least broke even or decent ratings
1004128,Mahi Mera Nikka Jeha,2022-06-03,2022,pa,0,"Comedy, Drama",0,0,5.5148,6.0,2,Satinder Singh Dev,"Jaswinder Bhalla, Sukhwinder Chahal, Pukhraj Bhalla","A short boy is in love with a tall girl for which he faces a lot of criticism from her family and friends. Eventually, they marry and he wins everyone's heart with his good character.",Average/Positive,Decent user score (no financials)
68179,Escape from Planet Earth,2013-02-14,2013,en,89,"Animation, Comedy, Adventure, Family, Science Fiction",40000000,74597643,5.9156,5.745,785,Cal Brunker,"Rob Corddry, Brendan Fraser, Jessica Alba",Astronaut Scorch Supernova finds himself caught in a trap when he responds to an SOS from a notoriously dangerous alien planet.,Moderate,At least broke even or decent ratings
13969,First Daughter,2004-09-24,2004,en,105,"Family, Comedy, Drama, Romance",30000000,10592180,5.9049,6.2,974,Forest Whitaker,"Katie Holmes, Marc Blucas, Amerie","Samantha MacKenzie, the daughter of the president of the United States, arrives at college with a group of Secret Service agents. Samantha, however, resents their presence and decides she wants to attend school just like a normal student. Her father agrees to recall the agents but secretly assigns James, an undercover agent, to pose as a student.",Moderate,At least broke even or decent ratings
505600,Booksmart,2019-05-24,2019,en,102,Comedy,6000000,24849029,5.6899,7.01,2738,Olivia Wilde,"Kaitlyn Dever, Beanie Feldstein, Jessica Williams","Two academic teenage superstars realize, on the eve of their high school graduation, that they should have worked less and played more. Determined to never fall short of their peers, the girls set out on a mission to cram four years of fun into one night.",Blockbuster,"Revenue >= 2x budget (24849029 >= 12000000), strong user ratings"
10771,The Tuxedo,2002-09-27,2002,en,98,"Thriller, Action, Comedy, Science Fiction",60000000,104400000,5.8285,5.7,2063,Kevin Donovan,"Jackie Chan, Jennifer Love Hewitt, Jason Isaacs","Cabbie-turned-chauffeur Jimmy Tong learns there is really only one rule when you work for playboy millionaire Clark Devlin : Never touch Devlin's prized tuxedo. But when Devlin is temporarily put out of commission in an explosive accident, Jimmy puts on the tux and soon discovers that this extraordinary suit may be more black belt than black tie. Paired with a partner as inexperienced as he is, Jimmy becomes an unwitting secret agent.",Moderate,At least broke even or decent ratings
129467,Release the Prisoners to Spring,1975-12-06,1975,sv,97,Comedy,0,0,5.7519,6.0,35,Tage Danielsson,"Lena Nyman, Tage Danielsson, Georg Årlin","Small and short Frida lives with her long, tall friend in a house in the countryside. Frida rejects the idea that people who have committed crimes should be locked up. One day their own house is burgled by Harald. He is sentenced to prison. Acting in accordance with her philosophy, Frida decides to use all means possible to make it possible for Harald to escape.",Average/Positive,Decent user score (no financials)
325813,Splitting Adam,2015-02-16,2015,en,100,"Comedy, Family, Science Fiction, TV Movie",0,0,4.2708,6.898,118,Scott McAboy,"Jace Norman, Jack Griffo, Isabela Merced","After accidentally stumbling into his uncle's mysterious ""tanning bed"", Adam learns the answer to all of his problems - multiple Adams. With his new collection of clones, Adam is hopping on one wild summer ride with an epic splash.",Average/Positive,Decent user score (no financials)
18943,Ernest Goes to Jail,1990-04-06,1990,en,81,"Comedy, Family, Crime",0,25029791,6.0975,5.043,162,John Cherry,"Jim Varney, Gailard Sartain, Bill Byrge","Bumbling bank janitor Ernest P. Worrell is assigned to jury duty, and soon finds himself in trouble when he is covertly switched with a look-a-like crime boss. Ernest must escape from jail to expose the mix-up.",Unknown,Insufficient financial data
623195,Falling Inn Love,2019-08-29,2019,en,98,"Romance, Comedy",0,0,6.2742,6.537,1175,Roger Kumble,"Christina Milian, Adam Demos, Jeffrey Bowyer-Chapman","When a San Francisco exec wins a New Zealand inn, she ditches city life to remodel and flip the rustic property with help from a handsome contractor.",Average/Positive,Decent user score (no financials)
13156,Secondhand Lions,2003-09-19,2003,en,111,"Family, Comedy",0,0,6.0019,7.2,796,Tim McCanlies,"Michael Caine, Robert Duvall, Haley Joel Osment","The comedic adventures of an introverted boy left on the doorstep of a pair of reluctant, eccentric great-uncles, whose exotic remembrances stir the boy's spirit and re-ignite the men's lives.",Critically Good,High user score & significant votes (no financials)
10756,The Haunted Mansion,2003-11-26,2003,en,99,"Thriller, Fantasy, Comedy, Family, Mystery",90000000,182290266,6.0547,5.688,2085,Rob Minkoff,"Eddie Murphy, Marsha Thomason, Terence Stamp","Workaholic Jim Evers and his wife/business partner Sara get a call one night from  a mansion owner, Edward Gracey, who wants to sell his house. Once the Evers family arrive at the mansion, a torrential thunderstorm of mysterious origin strands them with the brooding, eccentric Gracey, his mysterious butler, and a variety of residents both seen and unseen.",Moderate,At least broke even or decent ratings
329505,Lola's Secret,1984-05-04,1984,it,88,"Drama, Comedy, Horror",0,0,5.2187,7.1,66,Bruno Gaburro,"Donatella Damiani, Scott Coffey, Gabriele Tinti",Young man has his dreams come true when the sexy new maid seduces him. But she also has a secret that leads to trouble.,Average/Positive,Decent user score (no financials)
1098378,Your Monster,2024-10-25,2024,en,104,"Romance, Comedy, Horror",0,0,5.7791,6.6,76,Caroline Lindy,"Melissa Barrera, Tommy Dewey, Edmund Donovan","After her life falls apart, soft-spoken actress Laura Franco finds her voice again when she meets a terrifying, yet weirdly charming, monster living in her closet.",Average/Positive,Decent user score (no financials)
846214,"The Good, the Bart, and the Loki",2021-07-07,2021,en,6,"Animation, Comedy, Family",0,0,6.3486,7.235,681,David Silverman,"Tom Hiddleston, Dan Castellaneta, Nancy Cartwright",Loki is banished from Asgard once again and must face his toughest opponents yet: the Simpsons and Springfield’s mightiest heroes. The God of Mischief teams up with Bart Simpson in the ultimate crossover event paying tribute to the Marvel Cinematic Universe of superheroes and villains.,Critically Good,High user score & significant votes (no financials)
11024,Scooby-Doo 2: Monsters Unleashed,2004-03-24,2004,en,93,"Mystery, Fantasy, Adventure, Comedy",80000000,181466833,5.7802,6.085,2829,Raja Gosnell,"Freddie Prinze Jr., Sarah Michelle Gellar, Matthew Lillard","A masked villain wreaks mayhem on the city of Coolsville with a monster machine that creates real-life versions of Mystery Inc.'s former foes like The 10,000 Volt Ghost, The Cotton Candy Glob, The Skelemen and The Pterodactyl Ghost. Fred, Daphne, Shaggy, Velma and Scooby-Doo launch an investigation into the monster outbreak that leaves Shaggy and Scooby questioning their roles in Mystery Inc. Eager to prove their detective skills, the ever-ravenous duo comes up with a secret plan to solve the mystery all by themselves. Can the gang unravel their most challenging case?",Hit,Revenue >= 1.2x budget and decent ratings
1010928,Wingwomen,2023-11-01,2023,fr,114,"Action, Comedy, Drama",0,0,5.5465,6.105,479,Mélanie Laurent,"Adèle Exarchopoulos, Mélanie Laurent, Manon Bresch","Tired of life on the run, a pro thief decides to retire — but not before one easy last job with her partner in crime and a feisty new getaway driver.",Average/Positive,Decent user score (no financials)
151960,Planes,2013-08-09,2013,en,91,"Animation, Family, Adventure, Comedy",50000000,219788712,6.3849,5.919,1762,Klay Hall,"Dane Cook, Carlos Alazraqui, Val Kilmer","Dusty is a cropdusting plane who dreams of competing in a famous aerial race. The problem? He is hopelessly afraid of heights. With the support of his mentor Skipper and a host of new friends, Dusty sets off to make his dreams come true.",Moderate,At least broke even or decent ratings
17824,Private Resort,1985-05-03,1985,en,82,Comedy,0,331816,6.3713,5.692,219,George Bowers,"Rob Morrow, Johnny Depp, Emily Longstreth","Chasing women for the weekend at a luxurious Miami resort, teen buddies Ben and Jack get more than they bargained for after crossing paths with a crafty criminal.",Unknown,Insufficient financial data
11355,Never Been Kissed,1999-04-09,1999,en,107,"Romance, Comedy, Drama",25000000,84565230,6.0848,6.162,1540,Raja Gosnell,"Drew Barrymore, David Arquette, Molly Shannon","Josie Geller, a baby-faced junior copywriter at the Chicago Sun-Times, must pose as a student at her former high school to research contemporary teenage culture. With the help of her brother, Rob, Josie infiltrates the inner circle of the most popular clique on campus. But she hits a major snag in her investigation -- not to mention her own failed love life -- when she falls for her dreamy English teacher, Sam Coulson.",Hit,Revenue >= 1.2x budget and decent ratings
1252168,Snow White and the 7 Samurai,2024-03-01,2024,en,88,"Action, Comedy",0,0,5.7401,3.6,11,Michael Su,"Quinton 'Rampage' Jackson, Eric Roberts, Gina Vitori","Left for dead by her rich and powerful stepmother, Snow White is taken in by a team of assassins who train her in their ways of fighting. As her stepmother becomes more and more powerful, Snow White and the samurai take up arms to topple her once and for all.",Unknown,Insufficient financial data
13523,Sex Drive,2008-10-16,2008,en,109,"Comedy, Adventure, Romance",19000000,18755936,6.1011,6.398,1420,Sean Anders,"Josh Zuckerman, Amanda Crew, Clark Duke",A high school senior drives cross-country with his best friends to hook up with a babe he met online.,Moderate,At least broke even or decent ratings
1318037,G-Day,2025-10-15,2025,fr,91,Comedy,0,0,5.0022,0.0,1,Claude Zidi Jr.,"Kev Adams, Brahim Bouhlel, Marie Parisot","June 1944. Europe is torn apart by war, and preparations are underway for the Normandy landings. Denis Porte continues his daily work with dedication at a British military base... which is fake. His mission: to move fake soldiers around every day and thus deceive the enemy. In the Porte family, there is a tendency for fathers and sons to die as heroes for France. So there is no question of Porte taking the slightest risk for his mother. Looking after a fake base is the most she will tolerate for her son. But after meeting Sami, an Algerian doctor who dreams of meeting De Gaulle, they decide during a drunken evening to take part. They set off bravely (and with quite a few drinks under their belts). Except that they don't have the right date or the right place. Add to that a hero who doesn't want to expose himself to danger. On D-Day, or almost...",Unknown,Insufficient financial data
38745,Gulliver's Travels,2010-12-23,2010,en,85,"Family, Comedy, Adventure, Fantasy",112000000,237382724,5.93,5.207,2468,Rob Letterman,"Jack Black, Jason Segel, Emily Blunt","Travel writer Lemuel Gulliver takes an assignment in Bermuda, but ends up on the island of Liliput, where he towers over its tiny citizens.",Moderate,At least broke even or decent ratings
11862,Father of the Bride Part II,1995-12-08,1995,en,106,"Comedy, Family",0,76594107,6.2152,6.259,773,Charles Shyer,"Steve Martin, Diane Keaton, Martin Short","Just when George Banks has recovered from his daughter's wedding, he receives the news that she's pregnant ... and that George's wife is expecting too. He was planning on selling their home, but that's a plan that—like George—will have to change with the arrival of both a grandchild and a kid of his own.",Average/Positive,Decent user score (no financials)
308531,Teenage Mutant Ninja Turtles: Out of the Shadows,2016-06-01,2016,en,112,"Action, Adventure, Comedy, Family, Science Fiction",135000000,245623848,5.8962,6.05,3663,Dave Green,"Pete Ploszek, Alan Ritchson, Jeremy Howard","After supervillain Shredder escapes custody, he joins forces with mad scientist Baxter Stockman and two dimwitted henchmen, Bebop and Rocksteady, to unleash a diabolical plan to take over the world. As the Turtles prepare to take on Shredder and his new crew, they find themselves facing an even greater evil with similar intentions: the notorious Krang.",Hit,Revenue >= 1.2x budget and decent ratings
11469,Black Knight,2001-11-21,2001,en,95,"Comedy, Fantasy, Adventure",50000000,33422806,6.3356,5.352,1144,Gil Junger,"Martin Lawrence, Marsha Thomason, Tom Wilkinson","Martin Lawrence plays Jamal, an employee in Medieval World amusement park. After nearly drowning in the moat, he awakens to find himself in 14th century England.",Flop,Revenue < budget and low ratings
2698,Evan Almighty,2007-06-09,2007,en,96,"Fantasy, Comedy, Family",175000000,174440724,5.8225,5.586,4435,Tom Shadyac,"Steve Carell, Morgan Freeman, Lauren Graham",God contacts Junior Congressman Evan Baxter and tells him to build an ark in preparation for a great flood.,Flop,Revenue < budget and low ratings
391713,Lady Bird,2017-09-01,2017,en,94,"Drama, Comedy",10000000,79000000,5.9693,7.256,8802,Greta Gerwig,"Saoirse Ronan, Laurie Metcalf, Tracy Letts","Lady Bird McPherson, a strong willed, deeply opinionated, artistic 17 year old comes of age in Sacramento. Her relationship with her mother and her upbringing are questioned and tested as she plans to head off to college.",Blockbuster,"Revenue >= 2x budget (79000000 >= 20000000), strong user ratings"
52449,Bad Teacher,2011-05-16,2011,en,92,Comedy,20000000,216197492,6.3738,5.609,4812,Jake Kasdan,"Cameron Diaz, Justin Timberlake, Jason Segel","A lazy, incompetent middle school teacher who hates her job and her students is forced to return to her job to make enough money for a boob job after her rich fiancé dumps her.",Moderate,At least broke even or decent ratings
1058620,The Persian Version,2023-10-20,2023,en,108,"Comedy, Drama, Romance",0,534000,5.556,6.121,33,Maryam Keshavarz,"Layla Mohammadi, Niousha Noor, Kamand Shafieisabet","When a large Iranian-American family gathers in New York City for the patriarch’s heart transplant, a family secret is uncovered and catapults the estranged mother and daughter into an exploration of the past.",Average/Positive,Decent user score (no financials)
210726,The Second Wife,1998-11-05,1998,it,122,"Comedy, Romance",0,0,5.5907,5.6,27,Ugo Chiti,"Maria Grazia Cucinotta, Lazar Ristovski, Giorgio Noè","In the early 1960's, a Sicilian single mother marries an older, crass widowed truck driver. When he is arrested trying to smuggle an antique, she ends up falling in love with her handsome stepson.",Unknown,Insufficient financial data
1207123,White Snake: Afloat,2024-07-30,2024,zh,133,"Animation, Romance, Comedy, Fantasy",0,59307515,5.2299,7.9,24,Chen Jianxi,"Zhang Zhe, Yang Tianxiang, Tang Xiaoxi","Xiaobai finally found Xu Xian, the reincarnation of Axuan, after 500 years, the two met on the Broken Bridge. Xiaobai and sister hid in the streets and alleys, started a lively life in human world with him and his brother-in-law Li Gongfu.",Average/Positive,Decent user score (no financials)
124459,The Incredible Burt Wonderstone,2013-03-14,2013,en,100,Comedy,30000000,27437881,5.8956,5.706,1473,Don Scardino,"Steve Carell, Steve Buscemi, Olivia Wilde","After breaking up with his longtime stage partner, a famous but jaded Vegas magician fights for relevance when a new, ""hip"" street magician appears on the scene.",Flop,Revenue < budget and low ratings
858,Sleepless in Seattle,1993-06-24,1993,en,105,"Comedy, Drama, Romance",21000000,227799884,5.9355,6.736,2477,Nora Ephron,"Meg Ryan, Tom Hanks, Ross Malinger","After the death of his mother, a young boy calls a radio station in an attempt to set his father up on a date. Talking about his father’s loneliness soon leads to a meeting with a young female journalist, who has flown to Seattle to write a story about the boy and his father.",Hit,Revenue >= 1.2x budget and decent ratings
1555,The Spanish Apartment,2002-06-19,2002,fr,122,"Drama, Comedy, Romance",5300000,3897799,5.9548,7.125,1181,Cédric Klapisch,"Romain Duris, Judith Godrèche, Audrey Tautou","A strait-laced French student moves into an apartment in Barcelona with a cast of six other characters from all over Europe. Together, they speak the international language of love and friendship.",Moderate,At least broke even or decent ratings
1084812,Aavesham,2024-04-11,2024,ml,158,"Comedy, Action",3400000,0,5.764,7.5,72,Jithu Madhavan,"Fahadh Faasil, Hipster, Mithun Jai Sankar",Three college freshmen in Bangalore befriend an eccentric gangster to get revenge on their senior bullies.,Average/Positive,Decent user score (no financials)
295887,Beethoven's Treasure Tail,2014-10-02,2014,en,98,"Family, Comedy, Adventure, Action",0,0,5.5772,5.7,94,Ron Oliver,"Jonathan Silverman, Kristy Swanson, Jayne Eastwood","After everyone's favorite St. Bernard gets fired from a movie, Beethoven begins the long journey home with his trainer, Eddie. On their way, they become stranded in a small coastal town where the beloved canine befriends a young boy who is searching for buried treasure.",Unknown,Insufficient financial data
118379,Viva Erotica,1996-11-28,1996,cn,99,"Comedy, Drama",0,0,5.847,6.656,32,Derek Yee,"Leslie Cheung, Karen Mok, Shu Qi","Sing's last two films were flops, but he is given the helm on a Category III sex film and has to cope with a leading lady who won't do nude scenes, Triad backers, and a crumbling relationship with his girlfriend.",Average/Positive,Decent user score (no financials)
1097870,Dear Santa,2024-11-24,2024,en,108,"Comedy, Fantasy",0,0,5.7984,6.23,419,Bobby Farrelly,"Jack Black, Robert Timothy Smith, Keegan-Michael Key","Likeable 6th grader Liam writes to Santa asking him to prove that he's real. But Liam is dyslexic and accidentally sends his letter to Satan instead, who shows up at Liam's house, excited to have his first fanboy letter and wanting a little of Liam's soul.",Average/Positive,Decent user score (no financials)
170687,The Boxtrolls,2014-09-10,2014,en,97,"Animation, Comedy, Family, Fantasy",60000000,108255770,5.2747,6.695,1744,Graham Annable,"Ben Kingsley, Isaac Hempstead Wright, Elle Fanning","An orphaned boy raised by underground creatures called Boxtrolls comes up from the sewers and out of his box to save his family and the town from the evil exterminator, Archibald Snatcher.",Hit,Revenue >= 1.2x budget and decent ratings
33542,Rumble in the Bronx,1995-01-21,1995,cn,106,"Crime, Action, Comedy, Thriller",7500000,76028558,5.8333,6.816,1099,Stanley Tong Gwai-Lai,"Jackie Chan, Anita Mui, Françoise Yip","Keong comes from Hong Kong to visit New York for his uncle's wedding. His uncle runs a market in the Bronx and Keong offers to help out while Uncle is on his honeymoon. During his stay in the Bronx, Keong befriends a neighbor kid and beats up some neighborhood thugs who cause problems at the market. One of those petty thugs in the local gang stumbles into a criminal situation way over his head.",Hit,Revenue >= 1.2x budget and decent ratings
164,Breakfast at Tiffany's,1961-10-06,1961,en,115,"Comedy, Romance, Drama",2500000,9500000,6.5467,7.639,4339,Blake Edwards,"Audrey Hepburn, George Peppard, Patricia Neal","Holly Golightly is an eccentric New York City playgirl determined to marry a Brazilian millionaire. But when young writer Paul Varjak moves into her apartment building, her past threatens to get in their way.",Blockbuster,"Revenue >= 2x budget (9500000 >= 5000000), strong user ratings"
71524,Ace of Aces,1982-10-27,1982,fr,100,"Adventure, Comedy",0,0,5.2288,7.072,333,Gérard Oury,"Jean-Paul Belmondo, Marie-France Pisier, Rachid Ferrache","In this action comedy the French boxer Jo Cavalier is charmed on the train to Berlin for the Olympics in Hitler's Germany by the little boy Simon Rosenblum who asks his autograph; when it turns out his adorable young fan is a Jewish orphan in danger of persecution, he risks his one shot at Olympic glory to save Simon and his family, helped only by a German officer-gentleman who became his friend in World War I, by an adventurous escape to Switzerland, Nazi troops on their heals and braving impossible odds in roller coaster-style.",Average/Positive,Decent user score (no financials)
2196,Death at a Funeral,2007-08-17,2007,en,91,"Comedy, Drama",9000000,46789413,5.9129,6.905,1838,Frank Oz,"Matthew Macfadyen, Peter Dinklage, Ewen Bremner",A myriad of outrageous calamities befalls an eccentric English clan with more than a few skeletons in its closets when the family's patriarch dies an unexpected death.,Hit,Revenue >= 1.2x budget and decent ratings
18727,Heaven Can Wait,1943-08-05,1943,en,112,"Comedy, Romance, Fantasy, Drama",0,0,5.2685,6.9,230,Ernst Lubitsch,"Don Ameche, Gene Tierney, Charles Coburn","Spoiled playboy Henry van Cleve dies and arrives at the entrance to Hell, a final destination he is sure he deserves after living a life of profligacy. The devil, however, isn't so sure Henry meets Hell's standards. Convinced he is where he belongs, Henry recounts his life's deeds, both good and bad, including an act of indiscretion during his 25-year marriage to his wife, Martha, with the hope that ""His Excellency"" will arrive at the proper judgment.",Average/Positive,Decent user score (no financials)
16187,Buzz Lightyear of Star Command: The Adventure Begins,2000-08-08,2000,en,70,"Animation, Family, Comedy, Science Fiction, Adventure",0,0,5.7948,6.428,326,Tad Stones,"Tim Allen, Nicole Sullivan, Stephen Furst",Buzz Lightyear must battle Emperor Zurg with the help of three hopefuls who insist on being his partners.,Average/Positive,Decent user score (no financials)
9896,Rat Race,2001-08-17,2001,en,112,"Adventure, Comedy",48000000,85498534,6.4298,6.273,1880,Jerry Zucker,"Gloria Allred, Breckin Meyer, Cuba Gooding Jr.","In an ensemble film about easy money, greed, manipulation and bad driving, a Las Vegas casino tycoon entertains his wealthiest high rollers -- a group that will bet on anything -- by pitting six ordinary people against each other in a wild dash for $2 million jammed into a locker hundreds of miles away. The tycoon and his wealthy friends monitor each racer's every move to keep track of their favorites. The only rule in this race is that there are no rules.",Hit,Revenue >= 1.2x budget and decent ratings
1022824,Bonus Track,2024-10-11,2024,en,98,"Music, Comedy, Romance, Drama",0,0,5.1546,6.786,7,Julia Jackman,"Joe Anders, Samuel Paul Small, Susan Wokoma","George, a 16-year-old who believes he is a future star musician, can't believe his luck when the son of a famous duo takes an interest in his music. This new arrival helps him rehearse for a talent show and leads both boys to learn from each other and grow closer.",Average/Positive,Decent user score (no financials)
18360,Night at the Museum: Battle of the Smithsonian,2009-05-20,2009,en,105,"Adventure, Fantasy, Action, Comedy, Family",150000000,413106170,5.728,6.147,7075,Shawn Levy,"Ben Stiller, Amy Adams, Owen Wilson","Hapless museum night watchman Larry Daley must help his living, breathing exhibit friends out of a pickle now that they've been transferred to the archives at the Smithsonian Institution. Larry's (mis)adventures this time include close encounters with Amelia Earhart, Abe Lincoln and Ivan the Terrible.",Hit,Revenue >= 1.2x budget and decent ratings
696806,The Adam Project,2022-03-11,2022,en,106,"Adventure, Science Fiction, Action, Comedy",116000000,0,6.2764,7.007,4663,Shawn Levy,"Ryan Reynolds, Walker Scobell, Mark Ruffalo","After accidentally crash-landing in 2022, time-traveling fighter pilot Adam Reed teams up with his 12-year-old self on a mission to save the future.",Critically Good,High user score & significant votes (no financials)
932107,The Engagement Back-Up,2022-06-12,2022,en,85,"TV Movie, Comedy, Romance, Family",0,0,5.5142,6.0,15,Nicholas Humphries,"Elise Gatien, Preston Vanderslice, Beverley Elliott","When traditionalist historian Luna is entrusted with the legacy of her late father’s nautical museum, she must pretend that she’s engaged to the infamous son of a tech mogul in order to save it. But in discovering that there’s more to Jackson than meets the eye, can she broaden her romantic horizons as well as her professional ones?",Average/Positive,Decent user score (no financials)
41210,The Switch,2010-05-11,2010,en,101,"Comedy, Romance, Drama",19000000,49830607,5.9304,6.229,1957,Will Speck,"Jennifer Aniston, Jason Bateman, Patrick Wilson","Kassie is a smart, fun-loving single woman who, despite her neurotic best friend Wally’s objections, decides it’s time to have a baby – even if it means doing it herself… with a little help from a charming sperm donor. But, unbeknownst to her, Kassie’s plans go awry because of a last-minute switch that isn’t discovered until seven years later… when Wally gets acquainted with Kassie’s cute, though slightly neurotic, son.",Hit,Revenue >= 1.2x budget and decent ratings
13243,Meet Bill,2007-09-07,2007,en,97,"Comedy, Drama, Romance",5000000,346592,5.7703,6.1,345,Bernie Goldmann,"Aaron Eckhart, Jessica Alba, Elizabeth Banks",A mild-mannered bank executive mentors a teenage con artist and tries to make a career change as a doughnut merchant.,Moderate,At least broke even or decent ratings
287903,Krampus,2015-11-26,2015,en,98,"Horror, Comedy, Fantasy",15000000,61800000,6.1859,6.19,2294,Michael Dougherty,"Emjay Anthony, Adam Scott, Toni Collette","When his dysfunctional family clashes over the holidays, young Max is disillusioned and turns his back on Christmas.  Little does he know, this lack of festive spirit has unleashed the wrath of Krampus: a demonic force of ancient evil intent on punishing non-believers.",Hit,Revenue >= 1.2x budget and decent ratings
135281,Camille Rewinds,2012-09-12,2012,fr,115,"Comedy, Romance, Drama",0,0,5.2573,6.2,233,Noémie Lvovsky,"Noémie Lvovsky, Samir Guesmi, Judith Chemla","Camille was only sixteen and still in high school when she fell in love with Eric, another student. They later married and a child and were happy for a while. But now twenty-five years have passed and Eric leaves her for a younger woman. Bitter and desperate Camille drinks so much liquor at a New Year Eve's party that she falls into an ethylic coma and she finds herself... propelled into her own past! Camille is sixteen again when she wakes up this morning, her parents are not dead anymore and she must go to school, where she will meet her schoolmates and, of course, Eric. Is she going to fall for him again and... be miserable twenty-five years later? Or will she avoid him with the result never having her beloved daughter? Who ever said that time traveling was fun?",Average/Positive,Decent user score (no financials)
67660,Think Like a Man,2012-04-20,2012,en,122,"Comedy, Romance",12000000,96070507,6.7244,6.808,866,Tim Story,"Michael Ealy, Jerry Ferrara, Meagan Good","The balance of power in four couples’ relationships is upset when the women start using the advice in Steve Harvey’s book, Act Like A Lady, Think Like A Man, to get more of what they want from their men. When the men realize that the women have gotten a hold of their relationship “playbook,” they decide that the best defense is a good offense and come up with a plan to use this information to their advantage.",Hit,Revenue >= 1.2x budget and decent ratings
1397375,Life Goes This Way,2025-10-23,2025,it,0,"Comedy, Drama",0,0,5.5609,7.5,3,Riccardo Milani,"Ignazio Mulas, Virginia Raffaele, Aldo Baglio","Chronicles the intertwined lives of characters set in the picturesque landscapes of Sardinia, Italy, exploring human connections, emotions, and personal journeys.",Average/Positive,Decent user score (no financials)
631828,"Isa Pa, with Feelings",2019-10-16,2019,tl,102,"Romance, Drama, Comedy",0,84499,5.4192,8.0,9,Prime Cruz,"Maine Mendoza, Carlo Aquino, Lotlot De Leon","Despite their differences, an aspiring architect falls for her deaf neighbor, who teaches her basic sign language.",Average/Positive,Decent user score (no financials)
15567,Stitch! The Movie,2003-09-10,2003,en,63,"Comedy, Adventure, Family, Animation, Science Fiction",0,0,5.4408,6.42,754,Bobs Gannaway,"Daveigh Chase, Chris Sanders, Tia Carrere","The continuing adventures of Lilo, a little Hawaiian girl, and Stitch, the galaxy's most-wanted extraterrestrial. Stitch, Pleakley, and Dr. Jumba are all part of the household now, but what Lilo and Stitch don't know is that Dr. Jumba brought his other alien ""experiments"" to Hawaiʻi as well.",Average/Positive,Decent user score (no financials)
11676,Nothing to Lose,1997-07-18,1997,en,97,"Comedy, Crime, Action, Adventure",25000000,44480039,5.7783,6.59,652,Steve Oedekerk,"Martin Lawrence, Tim Robbins, John C. McGinley","Advertising executive Nick Beame learns that his wife is sleeping with his employer. In a state of despair, he encounters a bumbling thief whose attempted carjacking goes awry when Nick takes him on an involuntary joyride. Soon the betrayed businessman and the incompetent crook strike up a partnership and develop a robbery-revenge scheme. But it turns out that some other criminals in the area don't appreciate the competition.",Hit,Revenue >= 1.2x budget and decent ratings
82881,Tangled Ever After,2012-01-13,2012,en,6,"Animation, Comedy, Action, Family",0,0,5.4905,7.129,1085,Byron Howard,"Mandy Moore, Zachary Levi, Alan Dale","The kingdom is in a festive mood as everyone gathers for the royal wedding of Rapunzel and Flynn. However, when Pascal and Maximus, as flower chameleon and ring bearer, respectively, lose the gold bands, a frenzied search and recovery mission gets underway. As the desperate duo tries to find the rings before anyone discovers that they’re missing, they leave behind a trail of comical chaos that includes flying lanterns, a flock of doves, a wine barrel barricade and a very sticky finale. Will Maximus and Pascal save the day and make it to the church in time? And will they ever get Flynn’s nose right?",Critically Good,High user score & significant votes (no financials)
151586,La nipote,1974-06-14,1974,it,92,Comedy,0,0,5.5576,5.1,17,Nello Rossati,"Francesca Muzio, Orchidea De Santis, Annie Carol Edel","The summer vacation of a young beautiful girl, at her uncle's country villa.",Unknown,Insufficient financial data
107985,The World's End,2013-07-18,2013,en,109,"Comedy, Action, Science Fiction",20000000,46100000,5.814,6.809,5652,Edgar Wright,"Simon Pegg, Nick Frost, Paddy Considine",Five friends who reunite in an attempt to top their epic pub crawl from 20 years earlier unwittingly become humankind's only hope for survival.,Hit,Revenue >= 1.2x budget and decent ratings
821153,6/45,2022-08-24,2022,ko,113,Comedy,0,0,5.3176,6.8,43,Park Gyu-tae,"Go Kyung-pyo, Lee Yi-kyung, Um Mun-suk",A comical encounter between South and North Korean soldiers over the 5.7 billions won lottery that crossed the military demarcation line on the wind.,Average/Positive,Decent user score (no financials)
504056,Big Brother,2018-08-16,2018,zh,111,"Action, Drama, Comedy",0,0,5.9499,7.313,184,Kam Ka-Wai,"Donnie Yen, Joe Chen, Lok Ming-Kit","A soldier-turned-high school teacher uses unusual methods to reach to a class of poor students, while dealing with a greedy entrepreneur and his gang of fighters as well as the government.",Average/Positive,Decent user score (no financials)
451500,Christmas & Co.,2017-12-06,2017,fr,99,"Comedy, Fantasy, Family",0,0,5.5059,6.271,655,Alain Chabat,"Alain Chabat, Golshifteh Farahani, Audrey Tautou","Christmas is on its way and with it disaster. The 92,000 responsible for manufacturing children's toys all become sick at the same time! It's a tough moment for Santa, better known as Father Christmas. He's left no choice: he must make an emergency trip to Earth with his reindeer to search for a remedy. When he arrives, he must find some allies to save the magic of Christmas.",Average/Positive,Decent user score (no financials)
337170,American Made,2017-08-18,2017,en,115,"Action, Comedy, Crime, Drama",50000000,133511855,6.4193,6.898,4770,Doug Liman,"Tom Cruise, Domhnall Gleeson, Sarah Wright","The true story of pilot Barry Seal, who transported contraband for the CIA and the Medellin cartel in the 1980s.",Hit,Revenue >= 1.2x budget and decent ratings
134764,Due West: Our Sex Journey,2012-09-20,2012,cn,119,"Comedy, Drama, Romance",0,0,5.8898,6.055,55,Mark Woo Yiu-Fai,"Justin Cheung Kin-Sing, Gregory Wong Chung-Yiu, Mark Woo Yiu-Fai","Set in contemporary Hong Kong, several young people are searching for romance and struggling to learn the difference between lust and love in an adventure that takes them to the mainland where pleasure is much more readily available.",Average/Positive,Decent user score (no financials)
326874,The Easy Way Out,2015-03-04,2015,fr,98,Comedy,2728621,329017,5.8478,5.1,42,Brice Cauvin,"Laurent Lafitte, Agnès Jaoui, Benjamin Biolay","Patrick, a travel agent in his early 30s, lives with Arthur, an immigration lawyer; but for a long time, Patrick has been sleeping on an air mattress on the floor of their bedroom. His younger brother, Tony, plans to marry his high school sweetheart but is having an affair that is far more satisfying than his relationship with his fiancee. Their older brother, Ryan, is divorced, living at home and working at his parents’ hopelessly unprofitable men’s clothing store. And McCauley soon makes achingly clear that the parents’ marriage is far from happy.",Flop,Revenue < budget and low ratings
3049,Ace Ventura: Pet Detective,1994-02-04,1994,en,86,"Comedy, Mystery, Crime",15000000,107217396,6.9131,6.568,6103,Tom Shadyac,"Jim Carrey, Courteney Cox, Sean Young","He's Ace Ventura: Pet Detective. Jim Carrey is on the case to find the Miami Dolphins' missing mascot and quarterback Dan Marino. He goes eyeball to eyeball with a man-eating shark, stakes out the Miami Dolphins and woos and wows the ladies. Whether he's undercover, under fire or underwater, he always gets his man… or beast!",Hit,Revenue >= 1.2x budget and decent ratings
728144,The Special,2020-01-31,2020,en,94,"Horror, Comedy",0,0,5.7152,5.333,39,B. Harrison Smith,"Dave Sheridan, Sarah French, Davy Raphaely","Suspecting his wife of infidelity, Jerry is persuaded by his best friend to accompany him to a brothel to sample ‘The Special’, which proves to be a lifechanging experience in more ways than one. Because every pleasure has its price...",Unknown,Insufficient financial data
28069,A Charlie Brown Valentine,2002-02-14,2002,en,25,"Family, Animation, Romance, TV Movie, Comedy",0,0,5.5388,6.2,53,Bill Melendez,"Wesley Singerman, Lauren Schaffel, Corey Padnos","Lovesick Charlie Brown hopes – still – to get a valentine from the Little Red-Haired Girl, as does Sally from Linus, Lucy from Schroeder and Peppermint Patty from Charlie Brown.",Average/Positive,Decent user score (no financials)
846977,Les Têtes givrées,2023-02-08,2023,fr,102,"Comedy, Drama",0,0,5.0434,5.966,44,Stéphane Cazes,"Clovis Cornillac, Claudia Tagbo, Marwa Merdjet Yahia","Alain, a former mountain guide, decides to change his life and become a teacher. He finds himself faced with colorful ninth graders who are not interested in anything. Seeking to motivate them and bring them together, Alain decides to organize an outing... in the bowels of a glacier. The students discover a breathtakingly beautiful world of ice. The idea that this glacier could disappear is unbearable for them. Trained by Alain, the students throw themselves body and soul into a crazy project: to prevent the glacier from melting and nothing can stop them!",Unknown,Insufficient financial data
1260922,Found Footage: The Making of the Patterson Project,2025-06-20,2025,en,89,"Horror, Comedy",0,0,5.9857,5.857,7,Max Tzannes,"Brennan Keel Cook, Dean Cameron, Erika Vetter",A crew of acclaimed documentarians follow a young budding filmmaker as he attempts to create the world's greatest found footage horror film.,Unknown,Insufficient financial data
13482,The Milagro Beanfield War,1988-03-18,1988,en,117,"Comedy, Drama, Fantasy",22000000,14000000,5.9195,6.5,87,Robert Redford,"Rubén Blades, Richard Bradford, Sônia Braga",The accidental breakdown of an irrigation valve launches a hot confrontation between the mainly Latino farmers in a tiny New Mexico town and the real estate developers and politicians determined to acquire their land for a golf resort.,Moderate,At least broke even or decent ratings
1397854,The Love Scam,2025-01-01,2025,it,101,"Comedy, Romance",0,0,5.05,6.427,131,Umberto Riccioni Carteni,"Antonio Folletto, Laura Adriani, Vincenzo Nemolato","Drowning in debt, two brothers concoct a plan to scam a wealthy heiress and save their home in Naples — but unexpected love soon complicates the scheme.",Average/Positive,Decent user score (no financials)
1156621,Teenage Mutant Ninja Turtles: Mutant Mayhem 2,2027-09-17,2027,en,0,"Action, Adventure, Animation, Comedy, Family",0,0,5.5438,0.0,0,Jeff Rowe,"Micah Abbey, Shamon Brown Jr., Nicolas Cantu","Donnie, Raph, Leo, and Mikey are back for their next adventure with Master Splinter, the Mutants, April, and a new villain they have to face: The Shredder.",Unknown,Insufficient financial data
13398,Tokyo Godfathers,2003-12-05,2003,ja,92,"Animation, Drama, Comedy",0,607735,5.432,7.914,1404,Satoshi Kon,"Aya Okamoto, Yoshiaki Umegaki, Tohru Emori","On Christmas Eve, three homeless people living on the streets of Tokyo discover a newborn baby among the trash and set out to find its parents.",Critically Good,High user score & significant votes (no financials)
1069905,Jay Kelly,2025-11-14,2025,en,132,"Drama, Comedy",0,0,5.9208,0.0,0,Noah Baumbach,"George Clooney, Adam Sandler, Laura Dern","Famous movie actor Jay Kelly embarks on a journey of self discovery confronting both his past and present, accompanied by his devoted manager Ron.",Unknown,Insufficient financial data
1493,Miss Congeniality,2000-12-22,2000,en,111,"Comedy, Crime, Action",45000000,212000000,5.9525,6.538,4082,Donald Petrie,"Sandra Bullock, Benjamin Bratt, Heather Burns","When the local FBI office receives a letter from a terrorist known only as 'The Citizen', it's quickly determined that he's planning his next act at the Miss America beauty pageant. Because tough-as-nails Gracie Hart is the only female Agent at the office, she's chosen to go undercover as the contestant from New Jersey.",Hit,Revenue >= 1.2x budget and decent ratings
2642,Two Weeks Notice,2002-12-19,2002,en,101,"Romance, Comedy",60000000,199043242,6.1353,6.365,2133,Marc Lawrence,"Sandra Bullock, Hugh Grant, Dana Ivey","Dedicated environmental lawyer Lucy Kelson goes to work for billionaire George Wade as part of a deal to preserve a community center. Indecisive and weak-willed George grows dependent on Lucy's guidance on everything from legal matters to clothing. Exasperated, Lucy gives notice and picks Harvard graduate June Carter as her replacement. As Lucy's time at the firm nears an end, she grows jealous of June and has second thoughts about leaving George.",Hit,Revenue >= 1.2x budget and decent ratings
9722,Bewitched,2005-06-21,2005,en,102,"Comedy, Fantasy, Romance",85000000,131426169,5.7341,5.076,1594,Nora Ephron,"Nicole Kidman, Will Ferrell, Shirley MacLaine","Thinking he can overshadow an unknown actress in the part, an egocentric actor unknowingly gets a witch cast in an upcoming television remake of the classic show ""Bewitched"".",Moderate,At least broke even or decent ratings
210860,Mortdecai,2015-01-21,2015,en,107,"Comedy, Adventure",60000000,47318560,6.3439,5.516,2697,David Koepp,"Johnny Depp, Gwyneth Paltrow, Ewan McGregor","An art dealer, Charles Mortdecai, searches for a stolen painting rumored to contain a secret code that gains access to hidden Nazi gold.",Flop,Revenue < budget and low ratings
421892,Shrek 5,2027-06-30,2027,en,0,"Animation, Family, Comedy, Fantasy",0,0,6.0639,0.0,0,Walt Dohrn,"Mike Myers, Eddie Murphy, Cameron Diaz",The fifth film in the Shrek franchise. Plot TBA.,Unknown,Insufficient financial data
15239,The Toxic Avenger,1984-05-15,1984,en,82,"Action, Comedy, Horror, Science Fiction",500000,800000,5.282,6.3,608,Lloyd Kaufman,"Andree Maranda, Mitch Cohen, Jennifer Prichard","A gang of thugs devise a cruel hoax that goes horribly wrong as Melvin, a nerdy emaciated janitor at the local health club, is cast through a third story window into a vat of hazardous toxic waste.",Hit,Revenue >= 1.2x budget and decent ratings
2028,Say Anything...,1989-04-14,1989,en,100,"Romance, Comedy, Drama",16000000,20036737,5.4695,7.044,1052,Cameron Crowe,"John Cusack, Ione Skye, John Mahoney","Lloyd, an eternal optimist, seeks to capture the heart of Diane, an unattainable high school beauty and straight-A student. He surprises just about everyone-including himself-when she returns the sentiment. But Diane's over-possessive, divorced Dad disapproves and it's going to take more than just the power of love to conquer all.",Hit,Revenue >= 1.2x budget and decent ratings
19576,One Piece: The Movie,2000-03-04,2000,ja,51,"Action, Animation, Adventure, Comedy, Fantasy",0,0,4.8898,7.078,366,Junji Shimizu,"Mayumi Tanaka, Kazuya Nakai, Akemi Okamura","There once was a pirate known as the Great Gold Pirate Woonan, who obtained almost one-third of the world's gold. Over the course of a few years, the pirate's existence faded, and a legend grew that he disappeared with his gold to a remote island, an island pirates continue to search for. Aboard the Going Merry, Luffy and his crew, starved and reckless, are robbed of their treasure. In an attempt to get it back, they wreck the getaway ship, guided by a young boy named Tobio, who's a captured part of El Drago's pirate crew. El Drago's love for gold has driven him to look for Woonan's island, and thanks to Woonan's treasure map, he finds it. During this time, Luffy's crew have been split up, and despite their own circumstances, they must find a way to stop El Drago from obtaining Woonan's gold.",Average/Positive,Decent user score (no financials)
378,Raising Arizona,1987-03-13,1987,en,94,"Comedy, Crime",6000000,29180280,5.9262,7.057,2222,Joel Coen,"Nicolas Cage, Holly Hunter, Trey Wilson","When a childless couple--an ex-con and an ex-cop--decide to help themselves to one of another family's quintuplets, their lives become more complicated than they anticipated.",Blockbuster,"Revenue >= 2x budget (29180280 >= 12000000), strong user ratings"
26123,American Pie Presents: The Book of Love,2009-12-02,2009,en,93,Comedy,8000000,5021219,5.8331,5.263,1782,John Putch,"Bug Hall, Brandon Hardesty, Kevin M. Horton","Ten years after the first American Pie movie, three new hapless virgins discover the Bible hidden in the school library at East Great Falls High. Unfortunately for them, the book is ruined, and with incomplete advice, the Bible leads them on a hilarious journey to lose their virginity.",Flop,Revenue < budget and low ratings
13417,Kronk's New Groove,2005-12-05,2005,en,75,"Animation, Comedy, Family",0,0,5.684,6.412,1308,Saul Blinkoff,"Patrick Warburton, Tracey Ullman, Eartha Kitt","Kronk, now chef and Head Delivery Boy of Mudka's Meat Hut, is fretting over the upcoming visit of his father. Kronk's father always disapproved of young Kronk's culinary interests and wished that Kronk instead would settle down with a wife and a large house on a hill.",Average/Positive,Decent user score (no financials)
9906,The Ant Bully,2006-07-28,2006,en,89,"Fantasy, Adventure, Animation, Comedy, Family",50000000,55200000,7.0504,5.8,1427,John A. Davis,"Zach Tyler Eisen, Julia Roberts, Meryl Streep","Fed up with being targeted by the neighborhood bully, 10-year-old Lucas Nickle vents his frustrations on the anthill in his front yard ... until the insects shrink him to the size of a bug with a magic elixir. Convicted of ""crimes against the colony,"" Lucas can only regain his freedom by living with the ants and learning their ways.",Moderate,At least broke even or decent ratings
85520,The Lamp in Assassin Mews,1962-01-01,1962,en,65,Comedy,0,0,5.2578,5.333,3,Godfrey Grayson,"Francis Matthews, Lisa Daniely, Ian Fleming","To beautify his street and trim city spending, stuffy councilman Jack (Francis Matthews) pushes to have the last gas lamp in town removed. But this angers his neighbors Albert (Ian Fleming) and Victoria (Amy Dalby), an inconspicuous pair of serial killers who choose Jack as their next victim. This dark comedy also stars Lisa Daniely as Mary, a local advocate who fights tooth and nail against Jack's modernization efforts.",Unknown,Insufficient financial data
13394,Shrek the Halls,2007-11-28,2007,en,28,"Adventure, Animation, Comedy, Fantasy, Family",60000000,0,5.8219,6.356,884,Gary Trousdale,"Mike Myers, Eddie Murphy, Cameron Diaz","The Christmas tree isn't the only thing green in this new holiday classic. Shrek is back and trying to get into the spirit of the season. After promising Fiona and the kids a Christmas they'll remember, he is forced to take a crash course in the holiday. But just when he thinks he has everything for their quiet family Christmas just right, there is a knock at the door.",Average/Positive,Decent user score (no financials)
50719,"Silent Night, Deadly Night Part 2",1987-04-10,1987,en,88,"Comedy, Horror",250000,154323,5.873,4.3,176,Lee Harry,"Eric Freeman, James Newman, Elizabeth Kaitan","Ricky is released from a mental hospital, taking with him the memory of his brother Billy's death and embarking on a journey of relentless revenge.",Flop,Revenue < budget and low ratings
626735,Dog,2022-02-17,2022,en,101,"Drama, Comedy",20000000,84774243,6.2367,7.306,1686,Channing Tatum,"Channing Tatum, Aavi Haas, Ryder McLaughlin",An army ranger and his dog embark on a road trip along the Pacific Coast Highway to attend a friend's funeral.,Hit,Revenue >= 1.2x budget and decent ratings
12279,Spy Kids 3-D: Game Over,2003-07-25,2003,en,84,"Family, Action, Comedy, Adventure, Science Fiction",38000000,197101678,6.1862,5.141,2297,Robert Rodriguez,"Daryl Sabara, Ricardo Montalban, Alexa PenaVega","Carmen's caught in a virtual reality game designed by the Kids' new nemesis, the Toymaker. It's up to Juni to save his sister, and ultimately the world.",Moderate,At least broke even or decent ratings
376659,Bad Moms,2016-07-28,2016,en,100,Comedy,20000000,183936074,5.6877,6.496,4168,Scott Moore,"Mila Kunis, Kristen Bell, Kathryn Hahn","When three overworked and under-appreciated moms are pushed beyond their limits, they ditch their conventional responsibilities for a jolt of long overdue freedom, fun, and comedic self-indulgence.",Hit,Revenue >= 1.2x budget and decent ratings
12242,Mulan II,2004-11-03,2004,en,79,"Animation, Comedy, Family, Action",0,0,5.8663,6.506,2452,Darrell Rooney,"Ming-Na Wen, BD Wong, Mark Moseley","Fa Mulan gets the surprise of her young life when her love, Captain Li Shang asks for her hand in marriage. Before the two can have their happily ever after, the Emperor assigns them a secret mission, to escort three princesses to Chang'an, China. Mushu is determined to drive a wedge between the couple after he learns that he will lose his guardian job if Mulan marries into the Li family.",Average/Positive,Decent user score (no financials)
10720,Down with Love,2003-05-08,2003,en,101,"Comedy, Romance",35000000,20298207,5.8781,6.112,755,Peyton Reed,"Renée Zellweger, Ewan McGregor, Sarah Paulson","In 1962 New York City, love blossoms between a playboy journalist and a feminist advice author.",Moderate,At least broke even or decent ratings
912908,Strays,2023-08-17,2023,en,93,"Comedy, Adventure",46000000,32000000,5.5097,7.214,945,Josh Greenbaum,"Will Ferrell, Jamie Foxx, Isla Fisher","When Reggie is abandoned on the mean city streets by his lowlife owner, Doug, Reggie is certain that his beloved owner would never leave him on purpose. But once Reggie falls in with Bug, a fast-talking, foul-mouthed stray who loves his freedom and believes that owners are for suckers, Reggie finally realizes he was in a toxic relationship and begins to see Doug for the heartless sleazeball that he is.",Moderate,At least broke even or decent ratings
