title,release_date,year,original_language,runtime,genres,budget,revenue,vote_average,director,top_actors,overview,pg_rating,original_title,movie_keywords
Our Fault,10/16/2025 (ES),-2025,"Spanish,  Castilian",1h 53m,"Romance, Drama",-,-,76,Domingo González,"Nicole Wallace, Gabriel Guevara, Gabriela Andrada","Jenna and Lion's wedding brings about the long-awaited reunion between Noah and Nick after their breakup. Nick's inability to forgive Noah stands as an insurmountable barrier. He, heir to his grandfather's businesses, and she, starting her professional life, resist fueling a flame that's still alive. But now that their paths have crossed again, will love be stronger than resentment?",16,Culpa nuestra,"based on novel or book, sequel, novel"
Captain Hook - The Cursed Tides,07/11/2025 (GB),-2025,English,1h 30m,"Adventure, Action, Horror",-,-,48,Lars Janssen,"Sean Cronin, Ewen Weatherburn, Cameron Ashplant","In the aftermath of a devastating defeat by his archnemesis Admiral Smee, the notorious Captain James Hook finds refuge in the coastal town of Eldritch Landing, where he forms an unlikely alliance with Silas Blackweather, a local blacksmith seeking retribution for his sister's murder. As they evade Smee's Redcoat Soldiers in the island's dense woodland, ruthless sword fights, ancient curses and conflicting motives will challenge their shared quest for revenge. Together, Hook and Silas navigate uncharted waters to confront the treacherous Admiral Smee, embarking on a journey that will redefine Captain Hook's enduring legacy.",15,No original title,"island, english channel, channel islands, hook, guernsey"
War of the Worlds,07/30/2025 (US),-2025,English,1h 31m,"Science Fiction, Thriller",-,-,44,Rich Lee,"Ice Cube, Eva Longoria, Clark Gregg","Will Radford is a top analyst for Homeland Security who tracks potential threats through a mass surveillance program, until one day an attack by an unknown entity leads him to question whether the government is hiding something from him... and from the rest of the world.",PG-13,No original title,"government, attack, privacy, surveillance, cybersecurity, district, online privacy, screenlife, war, mocking, ridiculous"
Stolen Girl,09/26/2025 (US),-2025,English,1h 50m,"Thriller, Action, Adventure","$26,000,000.00 ","$92,691.00 ",63,James Kent,"Kate Beckinsale, Scott Eastwood, Arvin Kananian","In 1993, Maureen’s six-year-old daughter Amina is snuck out of the country by her ex-husband, Karim. After years of unsuccessful attempts to find her, Maureen intersects with a professional retriever of internationally abducted children who promises to help her find Amina in exchange for her collaboration.",R,No original title,No keywords
Hunting Grounds,05/16/2025 (US),-2025,English,1h 29m,"Action, Thriller",-,-,59,Derek Barnes,"Emily Alatalo, Tim Rozon, Patrick Garrow","Desperate to find refuge for her children, Chloe Marvino runs away from her Mafia tied husband, and finds shelter in a cabin with a recluse drifter named Jake. But as her husband's henchmen draw closer to her, it turns out that Jake is the biggest enemy of them all.",16,No original title,No keywords
Martin,10/11/2024 (IN),-2024,Kannada,2h 27m,"Action, Drama, Thriller","$17,647,000.00 ","$3,247,000.00 ",21,A. P. Arjun,"Dhruva Sarja, Vaibhavi Shandilya, Anveshi Jain","Martin revolves around Lt. Brigadier Arjun Saxena, whose journey takes him from Pakistan to India to discover his real identity and fight against black market dealers, who are involved with terrorists to orchestrate massive attacks in the country.",16,No original title,No keywords
Demon Slayer: Kimetsu no Yaiba Infinity Castle,09/11/2025 (LB),-2025,Japanese,2h 36m,"Animation, Action, Fantasy, Thriller","$20,000,000.00 ","$643,612,593.00 ",78,Haruo Sotozaki,"Natsuki Hanae, Hiro Shimono, Takahiro Sakurai","The Demon Slayer Corps are drawn into the Infinity Castle, where Tanjiro, Nezuko, and the Hashira face terrifying Upper Rank demons in a desperate fight as the final battle against Muzan Kibutsuji begins.",PG12,劇場版「鬼滅の刃」無限城編 第一章 猗窩座再来,"supernatural, sequel, based on manga, demon, shounen, anime, brother sister relationship, taisho period"
The Long Walk,09/18/2025 (LB),-2025,English,1h 49m,"Thriller, Science Fiction, Horror","$20,000,000.00 ","$42,650,783.00 ",69,Francis Lawrence,"Cooper Hoffman, David Jonsson, Garrett Wareing","In a dystopian, alternate-America ruled by a totalitarian regime, 50 teenage boys take part in a deadly annual walking contest, forced to maintain a minimum pace or be executed, until only one survivor remains.",R,No original title,"suicide, competition, based on novel or book, male friendship, dystopia, bullying, survival, coming of age, psychological thriller, teenage boy, survival horror, psychological horror"
The Elixir,10/23/2025 (LB),-2025,Indonesian,1h 58m,"Horror, Thriller",-,-,59,Kimo Stamboel,"Mikha Tambayong, Eva Celia, Marthino Lio",An elixir unleashes the undead in a village. A family at odds with one another must unite and fight to survive as their hometown collapses.,17+,Abadi Nan Jaya,"village, dysfunctional family, family relationships, survival, zombie, potion, plague, creepy, remote village, herbal medicines"
Inside Furioza,10/15/2025 (LB),-2025,Polish,2h 46m,"Action, Crime, Thriller",-,-,65,Cyprian T. Olencki,"Mateusz Damięcki, Szymon Bobrowski, Pola Gonciarz","In the wake of murder, new Furioza leader Golden claims the reins of his violent and formidable hooligan gang and takes on a new focus across borders.",18,Druga Furioza,"hooligan, crime boss, organized crime, brutality, rage, hooliganism, fury, gritty, approving, ultras, violent"
The Conjuring: Last Rites,09/04/2025 (LB),-2025,English,2h 15m,Horror,"$55,000,000.00 ","$484,611,103.00 ",70,David Leslie Johnson-McGoldrick,"Vera Farmiga, Patrick Wilson, Mia Tomlinson",Paranormal investigators Ed and Lorraine Warren take on one last terrifying case involving mysterious entities they must confront.,R,No original title,"pennsylvania, usa, exorcism, haunted house, supernatural, sequel, priest, religion, wedding, spirit, paranormal investigation, ghost, 1980s, grim, demonic, mirror, supernatural horror, suspenseful, horror, the conjuring universe, bewildered"
My Fault,06/08/2023 (ES),-2023,"Spanish,  Castilian",1h 57m,"Drama, Romance, Thriller",-,-,78,Domingo González,"Nicole Wallace, Gabriel Guevara, Marta Hazas","Noah must leave her city, boyfriend, and friends to move into William Leister's mansion, the flashy and wealthy husband of her mother Rafaela. As a proud and independent 17 year old, Noah resists living in a mansion surrounded by luxury. However, it is there where she meets Nick, her new stepbrother, and the clash of their strong personalities becomes evident from the very beginning.",16,Culpa mía,"first time, forbidden love, stepbrother, female protagonist, underage sex, stepsister, disturbed, based on young adult novel, enemies to lovers, passion and romance, car, disapproving, disgusted, step-sibling romance"
A House of Dynamite,10/24/2025 (LB),-2025,English,1h 55m,"War, Thriller",-,-,67,Kathryn Bigelow,"Idris Elba, Rebecca Ferguson, Gabriel Basso","When a single, unattributed missile is launched at the United States, a race begins to determine who is responsible and how to respond.",R,No original title,"the white house, woman director, political thriller, political crisis, tense, intense"
Black Phone 2,10/16/2025 (LB),-2025,English,1h 54m,"Horror, Thriller","$30,000,000.00 ","$59,504,282.00 ",73,Scott Derrickson,"Ethan Hawke, Mason Thames, Madeleine McGraw","Four years after escaping The Grabber, Finney Blake is struggling with his life after captivity. When his sister Gwen begins receiving calls in her dreams from the black phone and seeing disturbing visions of three boys being stalked at a winter camp, the siblings become determined to solve the mystery and confront a killer who has grown more powerful in death and more significant to them than either could imagine.",R,No original title,"sibling relationship, child abuse, winter, child murder, mask, supernatural, sequel, murder, domestic abuse, serial killer, snow, slasher, based on short story, child kidnapping, haunted by the past, snowed in, 1980s, 1950s, masked villain, brother sister relationship, masked, supernatural horror, christian faith"
Your Fault,12/27/2024 (ES),-2024,"Spanish,  Castilian",1h 58m,"Drama, Romance",-,-,71,Domingo González,"Nicole Wallace, Gabriel Guevara, Marta Hazas",The love between Noah and Nick seems unwavering despite their parents' attempts to separate them. But his job and her entry into college open up their lives to new relationships that will shake the foundations of both their relationship and the Leister family itself.,16,Culpa tuya,"based on novel or book, suicide attempt, sequel, mental health, romantic drama"
The Fantastic 4: First Steps,07/24/2025 (LB),-2025,English,1h 55m,"Science Fiction, Adventure","$200,000,000.00 ","$520,652,419.00 ",71,Jeff Kaplan,"Pedro Pascal, Vanessa Kirby, Ebon Moss-Bachrach","Against the vibrant backdrop of a 1960s-inspired, retro-futuristic world, Marvel's First Family is forced to balance their roles as heroes with the strength of their family bond, while defending Earth from a ravenous space god called Galactus and his enigmatic Herald, Silver Surfer.",PG-13,No original title,"strong woman, superhero, based on comic, end of the world, family, super power, superhero team, alternative reality, aftercreditsstinger, duringcreditsstinger, marvel cinematic universe (mcu), 1960s, retrofuturism, amused"
xXx,08/09/2002 (US),-2002,English,2h 4m,"Action, Adventure, Thriller, Crime","$70,000,000.00 ","$277,448,382.00 ",60,Rob Cohen,"Vin Diesel, Asia Argento, Marton Csokas","Xander Cage is your standard adrenaline junkie with no fear and a lousy attitude. When the US Government ""recruits"" him to go on a mission, he's not exactly thrilled. His mission: to gather information on an organization that may just be planning the destruction of the world, led by the nihilistic Yorgi.",PG-13,No original title,"sports car, biological weapon, cold war, prague, czech republic, mission, nsa agent, adrenaline junkie, thrill seeker"
Afterburn,09/19/2025 (US),-2025,English,1h 45m,"Science Fiction, Action, Comedy","$60,000,000.00 ","$184,758.00 ",61,J.J. Perry,"Dave Bautista, Olga Kurylenko, Kristofer Hivju","Set against the backdrop of a postapocalyptic Earth whose Eastern Hemisphere was destroyed by a massive solar flare, leaving what life remains mutated from radiation and fallout. The story revolves around a group of treasure hunters who extract such objects as the Mona Lisa, the Rosetta Stone and the Crown Jewels while facing rival hunters, mutants and pirates.",R,No original title,post-apocalyptic future
KPop Demon Hunters,06/20/2025 (LB),-2025,English,1h 36m,"Fantasy, Music, Comedy, Animation","$100,000,000.00 ","$19,200,000.00 ",82,Maggie Kang,"Arden Cho, May Hong, Ji-young Yoo","When K-pop superstars Rumi, Mira and Zoey aren't selling out stadiums, they're using their secret powers to protect their fans from supernatural threats.",PG,No original title,"double life, loyalty, musical, female friendship, supernatural, female protagonist, demon, self-doubt, girl power, duringcreditsstinger, demon hunter, girl group, boy band, fandom, k-pop, action comedy, found family, south korea, 3d animation, half demon, save the world, self-redemption, admiring, k-pop group, trio"
The Toxic Avenger Unrated,08/29/2025 (US),-2025,English,1h 42m,"Action, Comedy, Science Fiction",-,"$3,328,938.00 ",63,Macon Blair,"Peter Dinklage, Jacob Tremblay, Taylour Paige","When a downtrodden janitor, Winston Gooze, is exposed to a catastrophic toxic accident, he’s transformed into a new kind of hero: The Toxic Avenger. Now, Toxie must rise from outcast to savior, taking on ruthless corporate overlords and corrupt forces who threaten his son, his friends, and his community.",NR,No original title,"new jersey, autism, mutant, remake, superhero, gore, janitor, reboot, aftercreditsstinger, duringcreditsstinger, business tycoon, anti establishment, whistleblower, toxic waste, brother brother relationship, action comedy, stepfather stepson relationship, corrupt businessman, troma, graphic violence, environmental activism"
Holy Night: Demon Hunters,04/30/2025 (KR),-2025,Korean,1h 32m,"Action, Fantasy, Horror, Thriller",-,"$6,500,000.00 ",67,Lim Dae-hee,"Don Lee, Seohyun, David Lee","When a devil-worshipping criminal network plunges Seoul into chaos, the police turn to Holy Night—a trio of supernatural demon hunters—to restore order and defeat the rising evil.",15,거룩한 밤: 데몬 헌터스,"evil spirit, demon, occult, dark fantasy, teamwork, suspense, special power"
The Astronaut,10/17/2025 (US),-2025,English,1h 30m,"Horror, Science Fiction, Thriller",-,-,58,Jess Varley,"Kate Mara, Laurence Fishburne, Gabriel Luna","After returning from her first space mission, astronaut Sam Walker is placed under NASA’s care at a high security house for rehabilitation and medical testing. However, when disturbing occurrences begin happening around the property, she fears that something extraterrestrial has followed her back to Earth",15,No original title,"nasa, survival, astronaut, surveillance, survival horror"
The Twits,10/17/2025 (LB),-2025,English,1h 39m,"Animation, Comedy, Family, Fantasy",-,-,66,Phil Johnston,"Margo Martindale, Johnny Vegas, Maitreyi Ramakrishnan","When the meanest, nastiest villains pull a trick to take over their town, two brave children team up with a family of magical animals to bring them down.",PG,No original title,"based on children's book, duringcreditsstinger"
The Strangers: Chapter 2,09/25/2025 (LB),-2025,English,1h 38m,"Horror, Thriller","$8,500,000.00 ","$11,577,352.00 ",58,Renny Harlin,"Madelaine Petsch, Froy Gutierrez, Gabriel Basso","When The Strangers learn that one of their victims, Maya, is still alive, they return to finish what they’ve started.",R,No original title,"ambulance, sequel, hospital, slasher, reboot, masked maniac"
The Hand That Rocks the Cradle,10/22/2025 (US),-2025,English,1h 42m,"Thriller, Horror",-,-,57,Michelle Garza Cervera,"Maika Monroe, Mary Elizabeth Winstead, Raúl Castillo",Suburban couple Caitlin and Miguel Morales hire seemingly sweet Polly to take care of their newborn baby. But Polly's true motives have little to do with singing lullabies — much to the horror of the couple.,R,No original title,"nanny, remake, psychological thriller, newborn baby"
The Lost Princess,05/13/2025 (US),-2025,English,1h 45m,"Action, Adventure",-,-,63,Hicham Hajji,"Cillian O'Sullivan, Gary Dourdan, Robert Knepper","After an Ayahuasca vision transports him to a haunted castle, Alec meets Hanna who tales him the story of her mother's forced marriage and how the forbidden passion with her father was in danger when the princess pregnancy became obvious",16+,No original title,No keywords
Chainsaw Man - The Movie: Reze Arc,10/23/2025 (LB),-2025,Japanese,1h 40m,"Animation, Action, Romance, Fantasy, Horror",-,"$51,524,244.00 ",80,Tatsuya Yoshihara,"Kikunosuke Toya, Reina Ueda, Shiori Izawa","In a brutal war between devils, hunters, and secret enemies, a mysterious girl named Reze has stepped into Denji's world, and he faces his deadliest battle yet, fueled by love in a world where survival knows no rules.",R18+,チェンソーマン レゼ篇,"farewell, regret, nihilism, manipulation, secret organization, unsociability, supernatural, sequel, loneliness, chainsaw, based on manga, disillusionment, demon, adult animation, tragic romance, shounen, anime, emotional breakdown, anxious, romantic, teen fantasy, repressed emotions, surreal violence, psychosexual tension, weaponized femininity"
The Roses,08/29/2025 (GB),-2025,English,1h 45m,"Comedy, Drama, Romance","$30,600,000.00 ","$49,589,664.00 ",70,Jay Roach,"Olivia Colman, Benedict Cumberbatch, Kate McKinnon","Life seems easy for picture-perfect couple Ivy and Theo: successful careers, a loving marriage, great kids. But beneath the façade of their supposed ideal life, a storm is brewing – as Theo's career nosedives while Ivy's own ambitions take off, a tinderbox of fierce competition and hidden resentment ignites.",15,No original title,"based on novel or book, husband wife relationship, remake, dark comedy, critical, intense"
27 Nights,10/17/2025 (LB),-2025,"Spanish,  Castilian",1h 48m,Comedy,-,-,70,Daniel Hendler,"Marilú Marini, Daniel Hendler, Humberto Tortonese","When a woman is admitted by her daughters to a psychiatric clinic for her carefree ways, an expert must judge if she is ill or simply wants to enjoy life.",13,27 noches,No keywords
Play Dirty,10/01/2025 (US),-2025,English,2h 5m,Crime,"$2,500,000.00 ",-,67,Shane Black,"Mark Wahlberg, LaKeith Stanfield, Rosa Salazar","Expert thief Parker gets a shot at a major heist, but to pull it off he and his team must outsmart a South American dictator, the New York mob, and the world's richest man.",R,No original title,"thief, heist, insecure, reflective, wonder, amused, awestruck"
Marco,12/20/2024 (IN),-2024,Malayalam,2h 25m,"Action, Crime, Thriller","$3,467,000.00 ","$11,559,000.00 ",66,Haneef Adeni,"Unni Mukundan, Siddique, Ishan Shoukath","The adoptive son of the Adattu family, Marco, sets off on a ruthless quest for vengeance after his brother is brutally murdered, finding only betrayal, loss and unimaginable brutality at every step.",A,മാർക്കോ,"toxic, revenge killing, family man, aggressive, action hero, amused"
Mission: Impossible - The Final Reckoning,05/23/2025 (US),-2025,English,2h 50m,"Action, Adventure, Thriller","$400,000,000.00 ","$598,056,261.00 ",73,Christopher McQuarrie,"Tom Cruise, Hayley Atwell, Ving Rhames","Ethan Hunt and team continue their search for the terrifying AI known as the Entity — which has infiltrated intelligence networks all over the globe — with the world's governments and a mysterious ghost from Hunt's past on their trail. Joined by new allies and armed with the means to shut the Entity down for good, Hunt is in a race against time to prevent the world as we know it from changing forever.",PG-13,No original title,"diving, artificial intelligence (a.i.), submarine, spy, mask, nuclear missile, fake identity, secret agent, espionage, stunt, sequel, infiltration, terrorist plot, fictional government agency, misinformation, government agency, complex, based on tv series, secret government agency"
War 2,08/14/2025 (IN),-2025,Hindi,2h 53m,"Action, Adventure, Thriller","$47,000,000.00 ","$3,096,145.00 ",54,Ayan Mukerji,"N.T. Rama Rao Jr., Hrithik Roshan, Kiara Advani","Years ago Agent Kabir went rogue, became India’s greatest villain ever. As he descends further into the deepest shadows... India sends its deadliest, most lethal agent after him, Agent Vikram A Special Units Officer who is more than Kabir’s equal and a relentless Terminator driven by his own demons, determined to put a bullet into Kabir’s skull.",U/A 16+,वॉर 2,No keywords
Superman,07/10/2025 (LB),-2025,English,2h 10m,"Science Fiction, Adventure, Action","$225,000,000.00 ","$615,800,000.00 ",74,James Gunn,"David Corenswet, Rachel Brosnahan, Nicholas Hoult","Superman, a journalist in Metropolis, embarks on a journey to reconcile his Kryptonian heritage with his human upbringing as Clark Kent.",PG-13,No original title,"journalist, hero, villain, nerd, alter ego, superhero, based on comic, alien, dog, super power, aftercreditsstinger, duringcreditsstinger, supervillain, dc universe (dcu)"
Primitive War,08/21/2025 (AU),-2025,English,2h 13m,"Action, Horror, War",-,"$217,753.00 ",69,Luke Sparke,"Jeremy Piven, Tricia Helfer, Ryan Kwanten","During the Vietnam War, a recon unit ventures to an isolated jungle valley to uncover the fate of a missing platoon. They soon find themselves in a fight for their lives against an unexpected enemy — prehistoric dinosaurs.",MA 15+,No original title,"based on novel or book, vietnam war, survival, prehistory, prehistoric creature, dinosaur, survival horror, horror novel, war, adaptation, antagonistic, audacious, celebratory"
Pets on a Train,07/02/2025 (FR),-2025,French,1h 27m,"Animation, Comedy, Adventure, Thriller",-,"$3,082,436.00 ",74,Benoît Daffis,"Damien Ferrette, Hervé Jolly, Kaycie Chase","When a train unexpectedly starts up, taking only pets with it, the animals discover that Hans, a badger with a grudge is behind it all. While the crash seems inevitable, the animals can count on Falcon, a roguish Raccoon who will do anything to save them.",PG,Falcon Express,No keywords
Goldilocks and the Three Bears: Death & Porridge,10/07/2024 (GB),-2024,English,1h 23m,"Horror, Thriller",-,-,41,Craig Rees,"Olga Solo, Abigail Huxley, Jimmy Roberts",A group of friends on a rural getaway must fight for their lives against vengeful masked versions of the fairy tale characters.,18,No original title,"based on fairy tale, goldilocks & the three bears, independent film, low budget"
Attack 13,06/13/2025 (TH),-2025,Thai,1h 46m,"Horror, Thriller",-,-,65,Taweewat Wantha,"Korranid Laosubinprasoet, Nichapalak Thongkham, Veerinsara Tangkitsuvanich","Bussaba, a volleyball player who enjoyed bullying others, was found dead by hanging in a gym, causing chaos and horror among other team members.",15,วิญญาณเลขที่ 13,No keywords
Prisoner of War,09/19/2025 (US),-2025,English,1h 53m,"Action, War, Thriller, History","$2,000,000.00 ",-,70,Louis Mandylor,"Scott Adkins, Peter Shinkoda, Michael Copon",British RAF Wing Commander James Wright is captured by the Japanese during WWII and forced to fight in brutal hand-to-hand combat. The Japanese soldiers get more than they bargained for when Wright’s years of martial arts training in Hong Kong prove him to be a formidable opponent.,NR,No original title,"world war ii, prisoner of war, internment camp, 1940s"
The Woman in Cabin 10,10/10/2025 (LB),-2025,English,1h 35m,"Mystery, Thriller, Crime",-,-,62,Simon Stone,"Keira Knightley, Guy Pearce, David Ajala","On a lavish yacht for an assignment, a journalist sees a passenger go overboard. But when no one believes her, she risks her life to uncover the truth.",R,No original title,"based on novel or book, boat, yacht, fake identity, investigation, murder, luxury yacht, mystery"
Forgive Me Father,11/04/2024 (GB),-2024,Russian,1h 17m,"Thriller, Horror, Crime",-,-,63,Fredi 'Kruga' Nwaka,"Simon Haines, Tim Faraday, Celine Arden","When a number of mutilated bodies are discovered in a countryside mansion, seasoned Detective Taylor is charged with finding the killer. An unlikely suspect reveals that some secrets are taken to the grave...and some secrets TAKE US TO THE GRAVE!",15,No original title,No keywords
Jurassic World Rebirth,07/02/2025 (US),-2025,English,2h 14m,"Science Fiction, Adventure, Action","$180,000,000.00 ","$868,349,601.00 ",64,Michael Crichton,"Scarlett Johansson, Mahershala Ali, Jonathan Bailey","Five years after the events of Jurassic World Dominion, covert operations expert Zora Bennett is contracted to lead a skilled team on a top-secret mission to secure genetic material from the world's three most massive dinosaurs. When Zora's operation intersects with a civilian family whose boating expedition was capsized, they all find themselves stranded on an island where they come face-to-face with a sinister, shocking discovery that's been hidden from the world for decades.",PG-13,No original title,"island, secret mission, stranded, dinosaur, family, genetic experiment"
Regretting You,10/23/2025 (LB),-2025,English,1h 56m,"Romance, Drama","$30,000,000.00 ",-,70,Josh Boone,"Scott Eastwood, Allison Williams, Dave Franco","Morgan Grant and her daughter Clara explore what's left behind after a devastating accident reveals a shocking betrayal and forces them to confront family secrets, redefine love, and rediscover each other.",12,No original title,"based on novel or book, north carolina, high school, car crash, death of father, tragedy, underage drinking, family drama, aunt niece relationship, death of husband, underage smoking, death of wife, complex relationship, mother daughter relationship, sister sister relationship, grandfather grandson relationship, 2000s, high school romance, loss of husband, cinephile, loss and grief, marijuana use, loss of father"
TRON: Ares,10/09/2025 (LB),-2025,English,1h 59m,"Science Fiction, Adventure, Action","$180,000,000.00 ","$103,000,000.00 ",64,Jesse Wigutow,"Jared Leto, Greta Lee, Evan Peters","A highly sophisticated Program called Ares is sent from the digital world into the real world on a dangerous mission, marking humankind's first encounter with A.I. beings.",PG-13,No original title,"artificial intelligence (a.i.), simulation, computer program, computer simulation, sequel, aggressive, real world, light cycle, war, excited, digital world, military a.i."
Weapons,08/07/2025 (LB),-2025,English,2h 9m,"Horror, Mystery","$38,000,000.00 ","$265,894,217.00 ",74,Zach Cregger,"Julia Garner, Josh Brolin, Alden Ehrenreich","When all but one child from the same class mysteriously vanish on the same night at exactly the same time, a community is left questioning who or what is behind their disappearance.",R,No original title,"witch, pennsylvania, usa, small town, ritual, cop, trance, teacher, witchcraft, missing child, multiple storylines, supernatural horror, mysterious disappearance, spell, psychological horror, mystery"
Bone Lake,10/03/2025 (US),-2025,English,1h 34m,"Horror, Thriller, Mystery","$1,000,000.00 ","$1,299,545.00 ",55,Mercedes Bryce Morgan,"Maddie Hasson, Alex Roe, Marco Pigossi","A couple's romantic vacation at a secluded lakeside estate is upended when they are forced to share the mansion with a mysterious and attractive couple. In this darkly hilarious and seductive horror story, a dream getaway spirals into a nightmarish maze of sex, lies, and manipulation—bringing terrifying secrets to light and triggering a bloody battle for survival.",R,No original title,No keywords
Host,10/17/2025 (TH),-2025,Thai,2h 5m,Horror,-,-,54,Pairach Khumwan,"Thitiya Jirapornsilp, Veerinsara Tangkitsuvanich, Pisitpon Ekpongpisit","Ing is sent to Pinijkhun Reform School, an all-girls facility on a remote island. The only rule here is that everyone must obey orders.",15,แม่ซื้อ,No keywords
V/H/S/HALLOWEEN,09/19/2025 (US),-2025,English,1h 55m,"Horror, Thriller",-,-,63,Bryan M. Ferguson,"Lawson Greyson, Sarah Nicklin, Jenna Hogan","A collection of Halloween-themed videotapes unleashes a series of twisted, blood-soaked tales, turning trick-or-treat into a struggle for survival.",NR,No original title,"holiday, witch, candy, halloween, sequel, anthology, vhs, torture, found footage, soda, horror anthology, supernatural horror, horror, holiday horror"
Mantis,09/26/2025 (KR),-2025,Korean,1h 53m,"Action, Crime, Thriller",-,-,60,Byun Sung-hyun,"Yim Si-wan, Park Gyu-young, Choi Hyun-wook","Mantis, an ace assassin, returns to the contract killer industry after a hiatus, encountering his trainee friend Jae-yi and a retired legendary killer Dok-go, who now runs the organization.",19,사마귀,"assassin, hitman, spin off, paranoid, unassuming"
One Battle After Another,09/25/2025 (LB),-2025,English,2h 42m,"Action, Thriller, Crime","$130,000,000.00 ","$162,500,000.00 ",77,Paul Thomas Anderson,"Leonardo DiCaprio, Sean Penn, Chase Infiniti","Washed-up revolutionary Bob exists in a state of stoned paranoia, surviving off-grid with his spirited, self-reliant daughter, Willa. When his evil nemesis resurfaces after 16 years and she goes missing, the former radical scrambles to find her, father and daughter both battling the consequences of his past.",R,No original title,"california, based on novel or book, riot, usa–mexico border, sensei, interracial relationship, on the run, pregnant woman, bombing, aftercreditsstinger, botched robbery, missing daughter, white supremacy, 1990s, father daughter relationship, revolutionaries, african american, playful, enthusiastic, hopeful, 2020s, immigration detention center, black comedy, car chase"
How to Train Your Dragon,06/13/2025 (US),-2025,English,2h 5m,"Fantasy, Family, Action, Adventure","$150,000,000.00 ","$635,213,100.00 ",80,Dean DeBlois,"Mason Thames, Nico Parker, Gerard Butler","On the rugged isle of Berk, where Vikings and dragons have been bitter enemies for generations, Hiccup stands apart, defying centuries of tradition when he befriends Toothless, a feared Night Fury dragon. Their unlikely bond reveals the true nature of dragons, challenging the very foundations of Viking society.",PG,No original title,"flying, vikings (norsemen), remake, dragon, battle, warrior, live action remake, based on young adult novel"
Valiant One,01/31/2025 (US),-2025,English,1h 26m,"War, Thriller, Action","$10,000,000.00 ","$1,236,630.00 ",66,Steve Barnett,"Chase Stokes, Lana Condor, Desmin Borges","With tensions between North and South Korea, a US helicopter crashes on the North side. The survivors must work together to protect a civilian tech specialist and find their way out without the help of US military support.",R,No original title,No keywords
The Black Phone,06/24/2022 (US),-2022,English,1h 43m,"Horror, Thriller","$16,000,000.00 ","$161,441,914.00 ",76,Scott Derrickson,"Mason Thames, Ethan Hawke, Madeleine McGraw","Finney Blake, a shy but clever 13-year-old boy, is abducted by a sadistic killer and trapped in a soundproof basement where screaming is of little use. When a disconnected phone on the wall begins to ring, Finney discovers that he can hear the voices of the killer’s previous victims. And they are dead set on making sure that what happened to them doesn’t happen to Finney.",R,No original title,"sibling relationship, child abuse, sadistic, 1970s, small town, dreams, kidnapping, colorado, mask, cellar, supernatural, bullying, basement, serial killer, slasher, based on short story, alcoholic father, child kidnapping, speculative, angry, unassuming, supernatural horror"
Coyotes,10/03/2025 (US),-2025,English,1h 31m,"Horror, Comedy",-,-,55,Tad Daggerhart,"Justin Long, Mila Harris, Brittany Allen","Trapped in their Hollywood Hills home, a family fights for survival when caught between a raging wildfire and a pack of savage coyotes. As the city loses power and chaos spreads, nature turns feral - and what starts as isolated attacks escalates into a terrifying siege they may not all survive.",R,No original title,"survival, hollywood, survival horror, coyote, animal horror, ужасы 2025, фильм ужасов про волков, фильм о нападении волков"
F1,06/26/2025 (LB),-2025,English,2h 36m,"Action, Drama","$250,000,000.00 ","$626,222,234.00 ",78,Joseph Kosinski,"Brad Pitt, Damson Idris, Javier Bardem",Racing legend Sonny Hayes is coaxed out of retirement to lead a struggling Formula 1 team—and mentor a young hotshot driver—while chasing one more chance at glory.,PG-13,No original title,"comeback, racing, race car driver, sport competition, beforecreditsstinger, rookie, formula one (f1), motorsport, car racing"
Caramelo,10/08/2025 (LB),-2025,Portuguese,1h 41m,"Comedy, Drama",-,-,77,Diego Freitas,"Rafael Vitti, Amendoim, Arianne Botelho","After a life-changing diagnosis, a promising chef finds hope and humor with the help of a fur-midable dog friend.",12,No original title,"caramelo, καραμελο"
My Fault: London,02/13/2025 (GB),-2025,English,1h 58m,"Romance, Drama",-,-,75,Charlotte Fassler,"Asha Banks, Matthew Broome, Eve Macklin","18-year-old Noah moves from America to London, with her mother who's recently fallen in love with William, a wealthy British businessman. Noah meets William’s son, bad-boy Nick, and soon discovers there is an attraction between them neither can avoid. As Noah spends the summer adjusting to her new life, her devastating past will catch up with her while falling in love for the first time.",15,No original title,"based on novel or book, release from prison, estranged father"
Vicious,09/19/2025 (US),-2025,English,1h 38m,"Horror, Thriller",-,-,61,Bryan Bertino,"Dakota Fanning, Kathryn Hunter, Mary McCormack","When Polly receives a mysterious box, it comes with one rule: place inside something she needs, something she hates, and something she loves. If she doesn’t obey, it will consume everything—and everyone—she’s ever known.",R,No original title,No keywords
Ne Zha 2,01/29/2025 (CN),-2025,Chinese,2h 24m,"Animation, Fantasy, Adventure, Action","$80,000,000.00 ","$2,150,000,000.00 ",80,Yang Yu,"Lu Yanting, Joseph, Han Mo","After a catastrophic event leaves their bodies destroyed, Ne Zha and Ao Bing are granted a fragile second chance at life. As tensions rise between the dragon clans and celestial forces, the two must undergo a series of perilous trials that will test their bond, challenge their identities, and decide the fate of both mortals and immortals.",NR,哪吒之魔童闹海,"fight, magic, based on myths, legends or folklore, 3d animation, nezha, chinese mythology, donghua, admiring"
Anemone,10/03/2025 (US),-2025,English,2h 5m,Drama,"$11,000,000.00 ","$1,161,830.00 ",61,Ronan Day-Lewis,"Daniel Day-Lewis, Sean Bean, Samantha Morton","Middle-aged Jem sets out from his suburban home on a journey into the woods, where he reconnects with his estranged hermit brother Ray. Bonded by a mysterious, complicated past, the men share a fraught, if occasionally tender relationship—one that was forever altered by shattering events decades earlier.",R,No original title,"family relationships, family dynamics, father son relationship, brother brother relationship"
Gabby's Dollhouse: The Movie,09/26/2025 (US),-2025,English,1h 38m,"Family, Comedy, Adventure, Animation","$32,000,000.00 ","$45,973,395.00 ",69,Ryan Crego,"Laila Lockhart Kraner, Gloria Estefan, Kristen Wiig","Gabby heads out on a road trip with her Grandma Gigi to the urban wonderland of Cat Francisco. But when Gabby's dollhouse, her most prized possession, ends up in the hands of an eccentric cat lady named Vera, Gabby sets off on an adventure through the real world to get the Gabby Cats back together and save the dollhouse before it's too late.",G,No original title,"cat, magic, musical, mermaid, friendship, growing up, tragic villain, coming of age, breaking the fourth wall, duringcreditsstinger, live action and animation, childhood innocence, based on tv series, grandmother granddaughter relationship, imagination, cat lady"
Good Boy,10/03/2025 (US),-2025,English,1h 13m,"Horror, Thriller","$990,000.00 ","$6,636,591.00 ",70,Ben Leonberg,"Indy, Shane Jensen, Larry Fessenden","A loyal dog moves to a rural family home with his owner Todd, only to discover supernatural forces lurking in the shadows. As dark entities threaten his human companion, the brave pup must fight to protect the one he loves most.",PG-13,No original title,"human animal relationship, haunted house, terminal illness, woods, evil spirit, curse, dog, death, ghost, family curse, pov (point of view), supernatural horror, independent film"
Nobody 2,08/15/2025 (US),-2025,English,1h 29m,"Action, Thriller","$25,000,000.00 ","$38,802,325.00 ",71,Derek Kolstad,"Bob Odenkirk, Connie Nielsen, John Ortiz","Former assassin Hutch Mansell takes his family on a nostalgic vacation to a small-town theme park, only to be pulled back into violence when they clash with a corrupt operator, a crooked sheriff, and a ruthless crime boss.",R,No original title,"assassin, sequel, revenge, dark comedy, one man army, family vacation, hard, disdainful, inflammatory, russian mafia"
Interstellar,11/06/2014 (LB),-2014,English,2h 49m,"Adventure, Drama, Science Fiction","$165,000,000.00 ","$746,606,706.00 ",85,Christopher Nolan,"Matthew McConaughey, Anne Hathaway, Michael Caine",The adventures of a group of explorers who make use of a newly discovered wormhole to surpass the limitations on human space travel and conquer the vast distances involved in an interstellar voyage.,PG-13,No original title,"artificial intelligence (a.i.), nasa, time warp, spacecraft, expedition, future, wormhole, space travel, famine, black hole, dystopia, race against time, hibernation, quantum mechanics, space, rescue, family relationships, robot, astronaut, scientist, single father, farmer, space station, space adventure, time paradox, cryonics, father daughter relationship, 2060s, cornfield, time manipulation, provocative, euphoric"
Night of the Reaper,08/07/2025 (US),-2025,English,1h 33m,"Horror, Thriller",-,"$750,000.00 ",66,Brandon Christensen,"Jessica Clement, Ryan Robbins, Summer H. Howell","College student Deena visits her home town and is roped into a babysitting gig. Meanwhile, the local sheriff, after receiving a piece of evidence in the mail, falls into an increasingly desperate scavenger hunt involving a series of murders.",18+,No original title,"sheriff, babysitter, murder, slasher, police officer, bound and gagged, evidence, slasher horror, babysitter in peril"
Bambi: The Reckoning,08/21/2025 (GB),-2025,English,1h 20m,"Horror, Thriller","$325,000.00 ","$475,347.00 ",59,Felix Salten,"Roxanne McKee, Tom Mulheron, Adrian Relph","After a mother and son get in a car wreck, they soon become hunted by Bambi, a mutated grief-stricken deer on a deadly rampage seeking revenge for the death of his mother and wife.",NR,No original title,"bambi, the twisted childhood universe (tcu), мутировавший олень, бэмби"
Eden,08/22/2025 (US),-2025,English,2h 9m,"Thriller, Drama","$50,000,000.00 ","$1,907,486.00 ",68,Ron Howard,"Sydney Sweeney, Jude Law, Daniel Brühl","A group of disillusioned outsiders abandon modern society in search of a new beginning. Settling on a remote, uninhabited island, their utopian dream quickly unravels as they discover that the greatest threat isn’t the brutal climate or deadly wildlife, but each other.",R,No original title,"paradise, isolation, island, survival, aggressive, arrogant"
The Bad Guys 2,08/01/2025 (US),-2025,English,1h 43m,"Family, Comedy, Crime, Adventure, Animation","$80,000,000.00 ","$224,738,330.00 ",78,Pierre Perifel,"Sam Rockwell, Marc Maron, Awkwafina","The now-reformed Bad Guys are trying (very, very hard) to be good, but instead find themselves hijacked into a high-stakes, globe-trotting heist, masterminded by a new team of criminals they never saw coming: The Bad Girls.",PG,No original title,"based on novel or book, snake, wolf, villain, spider, sequel, heist, anthropomorphism, framed for a crime, frantic, absurd, adoring"
Laila,02/14/2025 (IN),-2025,Telugu,2h 14m,"Comedy, Romance",-,-,52,Ram Narayan,"Vishwak Sen, Akanksha Sharma, Babloo Prithiveeraj","Sonu Model, a renowned beautician from the old city, is forced to disguise himself as Laila, leading to a series of comedic, romantic, and action-packed events. Chaos ensues in this hilarious laugh riot",15,లైలా,No keywords
Frankenstein,10/17/2025 (US),-2025,English,2h 30m,"Drama, Horror, Science Fiction","$120,000,000.00 ",-,79,Guillermo del Toro,"Oscar Isaac, Jacob Elordi, Mia Goth","Dr. Victor Frankenstein, a brilliant but egotistical scientist, brings a creature to life in a monstrous experiment that ultimately leads to the undoing of both the creator and his tragic creation.",R,No original title,"based on novel or book, monster, reanimation, mad scientist, frankenstein, romantic"
Brute 1976,03/13/2024 (US),-2024,English,1h 45m,Horror,-,-,44,Marcel Walz,"Adriane McLean, Sarah French, Gigi Gustin","In 1976 a group of people in the desert for a photo shoot, stumble upon an abandoned town called Savage. But they are not alone. A family of masked psychopaths have claimed Savage as their own and are hell bent on living up to its name.",Not Rated,No original title,"1970s, slasher, struggle for survival, desert, sadistic psychopath, rural, independent film"
Butchers Book Two: Raghorn,02/29/2024 (US),-2024,English,1h 28m,Horror,-,-,34,Adrian Langley,"Nick Biskupek, Michael Swatton, Sam Huntsman","Book one followed a family of sadistic butchers, living in the backcountry, who see anyone that crosses their path as dead meat. In “Butchers Book Two: Raghorn,” the story continues when an accident leaves the captors in the hands of brutal cannibals who plan to hack them up for meat.",18,No original title,No keywords
Lilo & Stitch,05/23/2025 (US),-2025,English,1h 48m,"Family, Science Fiction, Comedy, Adventure","$100,000,000.00 ","$1,037,247,842.00 ",72,Dean Fleischer Camp,"Maia Kealoha, Sydney Agudong, Chris Sanders",The wildly funny and touching story of a lonely Hawaiian girl and the fugitive alien who helps to mend her broken family.,PG,No original title,"hawaii, bullying, alien, dysfunctional family, loss of job, shape shifting alien, family, nostalgic, evil alien, orphan siblings, extraterrestrial animal, live action remake, alien spaceship, animal human friendship, advanced technology, hilarious, whimsical"
Django Undisputed,04/22/2024 (US),-2024,Italian,1h 24m,Western,$3.00 ,-,61,Claudio Del Falco,"Claudio Del Falco, Tomas Arana, Michael Segal","Determined to exact his justice, Django faces dangerous challenges and bloody clashes to restore order in a territory dominated by lawlessness and injustice.",16,No original title,"spaghetti western, django, western"
The Avengers,05/04/2012 (US),-2012,English,2h 23m,"Science Fiction, Action, Adventure","$220,000,000.00 ","$1,518,815,515.00 ",78,Joss Whedon,"Robert Downey Jr., Chris Evans, Mark Ruffalo","When an unexpected enemy emerges and threatens global safety and security, Nick Fury, director of the international peacekeeping agency known as S.H.I.E.L.D., finds himself in need of a team to pull the world back from the brink of disaster. Spanning the globe, a daring recruitment effort begins!",PG-13,No original title,"new york city, shield, superhero, based on comic, alien invasion, superhero team, aftercreditsstinger, duringcreditsstinger, marvel cinematic universe (mcu)"
Good News,10/17/2025 (LB),-2025,Korean,2h 16m,"Thriller, Comedy, History",-,-,70,Byun Sung-hyun,"Sul Kyung-gu, Hong Kyung, Ryoo Seung-bum","When hijackers seize a Japanese flight and demand to fly to Pyongyang, a mysterious mastermind hatches a zany scheme to reroute the plane to Seoul.",15,굿뉴스,"airport, 1970s, airplane, hijacking, satire, based on true story, dark comedy, airplane hijacking, red army, satirical, communists, japanese, korean air force, inter-korean relations, pyongyang, north korea, seoul, south korea"
Fight Another Day,10/09/2024 (SE),-2024,English,1h 48m,Action,-,-,51,James Mark,"Jim Belushi, Martin Kove, Eric Johnson","Follows a tough cop, who after being transported to a dystopian future, must enter a deadly combat tournament to be able to return to his past.",Not Rated,No original title,No keywords
Ballerina,06/06/2025 (US),-2025,English,2h 5m,"Action, Thriller, Crime","$90,000,000.00 ","$137,258,395.00 ",73,Derek Kolstad,"Ana de Armas, Keanu Reeves, Ian McShane","Taking place during the events of John Wick: Chapter 3 – Parabellum, Eve Macarro begins her training in the assassin traditions of the Ruska Roma.",R,No original title,"tattoo, assassin, grenade, training, female protagonist, female assassin, biting, spin off, flamethrower, burning, hunted, burning building, ballerina, aggressive, gun fight, vengeance, anxious, knocked unconscious, sisters, audacious, defiant, sympathetic, brutal violence"
She Walks in Darkness,10/17/2025 (LB),-2025,"Spanish,  Castilian",1h 45m,"Drama, Thriller",-,-,68,Agustín Díaz Yanes,"Susana Abaitua, Andrés Gertrúdix, Iraia Elias","A young agent leaves everything behind to pose as a member of ETA, risking her life to uncover the terrorists' hideouts in the south of France.",16,Un fantasma en la batalla,political thriller
Dead of Winter,09/26/2025 (US),-2025,English,1h 38m,Thriller,-,"$1,030,111.00 ",64,Brian Kirk,"Emma Thompson, Judy Greer, Marc Menchaca","A widowed fisherwoman, travelling alone through snowbound northern Minnesota, interrupts the kidnapping of a teenage girl. Hours from the nearest town and with no phone service, she realizes that she is the young girl's only hope.",R,No original title,"minnesota, kidnapping, cabin, fisherman, snow, kurdistan, frozen lake, fisherwoman, snow storm"
Bitter Souls,10/23/2024 (US),-2024,English,1h 27m,Horror,-,-,30,Tom Ryan,"Avaryana Rose, Michael Ashley McKeever, Destiny Leilani Brown","After a tragic accident, a teenage girl is resurrected with the use of black magic. She uses her new-found powers to exact vengeance on her tormentors.",Not Rated,No original title,voodoo
Final Destination Bloodlines,05/16/2025 (US),-2025,English,1h 50m,"Horror, Mystery","$50,000,000.00 ","$310,430,814.00 ",71,Lori Evans Taylor,"Kaitlyn Santa Juana, Teo Briones, Rya Kihlstedt","Plagued by a violent recurring nightmare, college student Stefanie heads home to track down the one person who might be able to break the cycle and save her family from the grisly demise that inevitably awaits them all.",R,No original title,"restaurant, sequel, premonition, gore, fate, family, death, psychotic, taunting, hard, near-death experience, shocking, paranoid, hostile, hopeless, insecure, 1960s, satirical, ironic, cheating death, malicious, suspicious, supernatural horror, vindictive, negative, horror, tense, hilarious, callous, cruel, disheartening, frightened, ghoulish, horrified, inflammatory, mean spirited, mocking, ominous, pessimistic, sarcastic, sardonic, tragic, teen scream"
Coco,11/22/2017 (US),-2017,English,1h 45m,"Family, Animation, Music, Adventure","$175,000,000.00 ","$814,641,172.00 ",82,Lee Unkrich,"Anthony Gonzalez, Gael García Bernal, Benjamin Bratt","Despite his family’s baffling generations-old ban on music, Miguel dreams of becoming an accomplished musician like his idol, Ernesto de la Cruz. Desperate to prove his talent, Miguel finds himself in the stunning and colorful Land of the Dead following a mysterious chain of events. Along the way, he meets charming trickster Hector, and together, they set off on an extraordinary journey to unlock the real story behind Miguel's family history.",PG,No original title,"holiday, mexico, guitar, villain, musician, skeleton, afterlife, singer, murderer, life after death, kids, day of the dead, music, boy"
The Ugly Stepsister,03/07/2025 (NO),-2025,Norwegian,1h 49m,"Horror, Comedy, Fantasy, Drama","$4,250,000.00 ","$4,601,915.00 ",72,Emilie Blichfeldt,"Lea Myren, Ane Dahl Torp, Thea Sofie Loch Næss","In a fairy-tale kingdom where beauty is a brutal business, Elvira battles to compete with her incredibly beautiful stepsister, and she will go to any length to catch the prince’s eye.",15,Den stygge stesøsteren,"satire, based on fairy tale, shocking, beauty standards, desperate, stepmother stepdaughter relationship, independent film, body horror, psychological horror, horror, cinderella story, baffled, bold, brisk, exuberant, forceful"
Ne Zha,07/26/2019 (CN),-2019,Chinese,1h 50m,"Animation, Fantasy, Adventure","$22,000,000.00 ","$742,718,496.00 ",79,Yang Yu,"Lu Yanting, Joseph, Han Mo","A young boy is born as the reincarnation of a demonic power, into a society that hates and fears him. Destined by prophecy to bring destruction to the world, Nezha must choose between good and evil to see if he can change his fate.",NR,哪吒之魔童降世,"magic, dragon, demon, based on myths, legends or folklore, 3d animation, nezha, donghua, amused"
The Naked Gun,08/01/2025 (US),-2025,English,1h 25m,"Comedy, Action, Crime","$42,000,000.00 ","$101,847,396.00 ",66,Akiva Schaffer,"Liam Neeson, Pamela Anderson, Paul Walter Hauser",Only one man has the particular set of skills... to lead Police Squad and save the world: Lt. Frank Drebin Jr.,PG-13,No original title,"slapstick comedy, sequel, reboot, aftercreditsstinger, duringcreditsstinger, action comedy, disheartening"
Ice Road: Vengeance,06/27/2025 (US),-2025,English,1h 53m,"Action, Thriller, Drama",-,-,63,Jonathan Hensleigh,"Liam Neeson, Fan Bingbing, Marcus Thomas","Big rig ice road driver Mike McCann travels to Nepal to scatter his late brother’s ashes on Mt. Everest. While on a packed tour bus traversing the deadly 12,000 ft. terrain of the infamous Road to the Sky, McCann and his mountain guide encounter a group of mercenaries and must fight to save themselves, the busload of innocent travelers, and the local villagers’ homeland.",R,No original title,"mercenary, sequel, mount everest, suspenseful, audacious, embarrassed, optimistic, urgent"
The Substance,09/20/2024 (GB),-2024,English,2h 21m,"Drama, Horror, Science Fiction","$17,500,000.00 ","$76,506,196.00 ",71,Coralie Fargeat,"Demi Moore, Margaret Qualley, Dennis Quaid","A fading celebrity decides to use a black market drug, a cell-replicating substance that temporarily creates a younger, better version of herself.",18,No original title,"capitalism, new year's eve, identity, birthday, black market, beauty, aging, celebrity, satire, female protagonist, los angeles, california, has been, aerobics, disfigurement, woman in jeopardy, woman director, substance, beauty standards, insecure woman, self image, toxic masculinity, drug, body horror, female rage, youth, actress, farcical, sardonic"
Moana 2,03/12/2025 (LB),-2024,English,1h 40m,"Family, Comedy, Adventure, Animation, Fantasy","$150,000,000.00 ","$1,059,242,164.00 ",70,Dana Ledoux Miller,"Auliʻi Cravalho, Dwayne Johnson, Hualālai Chung","After receiving an unexpected call from her wayfinding ancestors, Moana journeys alongside Maui and a new crew to the far seas of Oceania and into dangerous, long-lost waters for an adventure unlike anything she's ever faced.",PG,No original title,"ocean, sea, villain, musical, sequel, coming of age, duringcreditsstinger, hopeful"
St. Patrick's Day Massacre,03/10/2025 (GB),-2025,English,1h 23m,Horror,-,-,47,Steve Lawson,"Marta Svetek, Ayvianna Snow, Ben Manning","On a trip to Dublin to celebrate St. Patrick's Day, four friends agree to spend the night in an abandoned tavern, where they are stalked by an undead killer in search of revenge for a tragedy that occurred centuries before.",15,No original title,"serial killer, st. patrick's day, revenge murderer"
Corpse Bride,09/16/2005 (US),-2005,English,1h 17m,"Romance, Fantasy, Animation","$40,000,000.00 ","$118,133,252.00 ",76,Tim Burton,"Johnny Depp, Helena Bonham Carter, Emily Watson","In a 19th-century European village, a young man about to be married is whisked away to the underworld and wed to a mysterious corpse bride, while his real bride waits bereft in the land of the living.",PG,No original title,"love triangle, shyness, cheating, wedding vows, arranged marriage, grave, villain, bride, skeleton, musical, marriage, wedding ring, stop motion, money, wedding, corpse, wedding ceremony, playing piano, parents, macabre, dark fantasy, bride and groom, ring, scoundrel, 19th century, underworld, romantic, ghoulish"
Elio,06/20/2025 (US),-2025,English,1h 38m,"Family, Comedy, Adventure, Animation, Science Fiction","$150,000,000.00 ","$153,797,125.00 ",70,Madeline Sharafian,"Yonas Kibreab, Remy Edgerly, Zoe Saldaña","Elio, a space fanatic with an active imagination, finds himself on a cosmic misadventure where he must form new bonds with eccentric alien lifeforms, navigate a crisis of intergalactic proportions and somehow discover who he is truly meant to be.",PG,No original title,"villain, alien, computer animation, coming of age, eye patch, social outcast, aftercreditsstinger, beforecreditsstinger, space adventure, sattelite, pre-teen, amateur radio, mother son relationship, good versus evil, 3d animation, interspecies friendship, clones, adoring, comforting, pixar"
The Lost Bus,10/03/2025 (LB),-2025,English,2h 10m,"Drama, Mystery, Thriller",-,-,72,Paul Greengrass,"Matthew McConaughey, America Ferrera, Yul Vazquez",A determined father risks everything to rescue a dedicated teacher and her students from a raging wildfire.,R,No original title,"california, fire, based on novel or book, bus, bus driver, based on true story, survival, schoolteacher, wildfire, 2010s, exhilarated"
M3GAN 2.0,06/26/2025 (LB),-2025,English,2h,"Action, Science Fiction, Thriller","$25,000,000.00 ","$39,085,942.00 ",74,Gerard Johnstone,"Allison Williams, Violet McGraw, Amie Donald","After the underlying tech for M3GAN is stolen and misused by a powerful defense contractor to create a military-grade weapon known as Amelia, M3GAN's creator Gemma realizes that the only option is to resurrect M3GAN and give her a few upgrades, making her faster, stronger, and more lethal.",PG-13,No original title,"artificial intelligence (a.i.), android, killer robot, fight, beheading, electromagnetic pulse, sequel, evil doll, wingsuit, robot, doll, spear throwing, synthetic human, robot fighting, exoskeleton, calm, creepy doll, unassuming, satirical, smart home, possessed doll, suspenseful, action, instructive, fbi operation, neural chip, android horror"
Assassin,09/26/2025 (CN),-2025,Chinese,No duration,Action,-,-,44,We don't have any crew added to this movie. You can help by adding some!,"Ray Lui, Ming Wang",We don't have an overview translated in English. Help us expand our database by adding one.,Not Rated,No original title,No keywords
The Gorge,02/14/2025 (LB),-2025,English,2h 7m,"Romance, Science Fiction, Thriller","$70,000,000.00 ",-,77,Scott Derrickson,"Miles Teller, Anya Taylor-Joy, Sigourney Weaver","Two highly trained operatives grow close from a distance after being sent to guard opposite sides of a mysterious gorge. When an evil below emerges, they must work together to survive what lies within.",PG-13,No original title,"fog, canyon, romance, tower, elite sniper, snipers, long-term observation"
Tell Me What You Want,11/29/2024 (ES),-2024,"Spanish,  Castilian",1h 54m,"Romance, Drama",-,"$2,265,661.00 ",62,Lucía Alemany,"Gabriela Andrada, Mario Ermito, Celia Freijeiro","After his father's death, Eric Zimmerman travels to Spain to oversee his company's branches. In Madrid, he falls for Judith and engage in an intense, erotic relationship full of exploration. However, Eric fears his secret may end their affair.",18,Pídeme lo que quieras,"spain, based on novel or book, woman director, erotic romance, excited, cine español"
Ligaw,05/09/2025 (PH),-2025,Tagalog,1h 25m,"Drama, Romance",-,-,60,Omar Deroca,"Robb Guinto, Ali Asistio, JC Tan","A sultry woman who charms the hearts of men in a remote province. Dolores, a devoted wife to her paraplegic husband, falls for a young mountaineer. What begins as a reckless escape turns into an affair drenched in passion and secrecy.",R-18,No original title,"infidelity, sexy"
The Shawshank Redemption,09/23/1994 (US),-1994,English,2h 22m,"Drama, Crime","$25,000,000.00 ","$28,341,469.00 ",87,Frank Darabont,"Tim Robbins, Morgan Freeman, Bob Gunton","Imprisoned in the 1940s for the double murder of his wife and her lover, upstanding banker Andy Dufresne begins a new life at the Shawshank prison, where he puts his accounting skills to work for an amoral warden. During his long stretch in prison, Dufresne comes to be admired by the other inmates -- including an older prisoner named Red -- for his integrity and unquenchable sense of hope.",R,No original title,"prison, corruption, police brutality, based on novel or book, prison cell, hope, delinquent, friendship, freedom, parole board, prison escape, redemption, wrongful imprisonment, interracial friendship, framed for murder, 1940s, voiceover"
HIM,10/02/2025 (LB),-2025,English,1h 36m,"Horror, Mystery","$27,000,000.00 ","$26,609,022.00 ",59,Justin Tipping,"Tyriq Withers, Marlon Wayans, Julia Fox","After suffering a potentially career-ending brain trauma, Cameron Cade receives a lifeline when his hero, legendary eight-time Championship quarterback and cultural megastar Isaiah White, offers to train Cam at Isaiah's isolated compound that he shares with his celebrity influencer wife. But as Cam's training accelerates, Isaiah's charisma begins to curdle into something darker.",R,No original title,"training, ritual, cult, religion, injury, quarterback, athletics, satanic, blood, horror, sport, football, combine"
A Working Man,03/28/2025 (GB),-2025,English,1h 56m,"Action, Crime, Thriller","$40,000,000.00 ","$99,068,160.00 ",67,David Ayer,"Jason Statham, Jason Flemyng, Merab Ninidze","Levon Cade left behind a decorated military career in the black ops to live a simple life working construction. But when his boss's daughter, who is like family to him, is taken by human traffickers, his search to bring her home uncovers a world of corruption far greater than he ever could have imagined.",15,No original title,"based on novel or book, kidnapping, vigilante, missing person, black ops, construction worker, criminal conspiracy"
E poi si vede,03/27/2025 (IT),-2025,Italian,1h 37m,Comedy,"$2,851,964.00 ",-,60,Giovanni Calvaruso,"Fabrizio Sansone, Federico Sansone, Donatella Finocchiaro","Three houses, three boys, the same goal: to win the competition for a position as an employee in the legal office of the city. Federico, a law graduate, but only to please his father counsellor, hopes for his recommendation; Fabrizio, lawyer on paper but not practicing in life, tries to overcome the umpteenth public test and Luca, who since he was born has always had the road open. Only for one of them will the dream of a lifetime come true, until things take an unexpected turn.",T,No original title,"work, find a job, job candidate"
Avatar: The Way of Water,12/16/2022 (US),-2022,English,3h 12m,"Action, Adventure, Science Fiction","$350,000,000.00 ","$2,330,224,914.00 ",76,James Cameron,"Sam Worthington, Zoe Saldaña, Sigourney Weaver","Set more than a decade after the events of the first film, learn the story of the Sully family (Jake, Neytiri, and their kids), the trouble that follows them, the lengths they go to keep each other safe, the battles they fight to stay alive, and the tragedies they endure.",PG-13,No original title,"loss of loved one, dying and death, alien life-form, resurrection, sequel, dysfunctional family, alien planet, distant future, adopted child, rebirth, family dynamics, adopted son, stronger villain, relaxed, war, stereoscopic film, exhilarated"
Avengers: Infinity War,04/27/2018 (US),-2018,English,2h 29m,"Adventure, Action, Science Fiction","$300,000,000.00 ","$2,052,415,039.00 ",82,Jack Kirby,"Robert Downey Jr., Chris Evans, Chris Hemsworth","As the Avengers and their allies have continued to protect the world from threats too large for any one hero to handle, a new danger has emerged from the cosmic shadows: Thanos. A despot of intergalactic infamy, his goal is to collect all six Infinity Stones, artifacts of unimaginable power, and use them to inflict his twisted will on all of reality. Everything the Avengers have fought for has led up to this moment - the fate of Earth and existence itself has never been more uncertain.",PG-13,No original title,"magic, sacrifice, superhero, based on comic, space, battlefield, genocide, magical object, super power, superhero team, aftercreditsstinger, marvel cinematic universe (mcu), cosmic"
Coraline,05/14/2009 (LB),-2009,English,1h 40m,"Animation, Family, Fantasy","$60,000,000.00 ","$185,860,104.00 ",79,Henry Selick,"Dakota Fanning, Teri Hatcher, Jennifer Saunders","Wandering her rambling old house in her boring new town, 11-year-old Coraline discovers a hidden door to a strangely idealized version of her life. In order to stay in the fantasy, she must make a frighteningly real sacrifice.",PG,No original title,"based on novel or book, dreams, villain, eye, friendship, stop motion, stuffed animal, parallel world, button, new home, secret door, female villain, aftercreditsstinger, duringcreditsstinger, horror for children, talking cat, somber, parallel universe, callous, ghoulish, gloomy"
Harry Potter and the Philosopher's Stone,11/16/2001 (GB),-2001,English,2h 32m,"Adventure, Fantasy","$125,000,000.00 ","$976,475,550.00 ",79,Chris Columbus,"Daniel Radcliffe, Rupert Grint, Emma Watson","Harry Potter has lived under the stairs at his aunt and uncle's house his whole life. But on his 11th birthday, he learns he's a powerful wizard—with a place waiting for him at the Hogwarts School of Witchcraft and Wizardry. As he learns to harness his newfound powers with the help of the school's kindly headmaster, Harry uncovers the truth about his parents' deaths—and about the villain who's to blame.",PG,No original title,"london, england, witch, based on novel or book, magic, school friend, male friendship, child hero, school of witchcraft, chosen one, friendship, boarding school, bullying, school, ghost, nostalgic, fantasy world, wizard, pre-teen, children's adventure, based on young adult novel, found family, owl, male female friendship, teen fantasy"
The Dark Knight,07/24/2008 (LB),-2008,English,2h 32m,"Drama, Action, Crime, Thriller","$185,000,000.00 ","$1,004,558,444.00 ",85,Christopher Nolan,"Christian Bale, Heath Ledger, Aaron Eckhart","Batman raises the stakes in his war on crime. With the help of Lt. Jim Gordon and District Attorney Harvey Dent, Batman sets out to dismantle the remaining criminal organizations that plague the streets. The partnership proves to be effective, but they soon find themselves prey to a reign of chaos unleashed by a rising criminal mastermind known to the terrified citizens of Gotham as the Joker.",PG-13,No original title,"crime fighter, secret identity, anti hero, scarecrow, sadism, chaos, vigilante, superhero, based on comic, tragic hero, organized crime, anti villain, criminal mastermind, district attorney, super power, super villain, neo-noir, bold"
Inside Out 2,06/14/2024 (US),-2024,English,1h 37m,"Animation, Adventure, Comedy, Family","$200,000,000.00 ","$1,698,863,816.00 ",76,Kelsey Mann,"Amy Poehler, Maya Hawke, Kensington Tallman","Teenager Riley's mind headquarters is undergoing a sudden demolition to make room for something entirely unexpected: new Emotions! Joy, Sadness, Anger, Fear and Disgust, who’ve long been running a successful operation by all accounts, aren’t sure how to feel when Anxiety shows up. And it looks like she’s not alone.",PG,No original title,"sadness, disgust, sequel, computer animation, teenage girl, fear, anger, envy, aftercreditsstinger, duringcreditsstinger, emotions, embarrasment, joy, anxiety, witty, assertive, cheerful"
The Maze Runner,09/17/2014 (LB),-2014,English,1h 53m,"Action, Mystery, Science Fiction, Thriller","$34,000,000.00 ","$348,319,861.00 ",72,Wes Ball,"Dylan O'Brien, Kaya Scodelario, Aml Ameen","A teenager with no memory of his past finds himself among a group of boys living in a walled enclosure surrounded by a massive, ever-changing maze. As he struggles to adapt to their rules and society, he begins to uncover clues that may lead to escape and the truth behind their confinement.",PG-13,No original title,"based on novel or book, maze, post-apocalyptic future, dystopia, escape, memory loss, trapped, based on young adult novel"
Deadpool & Wolverine,07/26/2024 (US),-2024,English,2h 8m,"Action, Comedy, Science Fiction","$200,000,000.00 ","$1,338,073,645.00 ",76,Shawn Levy,"Ryan Reynolds, Hugh Jackman, Emma Corrin","A listless Wade Wilson toils away in civilian life with his days as the morally flexible mercenary, Deadpool, behind him. But when his homeworld faces an existential threat, Wade must reluctantly suit-up again with an even more reluctant Wolverine.",R,No original title,"hero, mutant, anti hero, superhero, breaking the fourth wall, aftercreditsstinger, duringcreditsstinger, marvel cinematic universe (mcu), mutants, superhero teamup"
A Minecraft Movie,04/04/2025 (US),-2025,English,1h 41m,"Family, Fantasy, Comedy, Adventure, Action","$150,000,000.00 ","$957,949,195.00 ",64,Hubbel Palmer,"Jason Momoa, Jack Black, Sebastian Eugene Hansen","Four misfits find themselves struggling with ordinary problems when they are suddenly pulled through a mysterious portal into the Overworld: a bizarre, cubic wonderland that thrives on imagination. To get back home, they'll have to master this world while embarking on a magical quest with an unexpected, expert crafter, Steve.",PG,No original title,"exploration, miner, friendship, portal, friends, surrealism, survival, zombie, based on video game, aftercreditsstinger, duringcreditsstinger, journey, live action and animation, imagination, teamwork, fantasy, cheerful, exuberant, building"
The Godfather,03/24/1972 (US),-1972,English,2h 55m,"Drama, Crime","$6,000,000.00 ","$245,066,411.00 ",87,Francis Ford Coppola,"Marlon Brando, Al Pacino, James Caan","Spanning the years 1945 to 1955, a chronicle of the fictional Italian-American Corleone crime family. When organized crime family patriarch, Vito Corleone barely survives an attempt on his life, his youngest son, Michael steps in to take care of the would-be killers, launching a campaign of bloody revenge.",R,No original title,"italy, loss of loved one, love at first sight, based on novel or book, europe, symbolism, gangster, patriarch, organized crime, mafia, lawyer, religion, revenge motive, crime family, sicilian mafia, religious hypocrisy, gun violence, rise to power, dead horse, gang violence, 1940s, 1950s, mafia war, amused, compassionate"
365 Days: This Day,04/27/2022 (LB),-2022,Polish,1h 51m,"Romance, Drama",-,-,59,Tomasz Mandes,"Anna-Maria Sieklucka, Michele Morrone, Simone Susinna","Laura and Massimo are back and hotter than ever. But the reunited couple's new beginning is complicated by Massimo’s family ties and a mysterious man who enters Laura’s life to win her heart and trust, at any cost.",16,365 dni: Ten dzień,"gangster, sequel, bdsm, rich man poor woman, sex, erotique"
Maintenance Required,10/08/2025 (US),-2025,English,1h 40m,"Romance, Comedy",-,-,56,Lacey Uhlemeyer,"Madelaine Petsch, Jacob Scipio, Katy O'Brian","Charlie, the fiercely independent owner of an all-female mechanic shop, is forced to reevaluate her future when a flashy corporate competitor moves in across the street. Seeking comfort, she turns to an anonymous online confidant - unaware she's confiding in Beau, the very rival threatening her business. As sparks fly both online and off, the truth threatens to blow everything apart.",PG-13,No original title,"car mechanic, romcom"
Kill Her Goats,04/28/2023 (US),-2023,English,1h 40m,Horror,-,-,26,Steve Wolsh,"Arielle Raycene, Ellie Gonsalves, Kane Hodder","Audra's graduation gift is her dream house, but it soon becomes a living nightmare when some uninvited guests come to her homecoming party who aren't very subtle about the fact they don't approve of the home's new owner.",NR,No original title,"psychopath, murder, serial killer, goat, slasher"
Revival,11/28/2024 (IT),-2024,English,1h 37m,"Horror, Thriller, Science Fiction",-,-,50,Dario Germani,"Louis Mandylor, Michael Paré, Yonv Joseph",Two robbers on the run end up in the clutches of a doctor who experiments on people to navigate the afterlife. What seems to be an innocuous foray into a scientific and existential revolution for humanity soon takes a turn for the worse.,Not Rated,No original title,"afterlife, mad scientist, cops and robbers , experimental surgery"
Striking Rescue,11/08/2024 (CN),-2024,Chinese,1h 46m,"Action, Crime, Thriller",-,-,76,Cheng Siyi,"Tony Jaa, Eason Hung, Xing Yu",A veteran Muay Thai expert goes on a take-no-prisoners mission of revenge after his wife and daughter are brutally murdered by mysterious forces.,NR,惊天大营救,revenge
A Big Bold Beautiful Journey,09/18/2025 (LB),-2025,English,1h 49m,"Romance, Fantasy, Drama","$45,000,000.00 ","$20,171,082.00 ",63,Kogonada,"Colin Farrell, Margot Robbie, Jennifer Grant","Sarah and David are single strangers who meet at a mutual friend’s wedding and soon, through a surprising twist of fate, find themselves on a funny, fantastical, sweeping adventure together where they get to re-live important moments from their respective pasts, illuminating how they got to where they are in the present... and possibly getting a chance to alter their futures.",15A,No original title,"door, journey, memories"
Inception,07/29/2010 (LB),-2010,English,2h 28m,"Action, Science Fiction, Adventure","$160,000,000.00 ","$839,030,630.00 ",84,Christopher Nolan,"Leonardo DiCaprio, Joseph Gordon-Levitt, Ken Watanabe","Cobb, a skilled thief who commits corporate espionage by infiltrating the subconscious of his targets is offered a chance to regain his old life as payment for a task considered to be impossible: ""inception"", the implantation of another person's idea into a target's subconscious.",PG-13,No original title,"paris, france, spy, philosophy, allegory, dreams, kidnapping, manipulation, airplane, virtual reality, car crash, heist, rescue, mission, memory, architecture, los angeles, california, death, dream world, subconscious, audacious, dream"
Smurfs,07/18/2025 (US),-2025,English,1h 29m,"Animation, Family, Fantasy","$58,000,000.00 ","$104,758,972.00 ",59,Peyo,"Rihanna, James Corden, Nick Offerman","When Papa Smurf is mysteriously taken by evil wizards, Razamel and Gargamel, Smurfette leads the Smurfs on a mission into the real world to save him. With the help of new friends, the Smurfs must discover what defines their destiny to save the universe.",PG,No original title,"musical, portal, based on comic, shocking, live action and animation, estranged brother, abduction, amused, mocking"
Thunderbolts*,05/02/2025 (US),-2025,English,2h 7m,"Action, Science Fiction, Adventure","$180,000,000.00 ","$382,436,917.00 ",73,Eric Pearson,"Florence Pugh, Sebastian Stan, Julia Louis-Dreyfus","After finding themselves ensnared in a death trap, seven disillusioned castoffs must embark on a dangerous mission that will force them to confront the darkest corners of their pasts.",PG-13,No original title,"new york city, villain, superhero, based on comic, mental health, aftercreditsstinger, duringcreditsstinger, marvel cinematic universe (mcu), congressman, vexed, father daughter relationship, impeachment, survivor's guilt, antihero, ragtag, band of misfits, wry"
The Nightmare Before Christmas,11/19/1993 (US),-1993,English,1h 16m,"Fantasy, Animation, Family","$18,000,000.00 ","$75,634,409.00 ",78,Tim Burton,"Danny Elfman, Chris Sarandon, Catherine O'Hara","Tired of scaring humans every October 31 with the same old bag of tricks, Jack Skellington, the spindly king of Halloween Town, kidnaps Santa Claus and plans to deliver shrunken heads and other ghoulish gifts to children on Christmas morning. But as Christmas approaches, Jack's rag-doll girlfriend, Sally, tries to foil his misguided plans.",PG,No original title,"holiday, fire, santa claus, magic, villain, halloween, skeleton, musical, christmas tree, woods, stop motion, pumpkin, saving christmas, christmas horror, christmas"
Living Large,10/17/2024 (CZ),-2024,Czech,1h 20m,"Animation, Family, Comedy",-,"$130,570.00 ",61,Kristina Dufková,"Hugo Kovács, Tatiana Dyková, David Novotný","A 12-year-old boy faces bullying due to his weight and decides to take charge of his life by adopting a healthier lifestyle and trying to win the heart of the girl he admires. Through his journey, he learns the importance of positivity and standing against body shaming, discovering that true confidence comes from embracing who you are.",U,Život k sežrání,"based on novel or book, bullying, obesity, stop motion, childhood obesity"
Parking,10/17/2025 (CO),-2025,"Spanish,  Castilian",1h 30m,"Comedy, Drama",-,-,80,Agustín Rolandelli,"Horacio Camandulle, Marc Clotet, China Suárez","Mateo, a criminal under house arrest, works at a parking garage in downtown Buenos Aires and plans to escape. His routine is disrupted when Lara pays for an overnight stay and minutes later an armed man breaks into the place. Both witness a murder that triggers a deadly chase through ramps and levels of the building, forcing them to fight against time and criminals to escape alive from the labyrinth.",Not Rated,No original title,No keywords
Karate Kid: Legends,05/30/2025 (US),-2025,English,1h 34m,"Action, Adventure, Drama","$45,000,000.00 ","$105,456,077.00 ",71,Christopher Murphey,"Jackie Chan, Ben Wang, Joshua Jackson","After a family tragedy, kung fu prodigy Li Fong is uprooted from his home in Beijing and forced to move to New York City with his mother. When a new friend needs his help, Li enters a karate competition – but his skills alone aren't enough. Li's kung fu teacher Mr. Han enlists original Karate Kid Daniel LaRusso for help, and Li learns a new way to fight, merging their two styles into one for the ultimate martial arts showdown.",PG-13,No original title,"new york city, martial arts, kung fu, mentor, ex-boyfriend, karate, beijing, china, martial arts tournament, martial arts training, living abroad, overprotective mother, sympathetic"
Aztec Batman: Clash of Empires,09/18/2025 (MX),-2025,"Spanish,  Castilian",1h 29m,"Animation, Action, Adventure, Fantasy",-,-,78,Juan Jose Meza-Leon,"Horacio García Rojas, Álvaro Morte, Omar Chaparro","In the time of the Aztec empire, tragedy strikes Yohualli Coatl when his father is murdered by Spanish conquistadors. To warn King Moctezuma and his high priest, Yoka, of imminent danger, Yohualli escapes to Tenochtitlán. There, he trains in the temple of the bat god Tzinacan with his mentor, developing equipment and weaponry to confront the Spanish invasion and avenge his father’s death. Along the way, he encounters key figures like the fierce Jaguar Woman and the conquistador Hernán Cortés.",B,Batman Azteca: Choque de imperios,"based on comic, death of father, colonisation, mexica (aztec), 16th century, vengeance, mesoamerica"
28 Years Later,06/19/2025 (GB),-2025,English,1h 55m,"Horror, Thriller, Science Fiction","$60,000,000.00 ","$151,289,671.00 ",67,Danny Boyle,"Jodie Comer, Alfie Williams, Aaron Taylor-Johnson","Twenty-eight years since the rage virus escaped a biological weapons laboratory, now, still in a ruthlessly enforced quarantine, some have found ways to exist amidst the infected. One such group lives on a small island connected to the mainland by a single, heavily-defended causeway. When one member departs on a mission into the dark heart of the mainland, he discovers secrets, wonders, and horrors that have mutated not only the infected but other survivors as well.",15,No original title,"england, post-apocalyptic future, sequel, survival, zombie, survival horror, zombie apocalypse, dramatic, violence, ridiculous"
Winter Boy,11/30/2022 (FR),-2022,French,2h 3m,Drama,"$4,600,000.00 ",-,67,Christophe Honoré,"Paul Kircher, Vincent Lacoste, Juliette Binoche","Lucas is a 17-year-old gay teenager coping with the sudden and unexpected death of his father in an accident that may or may not have been suicide. He views his life as a wild animal in need of taming. Between a brother settled in Paris and a mother with whom he now lives alone, Lucas will have to fight to rediscover hope and love.",TP,Le lycéen,"coming of age, lgbt, lgbt teen, death of parent, boyhood, gay youth, sexual discovery, gay theme"
Red Sonja,08/13/2025 (US),-2025,English,1h 50m,"Adventure, Action, Fantasy",-,"$265,091.00 ",57,Robert E. Howard,"Matilda Lutz, Robert Sheehan, Wallis Day",A young girl rises from the ashes of tragedy to become the most feared warrior woman of all time: the She-Devil with a Sword.,R,No original title,"monster, swordplay, queen, talisman, based on comic, villainess, high fantasy, female warrior, sword and sorcery, epic fantasy"
The Lord of the Rings: The Fellowship of the Ring,12/19/2001 (US),-2001,English,2h 59m,"Adventure, Fantasy, Action","$93,000,000.00 ","$871,368,364.00 ",84,Peter Jackson,"Elijah Wood, Ian McKellen, Viggo Mortensen","Young hobbit Frodo Baggins, after inheriting a mysterious ring from his uncle Bilbo, must leave his home in order to keep it from falling into the hands of its evil creator. Along the way, a fellowship is formed to protect the ringbearer and make sure that the ring arrives at its final destination: Mt. Doom, the only place where it can be destroyed.",PG-13,No original title,"elves, dwarf, based on novel or book, mountain, obsession, mine, maze, magic, fireworks, castle, bravery, birthday party, troll, battle, demon, blizzard, uncle nephew relationship, fantasy world, journey, ring, invisibility, live action and animation, hero's journey, wraith, sword and sorcery, trekking, good versus evil, dramatic"
I Swear,03/26/2025 (FR),-2025,French,1h 50m,Drama,-,-,58,Samuel Theis,"Julien Ernwein, Marie Pires-Masala, Marina Foïs","Thirtysomething Marco goes through life without a compass. Employed at a Forbach recycling center, he finds comfort in alcohol. And a little with Madeleine, a mature woman with whom he secretly has a relationship. One day, he is drawn by lot to be a juror of Assisi. Incapable of discernment for himself, Marco will have to decide the life of a young arsonist accused of manslaughter.",12,Je le jure,No keywords
After,04/12/2019 (US),-2019,English,1h 46m,"Romance, Drama","$14,000,000.00 ","$69,497,587.00 ",71,Jenny Gage,"Josephine Langford, Hero Fiennes Tiffin, Shane Paul McGhie","Tessa Young is a dedicated student, dutiful daughter and loyal girlfriend to her high school sweetheart. Entering her first semester of college, Tessa's guarded world opens up when she meets Hardin Scott, a mysterious and brooding rebel who makes her question all she thought she knew about herself -- and what she wants out of life.",PG-13,No original title,"based on novel or book, love, teenage crush, teenage romance, bad boy, depressing, cliché"
Sinners,04/17/2025 (LB),-2025,English,2h 18m,"Horror, Action, Thriller","$90,000,000.00 ","$365,878,513.00 ",75,Ryan Coogler,"Michael B. Jordan, Hailee Steinfeld, Miles Caton","Trying to leave their troubled lives behind, twin brothers return to their hometown to start again, only to discover that an even greater evil is waiting to welcome them back.",R,No original title,"chicago, illinois, ku klux klan, capitalism, vampire, musician, immortality, sin, alcoholism, vampire hunter (slayer), surrealism, church, twins, blunt, estranged wife, dual role, cousin relationship, death of daughter, blues music, aftercreditsstinger, klansmen, 1990s, 1930s, salvation, assimilation, chinese immigrant, brother brother relationship, southern gothic, afro-descendants, cousins, supernatural horror, playful, train station, mississippi, frightened"
Together,10/09/2025 (LB),-2025,English,1h 41m,"Horror, Romance","$17,000,000.00 ","$32,273,161.00 ",72,Michael Shanks,"Dave Franco, Alison Brie, Damon Herriman","With a move to the countryside already testing the limits of a couple's relationship, a supernatural encounter begins an extreme transformation of their love, their lives, and their flesh.",R,No original title,"countryside, cave, musician, cult, woods, romance, teacher, church, couple, psychotic, disturbed, supernatural horror, body horror, psychological horror, baffled, compassionate, doubtful, gloomy"
I Know What You Did Last Summer,07/18/2025 (US),-2025,English,1h 51m,"Horror, Mystery, Thriller","$18,000,000.00 ","$64,763,086.00 ",58,Jennifer Kaytin Robinson,"Chase Sui Wonders, Madelyn Cline, Sarah Pidgeon","When five friends inadvertently cause a deadly car accident, they cover up their involvement and make a pact to keep it a secret rather than face the consequences. A year later, their past comes back to haunt them and they're forced to confront a horrifying truth: someone knows what they did last summer…and is hell-bent on revenge.",R,No original title,"harpoon, fisherman, sequel, revenge, murder, serial killer, slasher, car accident, killer, group of friends, fourth of july, engagement party, duringcreditsstinger, seaside town, hopeless, insecure, horror, holiday horror, cliché, conceited, teen scream"
Despicable Me 4,07/03/2024 (US),-2024,English,1h 34m,"Family, Comedy, Animation, Science Fiction","$100,000,000.00 ","$969,597,394.00 ",70,Chris Renaud,"Steve Carell, Kristen Wiig, Will Ferrell","Gru and Lucy and their girls—Margo, Edith and Agnes—welcome a new member to the Gru family, Gru Jr., who is intent on tormenting his dad. Gru also faces a new nemesis in Maxime Le Mal and his femme fatale girlfriend Valentina, forcing the family to go on the run.",PG,No original title,"villain, sequel, superhero, super villain, aftercreditsstinger, duringcreditsstinger, kids, calm, illumination"
Dracula: A Love Tale,10/23/2025 (LB),-2025,French,2h 9m,"Horror, Fantasy, Romance","$40,000,000.00 ","$8,227,016.00 ",72,Luc Besson,"Caleb Landry Jones, Christoph Waltz, Zoë Bleu Sidel","The story of 15th century Prince Vladimir who curses God following the death of his beloved wife and is turned into a vampire. Later, in 19th century London, he discovers his wife’s doppelgänger and dooms himself by pursuing her.",16,Dracula,"vampire, gothic horror, music box, dracula, paris"
The Incredibles,12/16/2004 (LB),-2004,English,1h 55m,"Action, Adventure, Animation, Family","$92,000,000.00 ","$631,442,092.00 ",77,Brad Bird,"Craig T. Nelson, Holly Hunter, Sarah Vowell","Bob Parr has given up his superhero days to log in time as an insurance adjuster and raise his three children with his formerly heroic wife in suburbia. But when he receives a mysterious assignment, it's time to get back into costume.",PG,No original title,"secret identity, hero, villain, superhero, family relationships, super power, supervillain, 1950s, 1960s, superhero family, excited"
Bring Her Back,05/29/2025 (AU),-2025,English,1h 44m,"Horror, Drama","$15,000,000.00 ","$39,123,752.00 ",74,Danny Philippou,"Billy Barratt, Sally Hawkins, Mischa Heywood","Following the death of their father, a brother and sister are sent to live with a foster mother, only to learn that she is hiding a terrifying secret.",MA 15+,No original title,"sibling relationship, ritual, supernatural, grief, death of father, death, death of daughter, shocking, foster mom, blind child, supernatural horror, gaslighting, body horror, horror, tragic"
Predator: Badlands,11/06/2025 (LB),-2025,English,1h 46m,"Action, Science Fiction",-,-,0,Dan Trachtenberg,"Elle Fanning, Dimitrius Schuster-Koloamatangi, Michael Homick","Cast out from his clan, a young Predator finds an unlikely ally in a damaged android and embarks on a treacherous journey in search of the ultimate adversary.",PG-13,No original title,"alien planet, outcast, survival, team up"
The Lord of the Rings: The Return of the King,12/26/2003 (LB),-2003,English,3h 21m,"Adventure, Fantasy, Action","$94,000,000.00 ","$1,118,888,979.00 ",85,Peter Jackson,"Elijah Wood, Ian McKellen, Viggo Mortensen","As armies mass for a final battle that will decide the fate of the world--and powerful, ancient forces of Light and Dark compete to determine the outcome--one member of the Fellowship of the Ring is revealed as the noble heir to the throne of the Kings of Men. Yet, the sole hope for triumph over evil lies with a brave hobbit, Frodo, who, accompanied by his loyal friend Sam and the hideous, wretched Gollum, ventures deep into the very dark heart of Mordor on his seemingly impossible quest to destroy the Ring of Power.",PG-13,No original title,"elves, dwarf, based on novel or book, obsession, magic, castle, volcano, giant spider, bravery, kingdom, army, sequel, honor, king, brutality, madness, split personality, fantasy world, wizard, epic battle, journey, ring, quest, live action and animation, hero's journey, high fantasy, wraith, sword and sorcery, power madness, great war, trekking, good versus evil, sword making, war, winged creatures, armies, spirits"
Titanic,12/19/1997 (US),-1997,English,3h 14m,"Drama, Romance","$200,000,000.00 ","$2,264,162,353.00 ",79,James Cameron,"Leonardo DiCaprio, Kate Winslet, Billy Zane","101-year-old Rose DeWitt Bukater tells the story of her life aboard the Titanic, 84 years later. A young Rose boards the ship with her mother and fiancé. Meanwhile, Jack Dawson and Fabrizio De Rossi win third-class tickets aboard the ship. Rose tells the whole story from Titanic's departure through to its death—on its first and last voyage—on April 15, 1912.",PG-13,No original title,"drowning, soulmates, atlantic ocean, evacuation, shipwreck, iceberg, forbidden love, ship, panic, titanic, ocean liner, epic, rich woman poor man, based on true story, love, romance, tragedy, disaster, tragic love, historical fiction, class differences, love affair, historical event, lifeboat, star crossed lovers, sinking ship, steerage, rich snob, tragic romance, disaster movie, 1910s, sunken ship, soulmate"
The Conjuring,09/12/2013 (LB),-2013,English,1h 52m,"Horror, Thriller","$13,000,000.00 ","$320,422,209.00 ",75,James Wan,"Vera Farmiga, Patrick Wilson, Ron Livingston","Paranormal investigators Ed and Lorraine Warren work to help a family terrorized by a dark presence in their farmhouse. Forced to confront a powerful entity, the Warrens find themselves caught in the most terrifying case of their lives.",16,No original title,"sibling relationship, 1970s, cellar, exorcism, haunted house, rhode island, based on true story, possession, paranormal investigation, crucifix, ghost, disturbed, demonic, demonic spirit, demonology, psychic vision, malevolent spirit, the conjuring universe, amused"
Freakier Friday,08/08/2025 (US),-2025,English,1h 51m,"Comedy, Fantasy, Family","$42,000,000.00 ","$152,889,065.00 ",70,Jordan Weiss,"Lindsay Lohan, Jamie Lee Curtis, Julia Butters","Years after Tess and Anna endured an identity crisis, Anna now has a daughter of her own and a soon-to-be stepdaughter. As they navigate the myriad challenges that come when two families merge, Tess and Anna discover lightning might indeed strike twice.",PG,No original title,"based on novel or book, body exchange, sequel, body-swap, mother daughter relationship, amused"
The Wild Robot,09/27/2024 (US),-2024,English,1h 42m,"Animation, Science Fiction, Family, Drama","$78,000,000.00 ","$331,982,078.00 ",83,Chris Sanders,"Lupita Nyong'o, Pedro Pascal, Kit Connor","After a shipwreck, an intelligent robot called Roz is stranded on an uninhabited island. To survive the harsh environment, Roz bonds with the island's animals and cares for an orphaned baby goose.",PG,No original title,"villain, robot, based on children's book, female villain, aftercreditsstinger, duringcreditsstinger, kids, adopted son, traditional parenting"
Don't Let's Go to the Dogs Tonight,07/25/2025 (ZA),-2025,English,1h 38m,Drama,-,"$636,652.00 ",77,Embeth Davidtz,"Lexi Venter, Embeth Davidtz, Zikhona Bali","Growing up in the midst of the Zimbabwean War for independence, 8-year-old Bobo internalizes both sides of the struggle. Conflicted by her love for people on opposing sides, she tries to make sense of her life in a magical way.",13,No original title,No keywords
The Perfect Neighbor,10/10/2025 (US),-2025,English,1h 38m,"Documentary, Thriller, Crime",-,-,66,Geeta Gandbhir,"Susan Lorincz, Ajike Owens","Police bodycam footage reveals how a long-running neighborhood dispute turned fatal in this documentary about fear, prejudice and Stand Your Ground laws.",R,No original title,"florida, based on true story, neighborhood watch, neighborhood, woman director, reality tv, based on real events, true story"
Pirates of the Caribbean: The Curse of the Black Pearl,07/09/2003 (US),-2003,English,2h 23m,"Adventure, Fantasy, Action","$140,000,000.00 ","$655,011,224.00 ",78,Gore Verbinski,"Johnny Depp, Geoffrey Rush, Orlando Bloom","After Port Royal is attacked and pillaged by a mysterious pirate crew, capturing the governor's daughter Elizabeth Swann in the process, William Turner asks free-willing pirate Jack Sparrow to help him locate the crew's ship—The Black Pearl—so that he can rescue the woman he loves.",PG-13,No original title,"exotic island, blacksmith, gold, jamaica, skeleton, british empire, governor, pirate, swashbuckler, 18th century, caribbean sea, aftercreditsstinger, pirate ship, british navy, tortuga, based on theme park ride, hilarious, enthusiastic, euphoric"
Sonic the Hedgehog 3,12/20/2024 (US),-2024,English,1h 50m,"Action, Science Fiction, Comedy, Family","$122,000,000.00 ","$492,162,604.00 ",77,Patrick Casey,"Jim Carrey, Ben Schwartz, Keanu Reeves","Sonic, Knuckles, and Tails reunite against a powerful new adversary, Shadow, a mysterious villain with powers unlike anything they have faced before. With their abilities outmatched in every way, Team Sonic must seek out an unlikely alliance in hopes of stopping Shadow and protecting the planet.",PG,No original title,"moon, sequel, based on video game, psychotic, dual role, aftercreditsstinger, duringcreditsstinger, hedgehog, live action and animation, grandfather grandson relationship, animal human friendship, anthropomorphic animal, loss and grief"
Heads of State,07/02/2025 (GB),-2025,English,1h 57m,"Action, Thriller, Comedy",$100.00 ,-,69,Harrison Query,"John Cena, Idris Elba, Priyanka Chopra Jonas","The UK Prime Minister and US President have a public rivalry that risks their countries' alliance. But when they become targets of a powerful enemy, they're forced to rely on each other as they go on a wild, multinational run. Allied with Noel, a brilliant MI6 agent, they must find a way to thwart a conspiracy that threatens the free world.",12,No original title,"usa president, head of state, mi6, british prime minister, duringcreditsstinger, hilarious, amused"
Harry Potter and the Goblet of Fire,12/22/2005 (LB),-2005,English,2h 37m,"Adventure, Fantasy","$150,000,000.00 ","$895,921,036.00 ",78,Mike Newell,"Daniel Radcliffe, Rupert Grint, Emma Watson","When Harry Potter's name emerges from the Goblet of Fire, he becomes a competitor in a grueling battle for glory among three wizarding schools—the Triwizard Tournament. But since Harry never submitted his name for the Tournament, who did? Now Harry must confront a deadly dragon, fierce water demons and an enchanted maze only to find himself in the cruel grasp of He Who Must Not Be Named.",12A,No original title,"witch, based on novel or book, world cup, maze, magic, dying and death, school of witchcraft, chosen one, black magic, mermaid, boarding school, sequel, vision, school, tournament, dragon, ghost, wizard, teenage hero, christmas, based on young adult novel, teen fantasy"
LEGO Frozen: Operation Puffins,10/24/2025 (US),-2025,English,18m,"Animation, Family, Fantasy",-,-,80,Alexandru Nagy,"Abby Trott, Danielle Bisutti, Alan Tudyk","After the events of Frozen, Anna and Elsa want to start fresh in Arendelle, and make the castle feel a bit more comfortable. While they struggle to break free of the bounds of tradition, the Duke of Weselton has other plans for their beloved home alongside a flock of menacing puffins.",G,No original title,based on toy
Harry Potter and the Chamber of Secrets,11/15/2002 (GB),-2002,English,2h 41m,"Adventure, Fantasy","$100,000,000.00 ","$876,688,482.00 ",77,Chris Columbus,"Daniel Radcliffe, Rupert Grint, Emma Watson","Cars fly, trees fight back, and a mysterious house-elf comes to warn Harry Potter at the start of his second year at Hogwarts. Adventure and danger await when bloody writing on a wall announces: The Chamber Of Secrets Has Been Opened. To save Hogwarts will require all of Harry, Ron and Hermione’s magical abilities and courage.",PG,No original title,"flying car, elves, witch, sword, magic, diary, child hero, school of witchcraft, giant spider, giant snake, black magic, ghost, child driving car, wizard, aftercreditsstinger, christmas, based on young adult novel, teen fantasy"
Fast X,05/19/2023 (US),-2023,English,2h 22m,"Action, Crime, Thriller, Adventure, Mystery","$340,000,000.00 ","$704,709,660.00 ",70,Justin Lin,"Vin Diesel, Michelle Rodriguez, Tyrese Gibson","Over many missions and against impossible odds, Dom Toretto and his family have outsmarted, out-nerved and outdriven every foe in their path. Now, they confront the most lethal opponent they've ever faced: A terrifying threat emerging from the shadows of the past who's fueled by blood revenge, and who is determined to shatter this family and destroy everything—and everyone—that Dom loves, forever.",PG-13,No original title,"sequel, revenge, racing, betrayal, family, cliffhanger, cars, ominous"
Thamma,10/21/2025 (IN),-2025,Hindi,2h 29m,"Comedy, Horror",-,-,69,Aditya Sarpotdar,"Ayushmann Khurrana, Rashmika Mandanna, Nawazuddin Siddiqui","Two destined lovers battle supernatural forces, family ties, and nature itself to defend their forbidden romance in a mystical world where ancient powers and prophecies threaten to keep them apart.",U/A 16+,थामा,maddock horror comedy universe (mhcu)
"The Chronicles of Narnia: The Lion, the Witch and the Wardrobe",12/29/2005 (LB),-2005,English,2h 23m,"Adventure, Family, Fantasy","$180,000,000.00 ","$745,013,115.00 ",71,Andrew Adamson,"William Moseley, Anna Popplewell, Skandar Keynes","Siblings Lucy, Edmund, Susan and Peter step through a magical wardrobe and find the land of Narnia. There, they discover a charming, once peaceful kingdom that has been plunged into eternal winter by the evil White Witch, Jadis. Aided by the wise and magnificent lion, Aslan, the children lead Narnia into a spectacular, climactic battle to be free of the Witch's glacial powers forever.",PG,No original title,"saving the world, sibling relationship, witch, based on novel or book, self sacrifice, winter, cupboard, beaver, lion, fairy tale, epic, surrealism, battle, based on children's book, fantasy world, duringcreditsstinger, 1940s, high fantasy, isekai, based on young adult novel, faun, good versus evil, admiring, embarrassed"
Flow,08/29/2024 (LV),-2024,Latvian,1h 25m,"Animation, Adventure, Fantasy, Family","$3,700,000.00 ","$17,660,107.00 ",81,Gints Zilbalodis,No stars found,"A solitary cat, displaced by a great flood, finds refuge on a boat with various species and must navigate the challenges of adapting to a transformed world together.",U,Straume,"ocean, cat, boat, dystopia, dog, ruins, flood, lemur, kids, bird, 3d animation, no dialogue, teamwork, fantasy, capybara, adventure, amused, barco, gato, labrador"
East of Wall,08/15/2025 (US),-2025,English,1h 37m,"Drama, Western",-,"$636,254.00 ",70,Kate Beecroft,"Tabatha Zimiga, Porshia Zimiga, Scoot McNairy","After the death of her husband, Tabatha—a young, tattooed, rebellious horse trainer—wrestles with financial insecurity and unresolved grief while providing refuge for a group of wayward teenagers on her broken-down ranch in the Badlands.",Not Rated,No original title,No keywords
Wicked,11/22/2024 (US),-2024,English,2h 42m,"Drama, Romance, Fantasy","$150,000,000.00 ","$756,443,397.00 ",69,Jon M. Chu,"Cynthia Erivo, Ariana Grande, Michelle Yeoh","In the land of Oz, ostracized and misunderstood green-skinned Elphaba is forced to share a room with the popular aristocrat Glinda at Shiz University, and the two's unlikely friendship is tested as they begin to fulfill their respective destinies as Glinda the Good and the Wicked Witch of the West.",PG,No original title,"dancing, witch, based on novel or book, college, musical, wish, female friendship, celebrity, bullying, prequel, based on play or musical, singer, singing, corrupt politician, death in childbirth, fantasy world, wizard, gravity, discrimination, ostracism, woman in wheelchair, musical comedy, sister sister relationship, belonging, cautionary, fantasy, stereoscopic film, romantic fantasy"
Zootopia,03/03/2016 (LB),-2016,English,1h 49m,"Animation, Adventure, Family, Comedy","$150,000,000.00 ","$1,025,521,689.00 ",78,Byron Howard,"Ginnifer Goodwin, Jason Bateman, Idris Elba","Determined to prove herself, Officer Judy Hopps, the first bunny on Zootopia's police force, jumps at the chance to crack her first case - even if it means partnering with scam-artist fox Nick Wilde to solve the mystery.",PG,No original title,"allegory, lion, hippopotamus, sheep, villain, cartoon, polar bear, bullying, revenge, conspiracy, con artist, urban, female protagonist, anthropomorphism, rookie cop, missing person, fable, racial prejudice, injustice, reconciliation, female villain, buddy cop, stereotype, cartoon rabbit, villain arrested, discrimination, cartoon bear, cartoon animal, cartoon fox, cartoon elephant, admiring, cheerful, farcical"
As Good as Dead,12/16/2022 (US),-2022,English,1h 28m,"Action, Crime",-,-,62,R. Ellis Frazier,"Tom Berenger, Michael Jai White, Louis Mandylor",An ex-cop in self-imposed witness protection in Mexico becomes a target when a fight video of his apprentice goes viral.,MA 15+,No original title,"affectation, curious, aggressive, domineering, admiring, adoring, ambiguous, ambivalent, antagonistic, audacious, authoritarian, brisk, commanding"
Frozen,11/27/2013 (US),-2013,English,1h 42m,"Animation, Family, Adventure, Fantasy","$150,000,000.00 ","$1,274,219,009.00 ",72,Jennifer Lee,"Idina Menzel, Kristen Bell, Jonathan Groff","Young princess Anna of Arendelle dreams about finding true love at her sister Elsa’s coronation. Fate takes her on a dangerous journey in an attempt to end the eternal winter that has fallen over the kingdom. She's accompanied by ice delivery man Kristoff, his reindeer Sven, and snowman Olaf. On an adventure where she will find out what friendship, courage, family, and true love really means.",PG,No original title,"queen, mistake in person, magic, villain, melancholy, musical, cartoon, princess, betrayal, snowman, reindeer, curse, snow, troll, based on children's book, mountain climbing, evil prince, based on fairy tale, aftercreditsstinger, frozen, woman director, sister sister relationship, magic land, whimsical, hopeful"
Venom: The Last Dance,10/24/2024 (LB),-2024,English,1h 49m,"Action, Science Fiction, Adventure","$120,000,000.00 ","$478,937,618.00 ",67,Kelly Marcel,"Tom Hardy, Chiwetel Ejiofor, Juno Temple","Eddie and Venom are on the run. Hunted by both of their worlds and with the net closing in, the duo are forced into a devastating decision that will bring the curtains down on Venom and Eddie's last dance.",PG-13,No original title,"hero, anti hero, villain, alien life-form, sequel, superhero, based on comic, aftercreditsstinger, woman director, sony's spider-man universe"
Avatar,12/17/2009 (LB),-2009,English,2h 42m,"Action, Adventure, Fantasy, Science Fiction","$237,000,000.00 ","$2,923,706,026.00 ",76,James Cameron,"Sam Worthington, Zoe Saldaña, Sigourney Weaver","In the 22nd century, a paraplegic Marine is dispatched to the moon Pandora on a unique mission, but becomes torn between following orders and protecting an alien civilization.",PG-13,No original title,"paraplegic, culture clash, attachment to nature, indigenous, space colony, space travel, tribe, alien planet, distant future, marine, battle, love affair, scientist, nature, native peoples, power relations, tribal customs, tribal people, tribal chief, cryonics, spiritual community, 22nd century, save the planet, racial discrimination, soldiers, stereoscopic film"
Fifty Shades of Grey,02/13/2015 (US),-2015,English,2h 5m,"Drama, Romance, Thriller","$40,000,000.00 ","$569,651,467.00 ",59,Sam Taylor-Johnson,"Dakota Johnson, Jamie Dornan, Jennifer Ehle","When college senior Anastasia Steele steps in for her sick roommate to interview prominent businessman Christian Grey for their campus paper, little does she realize the path her life will take. Christian, as enigmatic as he is rich and powerful, finds himself strangely drawn to Ana, and she to him. Though sexually inexperienced, Ana plunges headlong into an affair -- and learns that Christian's true sexual proclivities push the boundaries of pain and pleasure.",R,No original title,"based on novel or book, eroticism, bad smell, perversion, spanking, billionaire, rich, bdsm, woman director, baffled"
Laura's Toys,01/01/1975 (US),-1975,English,1h 43m,Drama,-,-,48,Joseph W. Sarno,"Mary Mendum, Eric Edwards, Cathja Graff","Archaeologist Walter and his wife Laura are working at a dig on a small island off the coast of Sweden. One day Laura catches Walter having a go at it with his sexy assistant, Anna. Laura calls in her old friend--and former lesbian lover--Hanni to help get her revenge on Walter by having she and Hanni seduce Anna.",NC-17,No original title,"adultery, seduction, sexploitation, sexual tension, attraction, lesbian sex, voyeur, erotic movie, erotic fantasy"
The Day the Earth Blew Up: A Looney Tunes Movie,03/14/2025 (US),-2024,English,1h 30m,"Family, Comedy, Adventure, Animation, Science Fiction","$15,000,000.00 ","$15,076,954.00 ",77,Peter Browngardt,"Eric Bauza, Candi Milo, Peter MacNicol","Porky and Daffy, the classic animated odd couple, turn into unlikely heroes when their antics at the local bubble gum factory uncover a secret alien mind control plot. Against all odds, the two are determined to save their town (and the world!)...that is if they don't drive each other crazy in the process.",PG,No original title,"chewing gum, zombie, alien invasion, buddy comedy, duringcreditsstinger, chaotic, playful, based on tv series, hilarious, slapstick"
Spider-Man: No Way Home,09/01/2022 (LB),-2021,English,2h 28m,"Action, Adventure, Science Fiction","$200,000,000.00 ","$1,921,847,111.00 ",79,Steve Ditko,"Tom Holland, Zendaya, Benedict Cumberbatch","Peter Parker is unmasked and no longer able to separate his normal life from the high-stakes of being a super-hero. When he asks for help from Doctor Strange the stakes become even more dangerous, forcing him to discover what it truly means to be Spider-Man.",PG-13,No original title,"new york city, loss of loved one, showdown, secret identity, hero, magic, villain, vigilante, portal, sequel, superhero, superhero team, masked vigilante, spider web, alternative reality, aftercreditsstinger, duringcreditsstinger, marvel cinematic universe (mcu), fight for justice, teen superhero, superhero teamup, returning hero, crossover, teamwork, ambiguous"
Demon Slayer -Kimetsu no Yaiba- The Movie: Mugen Train,10/16/2020 (JP),-2020,Japanese,1h 57m,"Animation, Action, Fantasy, Thriller","$15,700,000.00 ","$523,542,183.00 ",82,Haruo Sotozaki,"Natsuki Hanae, Akari Kito, Hiro Shimono","Tanjiro Kamado, joined with Inosuke Hashibira, a boy raised by boars who wears a boar's head, and Zenitsu Agatsuma, a scared boy who reveals his true power when he sleeps, boards the Infinity Train on a new mission with the Fire Hashira, Kyojuro Rengoku, to defeat a demon who has been tormenting the people and killing the demon slayers who oppose it!",PG12,劇場版「鬼滅の刃」無限列車編,"fight, magic, psychology, supernatural, sequel, gore, survival, tragedy, coming of age, based on manga, demon, historical, family, mutilation, dark fantasy, shounen, anime, taisho period"
Kung Fu Panda 4,03/08/2024 (US),-2024,English,1h 34m,"Animation, Family, Action, Comedy, Adventure, Fantasy","$80,000,000.00 ","$548,040,835.00 ",70,Mike Mitchell,"Jack Black, Awkwafina, Viola Davis","Po is gearing up to become the spiritual leader of his Valley of Peace, but also needs someone to take his place as Dragon Warrior. As such, he will train a new kung fu practitioner for the spot and will encounter a villain called the Chameleon who conjures villains from the past.",PG,No original title,"china, martial arts, kung fu, villain, panda, sequel, anthropomorphism, chameleon, female villain"
Eenie Meanie,08/22/2025 (US),-2025,English,1h 46m,"Thriller, Action, Comedy","$50,000,000.00 ",-,63,Shawn Simmons,"Samara Weaving, Karl Glusman, Andy García",A former teenage getaway driver gets dragged back into her unsavory past when a former employer offers her a chance to save the life of her chronically unreliable ex-boyfriend.,R,No original title,disgusted
TRON: Legacy,12/17/2010 (US),-2010,English,2h 6m,"Adventure, Action, Science Fiction","$170,000,000.00 ","$409,912,892.00 ",65,Edward Kitsis,"Garrett Hedlund, Olivia Wilde, Jeff Bridges","Sam Flynn, the tech-savvy and daring son of Kevin Flynn, investigates his father's disappearance and is pulled into The Grid. With the help of a mysterious program named Quorra, Sam quests to stop evil dictator Clu from crossing into the real world.",PG,No original title,"artificial intelligence (a.i.), secret identity, simulation, super computer, utopia, computer program, dystopia, computer simulation, sequel, deception, computer game, 80s style, autocracy, light cycle, admiring, awestruck"
Back to the Future,07/03/1985 (US),-1985,English,1h 56m,"Adventure, Comedy, Science Fiction","$19,000,000.00 ","$381,109,762.00 ",83,Robert Zemeckis,"Michael J. Fox, Christopher Lloyd, Crispin Glover","Eighties teenager Marty McFly is accidentally sent back in time to 1955, inadvertently disrupting his parents' first meeting and attracting his mother's romantic interest. Marty must repair the damage to history by rekindling his parents' romance and - with the help of his eccentric inventor friend Doc Brown - return to 1985.",PG,No original title,"clock tower, flying car, car race, lightning, guitar, inventor, journey in the past, invention, time travel, race against time, bullying, love, mad scientist, fish out of water, terrorism, teenage love, destiny, hidden identity, teenage life, changing the past or future, 1950s, factual, suspenseful, admiring, amused"
Spirited Away,07/20/2001 (JP),-2001,Japanese,2h 5m,"Animation, Family, Fantasy","$19,000,000.00 ","$274,925,095.00 ",85,Hayao Miyazaki,"Rumi Hiiragi, Miyu Irino, Mari Natsuki","A young girl, Chihiro, becomes trapped in a strange new world of spirits. When her parents undergo a mysterious transformation, she must call upon the courage she never knew she had to free her family.",G,千と千尋の神隠し,"witch, parent child relationship, magic, darkness, bath house, spirit, parallel world, amusement park, youkai, japanese mythology, anime"
Pirates of the Caribbean: Dead Man's Chest,07/07/2006 (US),-2006,English,2h 31m,"Adventure, Fantasy, Action","$200,000,000.00 ","$1,066,179,747.00 ",74,Terry Rossio,"Johnny Depp, Orlando Bloom, Keira Knightley","Captain Jack Sparrow races to recover the heart of Davy Jones to avoid enslaving his soul to Jones' service, as other friends and foes seek the heart for their own agenda as well.",PG-13,No original title,"witch, fortune teller, bondage, exotic island, monster, captain, compass, ship, daughter, sword fight, pirate, cannibal, swashbuckler, kraken, aftercreditsstinger, based on theme park ride"
Spider-Man: Homecoming,07/07/2017 (US),-2017,English,2h 13m,"Action, Adventure, Science Fiction","$175,000,000.00 ","$880,166,924.00 ",73,Jon Watts,"Tom Holland, Michael Keaton, Robert Downey Jr.","Following the events of Captain America: Civil War, Peter Parker, with the help of his mentor Tony Stark, tries to balance his life as an ordinary high school student in Queens, New York City, with fighting crime as his superhero alter ego Spider-Man as a new threat, the Vulture, emerges.",PG-13,No original title,"new york city, washington dc, usa, high school, superhero, based on comic, reboot, aftercreditsstinger, duringcreditsstinger, marvel cinematic universe (mcu), enthusiastic"
Caught Stealing,08/29/2025 (US),-2025,English,1h 47m,"Crime, Thriller, Comedy","$40,000,000.00 ","$31,101,846.00 ",70,Charlie Huston,"Austin Butler, Regina King, Zoë Kravitz","Burned-out ex-baseball player Hank Thompson unexpectedly finds himself embroiled in a dangerous struggle for survival amidst the criminal underbelly of late 1990s New York City, forced to navigate a treacherous underworld he never imagined.",R,No original title,"new york city, based on novel or book, baseball, criminal underworld, duringcreditsstinger, detached, 1990s, dramatic, suspenseful, urgent, black comedy"
The Accountant²,04/25/2025 (US),-2025,English,2h 13m,"Mystery, Crime, Thriller","$80,000,000.00 ","$102,123,366.00 ",71,Bill Dubuque,"Ben Affleck, Jon Bernthal, Cynthia Addai-Robinson","When an old acquaintance is murdered, Wolff is compelled to solve the case. Realizing more extreme measures are necessary, Wolff recruits his estranged and highly lethal brother, Brax, to help. In partnership with Marybeth Medina, they uncover a deadly conspiracy, becoming targets of a ruthless network of killers who will stop at nothing to keep their secrets buried.",R,No original title,"autism, hitman, sequel, conspiracy, whodunit, insecure, mysterious death, brother brother relationship, grand, excited, hum"
Harry Potter and the Prisoner of Azkaban,05/31/2004 (GB),-2004,English,2h 21m,"Adventure, Fantasy","$130,000,000.00 ","$789,804,554.00 ",80,Alfonso Cuarón,"Daniel Radcliffe, Rupert Grint, Emma Watson","Year three at Hogwarts means new fun and challenges as Harry learns the delicate art of approaching a Hippogriff, transforming shape-shifting Boggarts into hilarity and even turning back time. But the term also brings danger: soul-sucking Dementors hover over the school, an ally of the accursed He-Who-Cannot-Be-Named lurks within the castle walls, and fearsome wizard Sirius Black escapes Azkaban. And Harry will confront them all.",PG,No original title,"flying, witch, bus, traitor, magic, school friend, child hero, school of witchcraft, black magic, time travel, friendship, school, best friend, werewolf, muggle, ghost, wizard, aftercreditsstinger, magical creature, night bus, teenage life, christmas, school class, based on young adult novel, magic spell, enchant, teen fantasy"
Shrek,05/18/2001 (US),-2001,English,1h 30m,"Animation, Comedy, Fantasy, Adventure, Family","$60,000,000.00 ","$488,628,188.00 ",78,J.M. Barrie,"Mike Myers, Eddie Murphy, Cameron Diaz","It ain't easy bein' green -- especially if you're a likable (albeit smelly) ogre named Shrek. On a mission to retrieve a gorgeous princess from the clutches of a fire-breathing dragon, Shrek teams up with an unlikely compatriot -- a wisecracking donkey.",PG,No original title,"based on novel or book, magic, liberation, lordship, prince, castle, fairy tale, villain, donkey, robin hood, enchantment, swamp, princess, parody, anthropomorphism, dragon, woman director, ogre, cartoon donkey"
